Performing C SOURCE FILE Test CMAKE_HAVE_LIBC_PTHREAD failed with the following output:
Change Dir: /home/rm/catkin_livox_ros_driver2/src/NEXTE_Sentry_Nav/build/CMakeFiles/CMakeTmp

Run Build Command(s):/usr/bin/make cmTC_65e3e/fast && /usr/bin/make -f CMakeFiles/cmTC_65e3e.dir/build.make CMakeFiles/cmTC_65e3e.dir/build
make[1]: 进入目录“/home/rm/catkin_livox_ros_driver2/src/NEXTE_Sentry_Nav/build/CMakeFiles/CMakeTmp”
Building C object CMakeFiles/cmTC_65e3e.dir/src.c.o
/usr/bin/cc   -DCMAKE_HAVE_LIBC_PTHREAD   -o CMakeFiles/cmTC_65e3e.dir/src.c.o   -c /home/rm/catkin_livox_ros_driver2/src/NEXTE_Sentry_Nav/build/CMakeFiles/CMakeTmp/src.c
Linking C executable cmTC_65e3e
/usr/bin/cmake -E cmake_link_script CMakeFiles/cmTC_65e3e.dir/link.txt --verbose=1
/usr/bin/cc  -DCMAKE_HAVE_LIBC_PTHREAD    -rdynamic CMakeFiles/cmTC_65e3e.dir/src.c.o  -o cmTC_65e3e 
/usr/bin/ld: CMakeFiles/cmTC_65e3e.dir/src.c.o: in function `main':
src.c:(.text+0x46): undefined reference to `pthread_create'
/usr/bin/ld: src.c:(.text+0x52): undefined reference to `pthread_detach'
/usr/bin/ld: src.c:(.text+0x63): undefined reference to `pthread_join'
collect2: error: ld returned 1 exit status
make[1]: *** [CMakeFiles/cmTC_65e3e.dir/build.make:87：cmTC_65e3e] 错误 1
make[1]: 离开目录“/home/rm/catkin_livox_ros_driver2/src/NEXTE_Sentry_Nav/build/CMakeFiles/CMakeTmp”
make: *** [Makefile:121：cmTC_65e3e/fast] 错误 2


Source file was:
#include <pthread.h>

void* test_func(void* data)
{
  return data;
}

int main(void)
{
  pthread_t thread;
  pthread_create(&thread, NULL, test_func, NULL);
  pthread_detach(thread);
  pthread_join(thread, NULL);
  pthread_atfork(NULL, NULL, NULL);
  pthread_exit(NULL);

  return 0;
}

Determining if the function pthread_create exists in the pthreads failed with the following output:
Change Dir: /home/rm/catkin_livox_ros_driver2/src/NEXTE_Sentry_Nav/build/CMakeFiles/CMakeTmp

Run Build Command(s):/usr/bin/make cmTC_a4647/fast && /usr/bin/make -f CMakeFiles/cmTC_a4647.dir/build.make CMakeFiles/cmTC_a4647.dir/build
make[1]: 进入目录“/home/rm/catkin_livox_ros_driver2/src/NEXTE_Sentry_Nav/build/CMakeFiles/CMakeTmp”
Building C object CMakeFiles/cmTC_a4647.dir/CheckFunctionExists.c.o
/usr/bin/cc   -DCHECK_FUNCTION_EXISTS=pthread_create   -o CMakeFiles/cmTC_a4647.dir/CheckFunctionExists.c.o   -c /usr/share/cmake-3.16/Modules/CheckFunctionExists.c
Linking C executable cmTC_a4647
/usr/bin/cmake -E cmake_link_script CMakeFiles/cmTC_a4647.dir/link.txt --verbose=1
/usr/bin/cc  -DCHECK_FUNCTION_EXISTS=pthread_create    -rdynamic CMakeFiles/cmTC_a4647.dir/CheckFunctionExists.c.o  -o cmTC_a4647  -lpthreads 
/usr/bin/ld: 找不到 -lpthreads
collect2: error: ld returned 1 exit status
make[1]: *** [CMakeFiles/cmTC_a4647.dir/build.make:87：cmTC_a4647] 错误 1
make[1]: 离开目录“/home/rm/catkin_livox_ros_driver2/src/NEXTE_Sentry_Nav/build/CMakeFiles/CMakeTmp”
make: *** [Makefile:121：cmTC_a4647/fast] 错误 2



Performing C SOURCE FILE Test CMAKE_HAVE_LIBC_PTHREAD failed with the following output:
Change Dir: /home/rm/catkin_livox_ros_driver2/src/NEXTE_Sentry_Nav/build/CMakeFiles/CMakeTmp

Run Build Command(s):/usr/bin/make cmTC_045f2/fast && /usr/bin/make -f CMakeFiles/cmTC_045f2.dir/build.make CMakeFiles/cmTC_045f2.dir/build
make[1]: 进入目录“/home/rm/catkin_livox_ros_driver2/src/NEXTE_Sentry_Nav/build/CMakeFiles/CMakeTmp”
Building C object CMakeFiles/cmTC_045f2.dir/src.c.o
/usr/bin/cc   -DCMAKE_HAVE_LIBC_PTHREAD   -o CMakeFiles/cmTC_045f2.dir/src.c.o   -c /home/rm/catkin_livox_ros_driver2/src/NEXTE_Sentry_Nav/build/CMakeFiles/CMakeTmp/src.c
Linking C executable cmTC_045f2
/usr/bin/cmake -E cmake_link_script CMakeFiles/cmTC_045f2.dir/link.txt --verbose=1
/usr/bin/cc  -DCMAKE_HAVE_LIBC_PTHREAD    -rdynamic CMakeFiles/cmTC_045f2.dir/src.c.o  -o cmTC_045f2 
/usr/bin/ld: CMakeFiles/cmTC_045f2.dir/src.c.o: in function `main':
src.c:(.text+0x46): undefined reference to `pthread_create'
/usr/bin/ld: src.c:(.text+0x52): undefined reference to `pthread_detach'
/usr/bin/ld: src.c:(.text+0x63): undefined reference to `pthread_join'
collect2: error: ld returned 1 exit status
make[1]: *** [CMakeFiles/cmTC_045f2.dir/build.make:87：cmTC_045f2] 错误 1
make[1]: 离开目录“/home/rm/catkin_livox_ros_driver2/src/NEXTE_Sentry_Nav/build/CMakeFiles/CMakeTmp”
make: *** [Makefile:121：cmTC_045f2/fast] 错误 2


Source file was:
#include <pthread.h>

void* test_func(void* data)
{
  return data;
}

int main(void)
{
  pthread_t thread;
  pthread_create(&thread, NULL, test_func, NULL);
  pthread_detach(thread);
  pthread_join(thread, NULL);
  pthread_atfork(NULL, NULL, NULL);
  pthread_exit(NULL);

  return 0;
}

Determining if the function pthread_create exists in the pthreads failed with the following output:
Change Dir: /home/rm/catkin_livox_ros_driver2/src/NEXTE_Sentry_Nav/build/CMakeFiles/CMakeTmp

Run Build Command(s):/usr/bin/make cmTC_e3429/fast && /usr/bin/make -f CMakeFiles/cmTC_e3429.dir/build.make CMakeFiles/cmTC_e3429.dir/build
make[1]: 进入目录“/home/rm/catkin_livox_ros_driver2/src/NEXTE_Sentry_Nav/build/CMakeFiles/CMakeTmp”
Building C object CMakeFiles/cmTC_e3429.dir/CheckFunctionExists.c.o
/usr/bin/cc   -DCHECK_FUNCTION_EXISTS=pthread_create   -o CMakeFiles/cmTC_e3429.dir/CheckFunctionExists.c.o   -c /usr/share/cmake-3.16/Modules/CheckFunctionExists.c
Linking C executable cmTC_e3429
/usr/bin/cmake -E cmake_link_script CMakeFiles/cmTC_e3429.dir/link.txt --verbose=1
/usr/bin/cc  -DCHECK_FUNCTION_EXISTS=pthread_create    -rdynamic CMakeFiles/cmTC_e3429.dir/CheckFunctionExists.c.o  -o cmTC_e3429  -lpthreads 
/usr/bin/ld: 找不到 -lpthreads
collect2: error: ld returned 1 exit status
make[1]: *** [CMakeFiles/cmTC_e3429.dir/build.make:87：cmTC_e3429] 错误 1
make[1]: 离开目录“/home/rm/catkin_livox_ros_driver2/src/NEXTE_Sentry_Nav/build/CMakeFiles/CMakeTmp”
make: *** [Makefile:121：cmTC_e3429/fast] 错误 2



Performing C SOURCE FILE Test CMAKE_HAVE_LIBC_PTHREAD failed with the following output:
Change Dir: /home/rm/catkin_livox_ros_driver2/src/NEXTE_Sentry_Nav/build/CMakeFiles/CMakeTmp

Run Build Command(s):/usr/bin/make cmTC_cb335/fast && /usr/bin/make -f CMakeFiles/cmTC_cb335.dir/build.make CMakeFiles/cmTC_cb335.dir/build
make[1]: 进入目录“/home/rm/catkin_livox_ros_driver2/src/NEXTE_Sentry_Nav/build/CMakeFiles/CMakeTmp”
Building C object CMakeFiles/cmTC_cb335.dir/src.c.o
/usr/bin/cc   -DCMAKE_HAVE_LIBC_PTHREAD   -o CMakeFiles/cmTC_cb335.dir/src.c.o   -c /home/rm/catkin_livox_ros_driver2/src/NEXTE_Sentry_Nav/build/CMakeFiles/CMakeTmp/src.c
Linking C executable cmTC_cb335
/usr/bin/cmake -E cmake_link_script CMakeFiles/cmTC_cb335.dir/link.txt --verbose=1
/usr/bin/cc  -DCMAKE_HAVE_LIBC_PTHREAD    -rdynamic CMakeFiles/cmTC_cb335.dir/src.c.o  -o cmTC_cb335 
/usr/bin/ld: CMakeFiles/cmTC_cb335.dir/src.c.o: in function `main':
src.c:(.text+0x46): undefined reference to `pthread_create'
/usr/bin/ld: src.c:(.text+0x52): undefined reference to `pthread_detach'
/usr/bin/ld: src.c:(.text+0x63): undefined reference to `pthread_join'
collect2: error: ld returned 1 exit status
make[1]: *** [CMakeFiles/cmTC_cb335.dir/build.make:87：cmTC_cb335] 错误 1
make[1]: 离开目录“/home/rm/catkin_livox_ros_driver2/src/NEXTE_Sentry_Nav/build/CMakeFiles/CMakeTmp”
make: *** [Makefile:121：cmTC_cb335/fast] 错误 2


Source file was:
#include <pthread.h>

void* test_func(void* data)
{
  return data;
}

int main(void)
{
  pthread_t thread;
  pthread_create(&thread, NULL, test_func, NULL);
  pthread_detach(thread);
  pthread_join(thread, NULL);
  pthread_atfork(NULL, NULL, NULL);
  pthread_exit(NULL);

  return 0;
}

Determining if the function pthread_create exists in the pthreads failed with the following output:
Change Dir: /home/rm/catkin_livox_ros_driver2/src/NEXTE_Sentry_Nav/build/CMakeFiles/CMakeTmp

Run Build Command(s):/usr/bin/make cmTC_84c69/fast && /usr/bin/make -f CMakeFiles/cmTC_84c69.dir/build.make CMakeFiles/cmTC_84c69.dir/build
make[1]: 进入目录“/home/rm/catkin_livox_ros_driver2/src/NEXTE_Sentry_Nav/build/CMakeFiles/CMakeTmp”
Building C object CMakeFiles/cmTC_84c69.dir/CheckFunctionExists.c.o
/usr/bin/cc   -DCHECK_FUNCTION_EXISTS=pthread_create   -o CMakeFiles/cmTC_84c69.dir/CheckFunctionExists.c.o   -c /usr/share/cmake-3.16/Modules/CheckFunctionExists.c
Linking C executable cmTC_84c69
/usr/bin/cmake -E cmake_link_script CMakeFiles/cmTC_84c69.dir/link.txt --verbose=1
/usr/bin/cc  -DCHECK_FUNCTION_EXISTS=pthread_create    -rdynamic CMakeFiles/cmTC_84c69.dir/CheckFunctionExists.c.o  -o cmTC_84c69  -lpthreads 
/usr/bin/ld: 找不到 -lpthreads
collect2: error: ld returned 1 exit status
make[1]: *** [CMakeFiles/cmTC_84c69.dir/build.make:87：cmTC_84c69] 错误 1
make[1]: 离开目录“/home/rm/catkin_livox_ros_driver2/src/NEXTE_Sentry_Nav/build/CMakeFiles/CMakeTmp”
make: *** [Makefile:121：cmTC_84c69/fast] 错误 2



Performing C SOURCE FILE Test CMAKE_HAVE_LIBC_PTHREAD failed with the following output:
Change Dir: /home/rm/catkin_livox_ros_driver2/src/NEXTE_Sentry_Nav/build/CMakeFiles/CMakeTmp

Run Build Command(s):/usr/bin/make cmTC_d6268/fast && /usr/bin/make -f CMakeFiles/cmTC_d6268.dir/build.make CMakeFiles/cmTC_d6268.dir/build
make[1]: 进入目录“/home/rm/catkin_livox_ros_driver2/src/NEXTE_Sentry_Nav/build/CMakeFiles/CMakeTmp”
Building C object CMakeFiles/cmTC_d6268.dir/src.c.o
/usr/bin/cc   -DCMAKE_HAVE_LIBC_PTHREAD   -o CMakeFiles/cmTC_d6268.dir/src.c.o   -c /home/rm/catkin_livox_ros_driver2/src/NEXTE_Sentry_Nav/build/CMakeFiles/CMakeTmp/src.c
Linking C executable cmTC_d6268
/usr/bin/cmake -E cmake_link_script CMakeFiles/cmTC_d6268.dir/link.txt --verbose=1
/usr/bin/cc  -DCMAKE_HAVE_LIBC_PTHREAD    -rdynamic CMakeFiles/cmTC_d6268.dir/src.c.o  -o cmTC_d6268 
/usr/bin/ld: CMakeFiles/cmTC_d6268.dir/src.c.o: in function `main':
src.c:(.text+0x46): undefined reference to `pthread_create'
/usr/bin/ld: src.c:(.text+0x52): undefined reference to `pthread_detach'
/usr/bin/ld: src.c:(.text+0x63): undefined reference to `pthread_join'
collect2: error: ld returned 1 exit status
make[1]: *** [CMakeFiles/cmTC_d6268.dir/build.make:87：cmTC_d6268] 错误 1
make[1]: 离开目录“/home/rm/catkin_livox_ros_driver2/src/NEXTE_Sentry_Nav/build/CMakeFiles/CMakeTmp”
make: *** [Makefile:121：cmTC_d6268/fast] 错误 2


Source file was:
#include <pthread.h>

void* test_func(void* data)
{
  return data;
}

int main(void)
{
  pthread_t thread;
  pthread_create(&thread, NULL, test_func, NULL);
  pthread_detach(thread);
  pthread_join(thread, NULL);
  pthread_atfork(NULL, NULL, NULL);
  pthread_exit(NULL);

  return 0;
}

Determining if the function pthread_create exists in the pthreads failed with the following output:
Change Dir: /home/rm/catkin_livox_ros_driver2/src/NEXTE_Sentry_Nav/build/CMakeFiles/CMakeTmp

Run Build Command(s):/usr/bin/make cmTC_d1832/fast && /usr/bin/make -f CMakeFiles/cmTC_d1832.dir/build.make CMakeFiles/cmTC_d1832.dir/build
make[1]: 进入目录“/home/rm/catkin_livox_ros_driver2/src/NEXTE_Sentry_Nav/build/CMakeFiles/CMakeTmp”
Building C object CMakeFiles/cmTC_d1832.dir/CheckFunctionExists.c.o
/usr/bin/cc   -DCHECK_FUNCTION_EXISTS=pthread_create   -o CMakeFiles/cmTC_d1832.dir/CheckFunctionExists.c.o   -c /usr/share/cmake-3.16/Modules/CheckFunctionExists.c
Linking C executable cmTC_d1832
/usr/bin/cmake -E cmake_link_script CMakeFiles/cmTC_d1832.dir/link.txt --verbose=1
/usr/bin/cc  -DCHECK_FUNCTION_EXISTS=pthread_create    -rdynamic CMakeFiles/cmTC_d1832.dir/CheckFunctionExists.c.o  -o cmTC_d1832  -lpthreads 
/usr/bin/ld: 找不到 -lpthreads
collect2: error: ld returned 1 exit status
make[1]: *** [CMakeFiles/cmTC_d1832.dir/build.make:87：cmTC_d1832] 错误 1
make[1]: 离开目录“/home/rm/catkin_livox_ros_driver2/src/NEXTE_Sentry_Nav/build/CMakeFiles/CMakeTmp”
make: *** [Makefile:121：cmTC_d1832/fast] 错误 2



Performing C SOURCE FILE Test CMAKE_HAVE_LIBC_PTHREAD failed with the following output:
Change Dir: /home/rm/catkin_livox_ros_driver2/src/NEXTE_Sentry_Nav/build/CMakeFiles/CMakeTmp

Run Build Command(s):/usr/bin/make cmTC_4dca5/fast && /usr/bin/make -f CMakeFiles/cmTC_4dca5.dir/build.make CMakeFiles/cmTC_4dca5.dir/build
make[1]: 进入目录“/home/rm/catkin_livox_ros_driver2/src/NEXTE_Sentry_Nav/build/CMakeFiles/CMakeTmp”
Building C object CMakeFiles/cmTC_4dca5.dir/src.c.o
/usr/bin/cc   -DCMAKE_HAVE_LIBC_PTHREAD   -o CMakeFiles/cmTC_4dca5.dir/src.c.o   -c /home/rm/catkin_livox_ros_driver2/src/NEXTE_Sentry_Nav/build/CMakeFiles/CMakeTmp/src.c
Linking C executable cmTC_4dca5
/usr/bin/cmake -E cmake_link_script CMakeFiles/cmTC_4dca5.dir/link.txt --verbose=1
/usr/bin/cc  -DCMAKE_HAVE_LIBC_PTHREAD    -rdynamic CMakeFiles/cmTC_4dca5.dir/src.c.o  -o cmTC_4dca5 
/usr/bin/ld: CMakeFiles/cmTC_4dca5.dir/src.c.o: in function `main':
src.c:(.text+0x46): undefined reference to `pthread_create'
/usr/bin/ld: src.c:(.text+0x52): undefined reference to `pthread_detach'
/usr/bin/ld: src.c:(.text+0x63): undefined reference to `pthread_join'
collect2: error: ld returned 1 exit status
make[1]: *** [CMakeFiles/cmTC_4dca5.dir/build.make:87：cmTC_4dca5] 错误 1
make[1]: 离开目录“/home/rm/catkin_livox_ros_driver2/src/NEXTE_Sentry_Nav/build/CMakeFiles/CMakeTmp”
make: *** [Makefile:121：cmTC_4dca5/fast] 错误 2


Source file was:
#include <pthread.h>

void* test_func(void* data)
{
  return data;
}

int main(void)
{
  pthread_t thread;
  pthread_create(&thread, NULL, test_func, NULL);
  pthread_detach(thread);
  pthread_join(thread, NULL);
  pthread_atfork(NULL, NULL, NULL);
  pthread_exit(NULL);

  return 0;
}

Determining if the function pthread_create exists in the pthreads failed with the following output:
Change Dir: /home/rm/catkin_livox_ros_driver2/src/NEXTE_Sentry_Nav/build/CMakeFiles/CMakeTmp

Run Build Command(s):/usr/bin/make cmTC_7e0d3/fast && /usr/bin/make -f CMakeFiles/cmTC_7e0d3.dir/build.make CMakeFiles/cmTC_7e0d3.dir/build
make[1]: 进入目录“/home/rm/catkin_livox_ros_driver2/src/NEXTE_Sentry_Nav/build/CMakeFiles/CMakeTmp”
Building C object CMakeFiles/cmTC_7e0d3.dir/CheckFunctionExists.c.o
/usr/bin/cc   -DCHECK_FUNCTION_EXISTS=pthread_create   -o CMakeFiles/cmTC_7e0d3.dir/CheckFunctionExists.c.o   -c /usr/share/cmake-3.16/Modules/CheckFunctionExists.c
Linking C executable cmTC_7e0d3
/usr/bin/cmake -E cmake_link_script CMakeFiles/cmTC_7e0d3.dir/link.txt --verbose=1
/usr/bin/cc  -DCHECK_FUNCTION_EXISTS=pthread_create    -rdynamic CMakeFiles/cmTC_7e0d3.dir/CheckFunctionExists.c.o  -o cmTC_7e0d3  -lpthreads 
/usr/bin/ld: 找不到 -lpthreads
collect2: error: ld returned 1 exit status
make[1]: *** [CMakeFiles/cmTC_7e0d3.dir/build.make:87：cmTC_7e0d3] 错误 1
make[1]: 离开目录“/home/rm/catkin_livox_ros_driver2/src/NEXTE_Sentry_Nav/build/CMakeFiles/CMakeTmp”
make: *** [Makefile:121：cmTC_7e0d3/fast] 错误 2



Performing C SOURCE FILE Test CMAKE_HAVE_LIBC_PTHREAD failed with the following output:
Change Dir: /home/rm/catkin_livox_ros_driver2/src/NEXTE_Sentry_Nav/build/CMakeFiles/CMakeTmp

Run Build Command(s):/usr/bin/make cmTC_1cead/fast && /usr/bin/make -f CMakeFiles/cmTC_1cead.dir/build.make CMakeFiles/cmTC_1cead.dir/build
make[1]: 进入目录“/home/rm/catkin_livox_ros_driver2/src/NEXTE_Sentry_Nav/build/CMakeFiles/CMakeTmp”
Building C object CMakeFiles/cmTC_1cead.dir/src.c.o
/usr/bin/cc   -DCMAKE_HAVE_LIBC_PTHREAD   -o CMakeFiles/cmTC_1cead.dir/src.c.o   -c /home/rm/catkin_livox_ros_driver2/src/NEXTE_Sentry_Nav/build/CMakeFiles/CMakeTmp/src.c
Linking C executable cmTC_1cead
/usr/bin/cmake -E cmake_link_script CMakeFiles/cmTC_1cead.dir/link.txt --verbose=1
/usr/bin/cc  -DCMAKE_HAVE_LIBC_PTHREAD    -rdynamic CMakeFiles/cmTC_1cead.dir/src.c.o  -o cmTC_1cead 
/usr/bin/ld: CMakeFiles/cmTC_1cead.dir/src.c.o: in function `main':
src.c:(.text+0x46): undefined reference to `pthread_create'
/usr/bin/ld: src.c:(.text+0x52): undefined reference to `pthread_detach'
/usr/bin/ld: src.c:(.text+0x63): undefined reference to `pthread_join'
collect2: error: ld returned 1 exit status
make[1]: *** [CMakeFiles/cmTC_1cead.dir/build.make:87：cmTC_1cead] 错误 1
make[1]: 离开目录“/home/rm/catkin_livox_ros_driver2/src/NEXTE_Sentry_Nav/build/CMakeFiles/CMakeTmp”
make: *** [Makefile:121：cmTC_1cead/fast] 错误 2


Source file was:
#include <pthread.h>

void* test_func(void* data)
{
  return data;
}

int main(void)
{
  pthread_t thread;
  pthread_create(&thread, NULL, test_func, NULL);
  pthread_detach(thread);
  pthread_join(thread, NULL);
  pthread_atfork(NULL, NULL, NULL);
  pthread_exit(NULL);

  return 0;
}

Determining if the function pthread_create exists in the pthreads failed with the following output:
Change Dir: /home/rm/catkin_livox_ros_driver2/src/NEXTE_Sentry_Nav/build/CMakeFiles/CMakeTmp

Run Build Command(s):/usr/bin/make cmTC_a50a8/fast && /usr/bin/make -f CMakeFiles/cmTC_a50a8.dir/build.make CMakeFiles/cmTC_a50a8.dir/build
make[1]: 进入目录“/home/rm/catkin_livox_ros_driver2/src/NEXTE_Sentry_Nav/build/CMakeFiles/CMakeTmp”
Building C object CMakeFiles/cmTC_a50a8.dir/CheckFunctionExists.c.o
/usr/bin/cc   -DCHECK_FUNCTION_EXISTS=pthread_create   -o CMakeFiles/cmTC_a50a8.dir/CheckFunctionExists.c.o   -c /usr/share/cmake-3.16/Modules/CheckFunctionExists.c
Linking C executable cmTC_a50a8
/usr/bin/cmake -E cmake_link_script CMakeFiles/cmTC_a50a8.dir/link.txt --verbose=1
/usr/bin/cc  -DCHECK_FUNCTION_EXISTS=pthread_create    -rdynamic CMakeFiles/cmTC_a50a8.dir/CheckFunctionExists.c.o  -o cmTC_a50a8  -lpthreads 
/usr/bin/ld: 找不到 -lpthreads
collect2: error: ld returned 1 exit status
make[1]: *** [CMakeFiles/cmTC_a50a8.dir/build.make:87：cmTC_a50a8] 错误 1
make[1]: 离开目录“/home/rm/catkin_livox_ros_driver2/src/NEXTE_Sentry_Nav/build/CMakeFiles/CMakeTmp”
make: *** [Makefile:121：cmTC_a50a8/fast] 错误 2



Performing C SOURCE FILE Test CMAKE_HAVE_LIBC_PTHREAD failed with the following output:
Change Dir: /home/rm/catkin_livox_ros_driver2/src/NEXTE_Sentry_Nav/build/CMakeFiles/CMakeTmp

Run Build Command(s):/usr/bin/make cmTC_c8f43/fast && /usr/bin/make -f CMakeFiles/cmTC_c8f43.dir/build.make CMakeFiles/cmTC_c8f43.dir/build
make[1]: 进入目录“/home/rm/catkin_livox_ros_driver2/src/NEXTE_Sentry_Nav/build/CMakeFiles/CMakeTmp”
Building C object CMakeFiles/cmTC_c8f43.dir/src.c.o
/usr/bin/cc   -DCMAKE_HAVE_LIBC_PTHREAD   -o CMakeFiles/cmTC_c8f43.dir/src.c.o   -c /home/rm/catkin_livox_ros_driver2/src/NEXTE_Sentry_Nav/build/CMakeFiles/CMakeTmp/src.c
Linking C executable cmTC_c8f43
/usr/bin/cmake -E cmake_link_script CMakeFiles/cmTC_c8f43.dir/link.txt --verbose=1
/usr/bin/cc  -DCMAKE_HAVE_LIBC_PTHREAD    -rdynamic CMakeFiles/cmTC_c8f43.dir/src.c.o  -o cmTC_c8f43 
/usr/bin/ld: CMakeFiles/cmTC_c8f43.dir/src.c.o: in function `main':
src.c:(.text+0x46): undefined reference to `pthread_create'
/usr/bin/ld: src.c:(.text+0x52): undefined reference to `pthread_detach'
/usr/bin/ld: src.c:(.text+0x63): undefined reference to `pthread_join'
collect2: error: ld returned 1 exit status
make[1]: *** [CMakeFiles/cmTC_c8f43.dir/build.make:87：cmTC_c8f43] 错误 1
make[1]: 离开目录“/home/rm/catkin_livox_ros_driver2/src/NEXTE_Sentry_Nav/build/CMakeFiles/CMakeTmp”
make: *** [Makefile:121：cmTC_c8f43/fast] 错误 2


Source file was:
#include <pthread.h>

void* test_func(void* data)
{
  return data;
}

int main(void)
{
  pthread_t thread;
  pthread_create(&thread, NULL, test_func, NULL);
  pthread_detach(thread);
  pthread_join(thread, NULL);
  pthread_atfork(NULL, NULL, NULL);
  pthread_exit(NULL);

  return 0;
}

Determining if the function pthread_create exists in the pthreads failed with the following output:
Change Dir: /home/rm/catkin_livox_ros_driver2/src/NEXTE_Sentry_Nav/build/CMakeFiles/CMakeTmp

Run Build Command(s):/usr/bin/make cmTC_66e6e/fast && /usr/bin/make -f CMakeFiles/cmTC_66e6e.dir/build.make CMakeFiles/cmTC_66e6e.dir/build
make[1]: 进入目录“/home/rm/catkin_livox_ros_driver2/src/NEXTE_Sentry_Nav/build/CMakeFiles/CMakeTmp”
Building C object CMakeFiles/cmTC_66e6e.dir/CheckFunctionExists.c.o
/usr/bin/cc   -DCHECK_FUNCTION_EXISTS=pthread_create   -o CMakeFiles/cmTC_66e6e.dir/CheckFunctionExists.c.o   -c /usr/share/cmake-3.16/Modules/CheckFunctionExists.c
Linking C executable cmTC_66e6e
/usr/bin/cmake -E cmake_link_script CMakeFiles/cmTC_66e6e.dir/link.txt --verbose=1
/usr/bin/cc  -DCHECK_FUNCTION_EXISTS=pthread_create    -rdynamic CMakeFiles/cmTC_66e6e.dir/CheckFunctionExists.c.o  -o cmTC_66e6e  -lpthreads 
/usr/bin/ld: 找不到 -lpthreads
collect2: error: ld returned 1 exit status
make[1]: *** [CMakeFiles/cmTC_66e6e.dir/build.make:87：cmTC_66e6e] 错误 1
make[1]: 离开目录“/home/rm/catkin_livox_ros_driver2/src/NEXTE_Sentry_Nav/build/CMakeFiles/CMakeTmp”
make: *** [Makefile:121：cmTC_66e6e/fast] 错误 2



Performing C SOURCE FILE Test CMAKE_HAVE_LIBC_PTHREAD failed with the following output:
Change Dir: /home/rm/catkin_livox_ros_driver2/src/NEXTE_Sentry_Nav/build/CMakeFiles/CMakeTmp

Run Build Command(s):/usr/bin/make cmTC_b2e45/fast && /usr/bin/make -f CMakeFiles/cmTC_b2e45.dir/build.make CMakeFiles/cmTC_b2e45.dir/build
make[1]: 进入目录“/home/rm/catkin_livox_ros_driver2/src/NEXTE_Sentry_Nav/build/CMakeFiles/CMakeTmp”
Building C object CMakeFiles/cmTC_b2e45.dir/src.c.o
/usr/bin/cc   -DCMAKE_HAVE_LIBC_PTHREAD   -o CMakeFiles/cmTC_b2e45.dir/src.c.o   -c /home/rm/catkin_livox_ros_driver2/src/NEXTE_Sentry_Nav/build/CMakeFiles/CMakeTmp/src.c
Linking C executable cmTC_b2e45
/usr/bin/cmake -E cmake_link_script CMakeFiles/cmTC_b2e45.dir/link.txt --verbose=1
/usr/bin/cc  -DCMAKE_HAVE_LIBC_PTHREAD    -rdynamic CMakeFiles/cmTC_b2e45.dir/src.c.o  -o cmTC_b2e45 
/usr/bin/ld: CMakeFiles/cmTC_b2e45.dir/src.c.o: in function `main':
src.c:(.text+0x46): undefined reference to `pthread_create'
/usr/bin/ld: src.c:(.text+0x52): undefined reference to `pthread_detach'
/usr/bin/ld: src.c:(.text+0x63): undefined reference to `pthread_join'
collect2: error: ld returned 1 exit status
make[1]: *** [CMakeFiles/cmTC_b2e45.dir/build.make:87：cmTC_b2e45] 错误 1
make[1]: 离开目录“/home/rm/catkin_livox_ros_driver2/src/NEXTE_Sentry_Nav/build/CMakeFiles/CMakeTmp”
make: *** [Makefile:121：cmTC_b2e45/fast] 错误 2


Source file was:
#include <pthread.h>

void* test_func(void* data)
{
  return data;
}

int main(void)
{
  pthread_t thread;
  pthread_create(&thread, NULL, test_func, NULL);
  pthread_detach(thread);
  pthread_join(thread, NULL);
  pthread_atfork(NULL, NULL, NULL);
  pthread_exit(NULL);

  return 0;
}

Determining if the function pthread_create exists in the pthreads failed with the following output:
Change Dir: /home/rm/catkin_livox_ros_driver2/src/NEXTE_Sentry_Nav/build/CMakeFiles/CMakeTmp

Run Build Command(s):/usr/bin/make cmTC_f7ace/fast && /usr/bin/make -f CMakeFiles/cmTC_f7ace.dir/build.make CMakeFiles/cmTC_f7ace.dir/build
make[1]: 进入目录“/home/rm/catkin_livox_ros_driver2/src/NEXTE_Sentry_Nav/build/CMakeFiles/CMakeTmp”
Building C object CMakeFiles/cmTC_f7ace.dir/CheckFunctionExists.c.o
/usr/bin/cc   -DCHECK_FUNCTION_EXISTS=pthread_create   -o CMakeFiles/cmTC_f7ace.dir/CheckFunctionExists.c.o   -c /usr/share/cmake-3.16/Modules/CheckFunctionExists.c
Linking C executable cmTC_f7ace
/usr/bin/cmake -E cmake_link_script CMakeFiles/cmTC_f7ace.dir/link.txt --verbose=1
/usr/bin/cc  -DCHECK_FUNCTION_EXISTS=pthread_create    -rdynamic CMakeFiles/cmTC_f7ace.dir/CheckFunctionExists.c.o  -o cmTC_f7ace  -lpthreads 
/usr/bin/ld: 找不到 -lpthreads
collect2: error: ld returned 1 exit status
make[1]: *** [CMakeFiles/cmTC_f7ace.dir/build.make:87：cmTC_f7ace] 错误 1
make[1]: 离开目录“/home/rm/catkin_livox_ros_driver2/src/NEXTE_Sentry_Nav/build/CMakeFiles/CMakeTmp”
make: *** [Makefile:121：cmTC_f7ace/fast] 错误 2



Performing C SOURCE FILE Test CMAKE_HAVE_LIBC_PTHREAD failed with the following output:
Change Dir: /home/rm/catkin_livox_ros_driver2/src/NEXTE_Sentry_Nav/build/CMakeFiles/CMakeTmp

Run Build Command(s):/usr/bin/make cmTC_34b3c/fast && /usr/bin/make -f CMakeFiles/cmTC_34b3c.dir/build.make CMakeFiles/cmTC_34b3c.dir/build
make[1]: 进入目录“/home/rm/catkin_livox_ros_driver2/src/NEXTE_Sentry_Nav/build/CMakeFiles/CMakeTmp”
Building C object CMakeFiles/cmTC_34b3c.dir/src.c.o
/usr/bin/cc   -DCMAKE_HAVE_LIBC_PTHREAD   -o CMakeFiles/cmTC_34b3c.dir/src.c.o   -c /home/rm/catkin_livox_ros_driver2/src/NEXTE_Sentry_Nav/build/CMakeFiles/CMakeTmp/src.c
Linking C executable cmTC_34b3c
/usr/bin/cmake -E cmake_link_script CMakeFiles/cmTC_34b3c.dir/link.txt --verbose=1
/usr/bin/cc  -DCMAKE_HAVE_LIBC_PTHREAD    -rdynamic CMakeFiles/cmTC_34b3c.dir/src.c.o  -o cmTC_34b3c 
/usr/bin/ld: CMakeFiles/cmTC_34b3c.dir/src.c.o: in function `main':
src.c:(.text+0x46): undefined reference to `pthread_create'
/usr/bin/ld: src.c:(.text+0x52): undefined reference to `pthread_detach'
/usr/bin/ld: src.c:(.text+0x63): undefined reference to `pthread_join'
collect2: error: ld returned 1 exit status
make[1]: *** [CMakeFiles/cmTC_34b3c.dir/build.make:87：cmTC_34b3c] 错误 1
make[1]: 离开目录“/home/rm/catkin_livox_ros_driver2/src/NEXTE_Sentry_Nav/build/CMakeFiles/CMakeTmp”
make: *** [Makefile:121：cmTC_34b3c/fast] 错误 2


Source file was:
#include <pthread.h>

void* test_func(void* data)
{
  return data;
}

int main(void)
{
  pthread_t thread;
  pthread_create(&thread, NULL, test_func, NULL);
  pthread_detach(thread);
  pthread_join(thread, NULL);
  pthread_atfork(NULL, NULL, NULL);
  pthread_exit(NULL);

  return 0;
}

Determining if the function pthread_create exists in the pthreads failed with the following output:
Change Dir: /home/rm/catkin_livox_ros_driver2/src/NEXTE_Sentry_Nav/build/CMakeFiles/CMakeTmp

Run Build Command(s):/usr/bin/make cmTC_38019/fast && /usr/bin/make -f CMakeFiles/cmTC_38019.dir/build.make CMakeFiles/cmTC_38019.dir/build
make[1]: 进入目录“/home/rm/catkin_livox_ros_driver2/src/NEXTE_Sentry_Nav/build/CMakeFiles/CMakeTmp”
Building C object CMakeFiles/cmTC_38019.dir/CheckFunctionExists.c.o
/usr/bin/cc   -DCHECK_FUNCTION_EXISTS=pthread_create   -o CMakeFiles/cmTC_38019.dir/CheckFunctionExists.c.o   -c /usr/share/cmake-3.16/Modules/CheckFunctionExists.c
Linking C executable cmTC_38019
/usr/bin/cmake -E cmake_link_script CMakeFiles/cmTC_38019.dir/link.txt --verbose=1
/usr/bin/cc  -DCHECK_FUNCTION_EXISTS=pthread_create    -rdynamic CMakeFiles/cmTC_38019.dir/CheckFunctionExists.c.o  -o cmTC_38019  -lpthreads 
/usr/bin/ld: 找不到 -lpthreads
collect2: error: ld returned 1 exit status
make[1]: *** [CMakeFiles/cmTC_38019.dir/build.make:87：cmTC_38019] 错误 1
make[1]: 离开目录“/home/rm/catkin_livox_ros_driver2/src/NEXTE_Sentry_Nav/build/CMakeFiles/CMakeTmp”
make: *** [Makefile:121：cmTC_38019/fast] 错误 2



Performing C SOURCE FILE Test CMAKE_HAVE_LIBC_PTHREAD failed with the following output:
Change Dir: /home/rm/catkin_livox_ros_driver2/src/NEXTE_Sentry_Nav/build/CMakeFiles/CMakeTmp

Run Build Command(s):/usr/bin/make cmTC_de563/fast && /usr/bin/make -f CMakeFiles/cmTC_de563.dir/build.make CMakeFiles/cmTC_de563.dir/build
make[1]: 进入目录“/home/rm/catkin_livox_ros_driver2/src/NEXTE_Sentry_Nav/build/CMakeFiles/CMakeTmp”
Building C object CMakeFiles/cmTC_de563.dir/src.c.o
/usr/bin/cc   -DCMAKE_HAVE_LIBC_PTHREAD   -o CMakeFiles/cmTC_de563.dir/src.c.o   -c /home/rm/catkin_livox_ros_driver2/src/NEXTE_Sentry_Nav/build/CMakeFiles/CMakeTmp/src.c
Linking C executable cmTC_de563
/usr/bin/cmake -E cmake_link_script CMakeFiles/cmTC_de563.dir/link.txt --verbose=1
/usr/bin/cc  -DCMAKE_HAVE_LIBC_PTHREAD    -rdynamic CMakeFiles/cmTC_de563.dir/src.c.o  -o cmTC_de563 
/usr/bin/ld: CMakeFiles/cmTC_de563.dir/src.c.o: in function `main':
src.c:(.text+0x46): undefined reference to `pthread_create'
/usr/bin/ld: src.c:(.text+0x52): undefined reference to `pthread_detach'
/usr/bin/ld: src.c:(.text+0x63): undefined reference to `pthread_join'
collect2: error: ld returned 1 exit status
make[1]: *** [CMakeFiles/cmTC_de563.dir/build.make:87：cmTC_de563] 错误 1
make[1]: 离开目录“/home/rm/catkin_livox_ros_driver2/src/NEXTE_Sentry_Nav/build/CMakeFiles/CMakeTmp”
make: *** [Makefile:121：cmTC_de563/fast] 错误 2


Source file was:
#include <pthread.h>

void* test_func(void* data)
{
  return data;
}

int main(void)
{
  pthread_t thread;
  pthread_create(&thread, NULL, test_func, NULL);
  pthread_detach(thread);
  pthread_join(thread, NULL);
  pthread_atfork(NULL, NULL, NULL);
  pthread_exit(NULL);

  return 0;
}

Determining if the function pthread_create exists in the pthreads failed with the following output:
Change Dir: /home/rm/catkin_livox_ros_driver2/src/NEXTE_Sentry_Nav/build/CMakeFiles/CMakeTmp

Run Build Command(s):/usr/bin/make cmTC_64bdc/fast && /usr/bin/make -f CMakeFiles/cmTC_64bdc.dir/build.make CMakeFiles/cmTC_64bdc.dir/build
make[1]: 进入目录“/home/rm/catkin_livox_ros_driver2/src/NEXTE_Sentry_Nav/build/CMakeFiles/CMakeTmp”
Building C object CMakeFiles/cmTC_64bdc.dir/CheckFunctionExists.c.o
/usr/bin/cc   -DCHECK_FUNCTION_EXISTS=pthread_create   -o CMakeFiles/cmTC_64bdc.dir/CheckFunctionExists.c.o   -c /usr/share/cmake-3.16/Modules/CheckFunctionExists.c
Linking C executable cmTC_64bdc
/usr/bin/cmake -E cmake_link_script CMakeFiles/cmTC_64bdc.dir/link.txt --verbose=1
/usr/bin/cc  -DCHECK_FUNCTION_EXISTS=pthread_create    -rdynamic CMakeFiles/cmTC_64bdc.dir/CheckFunctionExists.c.o  -o cmTC_64bdc  -lpthreads 
/usr/bin/ld: 找不到 -lpthreads
collect2: error: ld returned 1 exit status
make[1]: *** [CMakeFiles/cmTC_64bdc.dir/build.make:87：cmTC_64bdc] 错误 1
make[1]: 离开目录“/home/rm/catkin_livox_ros_driver2/src/NEXTE_Sentry_Nav/build/CMakeFiles/CMakeTmp”
make: *** [Makefile:121：cmTC_64bdc/fast] 错误 2



Performing C SOURCE FILE Test CMAKE_HAVE_LIBC_PTHREAD failed with the following output:
Change Dir: /home/rm/catkin_livox_ros_driver2/src/NEXTE_Sentry_Nav/build/CMakeFiles/CMakeTmp

Run Build Command(s):/usr/bin/make cmTC_bf60f/fast && /usr/bin/make -f CMakeFiles/cmTC_bf60f.dir/build.make CMakeFiles/cmTC_bf60f.dir/build
make[1]: 进入目录“/home/rm/catkin_livox_ros_driver2/src/NEXTE_Sentry_Nav/build/CMakeFiles/CMakeTmp”
Building C object CMakeFiles/cmTC_bf60f.dir/src.c.o
/usr/bin/cc   -DCMAKE_HAVE_LIBC_PTHREAD   -o CMakeFiles/cmTC_bf60f.dir/src.c.o   -c /home/rm/catkin_livox_ros_driver2/src/NEXTE_Sentry_Nav/build/CMakeFiles/CMakeTmp/src.c
Linking C executable cmTC_bf60f
/usr/bin/cmake -E cmake_link_script CMakeFiles/cmTC_bf60f.dir/link.txt --verbose=1
/usr/bin/cc  -DCMAKE_HAVE_LIBC_PTHREAD    -rdynamic CMakeFiles/cmTC_bf60f.dir/src.c.o  -o cmTC_bf60f 
/usr/bin/ld: CMakeFiles/cmTC_bf60f.dir/src.c.o: in function `main':
src.c:(.text+0x46): undefined reference to `pthread_create'
/usr/bin/ld: src.c:(.text+0x52): undefined reference to `pthread_detach'
/usr/bin/ld: src.c:(.text+0x63): undefined reference to `pthread_join'
collect2: error: ld returned 1 exit status
make[1]: *** [CMakeFiles/cmTC_bf60f.dir/build.make:87：cmTC_bf60f] 错误 1
make[1]: 离开目录“/home/rm/catkin_livox_ros_driver2/src/NEXTE_Sentry_Nav/build/CMakeFiles/CMakeTmp”
make: *** [Makefile:121：cmTC_bf60f/fast] 错误 2


Source file was:
#include <pthread.h>

void* test_func(void* data)
{
  return data;
}

int main(void)
{
  pthread_t thread;
  pthread_create(&thread, NULL, test_func, NULL);
  pthread_detach(thread);
  pthread_join(thread, NULL);
  pthread_atfork(NULL, NULL, NULL);
  pthread_exit(NULL);

  return 0;
}

Determining if the function pthread_create exists in the pthreads failed with the following output:
Change Dir: /home/rm/catkin_livox_ros_driver2/src/NEXTE_Sentry_Nav/build/CMakeFiles/CMakeTmp

Run Build Command(s):/usr/bin/make cmTC_b41d4/fast && /usr/bin/make -f CMakeFiles/cmTC_b41d4.dir/build.make CMakeFiles/cmTC_b41d4.dir/build
make[1]: 进入目录“/home/rm/catkin_livox_ros_driver2/src/NEXTE_Sentry_Nav/build/CMakeFiles/CMakeTmp”
Building C object CMakeFiles/cmTC_b41d4.dir/CheckFunctionExists.c.o
/usr/bin/cc   -DCHECK_FUNCTION_EXISTS=pthread_create   -o CMakeFiles/cmTC_b41d4.dir/CheckFunctionExists.c.o   -c /usr/share/cmake-3.16/Modules/CheckFunctionExists.c
Linking C executable cmTC_b41d4
/usr/bin/cmake -E cmake_link_script CMakeFiles/cmTC_b41d4.dir/link.txt --verbose=1
/usr/bin/cc  -DCHECK_FUNCTION_EXISTS=pthread_create    -rdynamic CMakeFiles/cmTC_b41d4.dir/CheckFunctionExists.c.o  -o cmTC_b41d4  -lpthreads 
/usr/bin/ld: 找不到 -lpthreads
collect2: error: ld returned 1 exit status
make[1]: *** [CMakeFiles/cmTC_b41d4.dir/build.make:87：cmTC_b41d4] 错误 1
make[1]: 离开目录“/home/rm/catkin_livox_ros_driver2/src/NEXTE_Sentry_Nav/build/CMakeFiles/CMakeTmp”
make: *** [Makefile:121：cmTC_b41d4/fast] 错误 2



Performing C SOURCE FILE Test CMAKE_HAVE_LIBC_PTHREAD failed with the following output:
Change Dir: /home/rm/catkin_livox_ros_driver2/src/NEXTE_Sentry_Nav/build/CMakeFiles/CMakeTmp

Run Build Command(s):/usr/bin/make cmTC_b4412/fast && /usr/bin/make -f CMakeFiles/cmTC_b4412.dir/build.make CMakeFiles/cmTC_b4412.dir/build
make[1]: 进入目录“/home/rm/catkin_livox_ros_driver2/src/NEXTE_Sentry_Nav/build/CMakeFiles/CMakeTmp”
Building C object CMakeFiles/cmTC_b4412.dir/src.c.o
/usr/bin/cc   -DCMAKE_HAVE_LIBC_PTHREAD   -o CMakeFiles/cmTC_b4412.dir/src.c.o   -c /home/rm/catkin_livox_ros_driver2/src/NEXTE_Sentry_Nav/build/CMakeFiles/CMakeTmp/src.c
Linking C executable cmTC_b4412
/usr/bin/cmake -E cmake_link_script CMakeFiles/cmTC_b4412.dir/link.txt --verbose=1
/usr/bin/cc  -DCMAKE_HAVE_LIBC_PTHREAD    -rdynamic CMakeFiles/cmTC_b4412.dir/src.c.o  -o cmTC_b4412 
/usr/bin/ld: CMakeFiles/cmTC_b4412.dir/src.c.o: in function `main':
src.c:(.text+0x46): undefined reference to `pthread_create'
/usr/bin/ld: src.c:(.text+0x52): undefined reference to `pthread_detach'
/usr/bin/ld: src.c:(.text+0x63): undefined reference to `pthread_join'
collect2: error: ld returned 1 exit status
make[1]: *** [CMakeFiles/cmTC_b4412.dir/build.make:87：cmTC_b4412] 错误 1
make[1]: 离开目录“/home/rm/catkin_livox_ros_driver2/src/NEXTE_Sentry_Nav/build/CMakeFiles/CMakeTmp”
make: *** [Makefile:121：cmTC_b4412/fast] 错误 2


Source file was:
#include <pthread.h>

void* test_func(void* data)
{
  return data;
}

int main(void)
{
  pthread_t thread;
  pthread_create(&thread, NULL, test_func, NULL);
  pthread_detach(thread);
  pthread_join(thread, NULL);
  pthread_atfork(NULL, NULL, NULL);
  pthread_exit(NULL);

  return 0;
}

Determining if the function pthread_create exists in the pthreads failed with the following output:
Change Dir: /home/rm/catkin_livox_ros_driver2/src/NEXTE_Sentry_Nav/build/CMakeFiles/CMakeTmp

Run Build Command(s):/usr/bin/make cmTC_1b6ed/fast && /usr/bin/make -f CMakeFiles/cmTC_1b6ed.dir/build.make CMakeFiles/cmTC_1b6ed.dir/build
make[1]: 进入目录“/home/rm/catkin_livox_ros_driver2/src/NEXTE_Sentry_Nav/build/CMakeFiles/CMakeTmp”
Building C object CMakeFiles/cmTC_1b6ed.dir/CheckFunctionExists.c.o
/usr/bin/cc   -DCHECK_FUNCTION_EXISTS=pthread_create   -o CMakeFiles/cmTC_1b6ed.dir/CheckFunctionExists.c.o   -c /usr/share/cmake-3.16/Modules/CheckFunctionExists.c
Linking C executable cmTC_1b6ed
/usr/bin/cmake -E cmake_link_script CMakeFiles/cmTC_1b6ed.dir/link.txt --verbose=1
/usr/bin/cc  -DCHECK_FUNCTION_EXISTS=pthread_create    -rdynamic CMakeFiles/cmTC_1b6ed.dir/CheckFunctionExists.c.o  -o cmTC_1b6ed  -lpthreads 
/usr/bin/ld: 找不到 -lpthreads
collect2: error: ld returned 1 exit status
make[1]: *** [CMakeFiles/cmTC_1b6ed.dir/build.make:87：cmTC_1b6ed] 错误 1
make[1]: 离开目录“/home/rm/catkin_livox_ros_driver2/src/NEXTE_Sentry_Nav/build/CMakeFiles/CMakeTmp”
make: *** [Makefile:121：cmTC_1b6ed/fast] 错误 2



Performing C SOURCE FILE Test CMAKE_HAVE_LIBC_PTHREAD failed with the following output:
Change Dir: /home/rm/catkin_livox_ros_driver2/src/NEXTE_Sentry_Nav/build/CMakeFiles/CMakeTmp

Run Build Command(s):/usr/bin/make cmTC_6b21c/fast && /usr/bin/make -f CMakeFiles/cmTC_6b21c.dir/build.make CMakeFiles/cmTC_6b21c.dir/build
make[1]: 进入目录“/home/rm/catkin_livox_ros_driver2/src/NEXTE_Sentry_Nav/build/CMakeFiles/CMakeTmp”
Building C object CMakeFiles/cmTC_6b21c.dir/src.c.o
/usr/bin/cc   -DCMAKE_HAVE_LIBC_PTHREAD   -o CMakeFiles/cmTC_6b21c.dir/src.c.o   -c /home/rm/catkin_livox_ros_driver2/src/NEXTE_Sentry_Nav/build/CMakeFiles/CMakeTmp/src.c
Linking C executable cmTC_6b21c
/usr/bin/cmake -E cmake_link_script CMakeFiles/cmTC_6b21c.dir/link.txt --verbose=1
/usr/bin/cc  -DCMAKE_HAVE_LIBC_PTHREAD    -rdynamic CMakeFiles/cmTC_6b21c.dir/src.c.o  -o cmTC_6b21c 
/usr/bin/ld: CMakeFiles/cmTC_6b21c.dir/src.c.o: in function `main':
src.c:(.text+0x46): undefined reference to `pthread_create'
/usr/bin/ld: src.c:(.text+0x52): undefined reference to `pthread_detach'
/usr/bin/ld: src.c:(.text+0x63): undefined reference to `pthread_join'
collect2: error: ld returned 1 exit status
make[1]: *** [CMakeFiles/cmTC_6b21c.dir/build.make:87：cmTC_6b21c] 错误 1
make[1]: 离开目录“/home/rm/catkin_livox_ros_driver2/src/NEXTE_Sentry_Nav/build/CMakeFiles/CMakeTmp”
make: *** [Makefile:121：cmTC_6b21c/fast] 错误 2


Source file was:
#include <pthread.h>

void* test_func(void* data)
{
  return data;
}

int main(void)
{
  pthread_t thread;
  pthread_create(&thread, NULL, test_func, NULL);
  pthread_detach(thread);
  pthread_join(thread, NULL);
  pthread_atfork(NULL, NULL, NULL);
  pthread_exit(NULL);

  return 0;
}

Determining if the function pthread_create exists in the pthreads failed with the following output:
Change Dir: /home/rm/catkin_livox_ros_driver2/src/NEXTE_Sentry_Nav/build/CMakeFiles/CMakeTmp

Run Build Command(s):/usr/bin/make cmTC_72274/fast && /usr/bin/make -f CMakeFiles/cmTC_72274.dir/build.make CMakeFiles/cmTC_72274.dir/build
make[1]: 进入目录“/home/rm/catkin_livox_ros_driver2/src/NEXTE_Sentry_Nav/build/CMakeFiles/CMakeTmp”
Building C object CMakeFiles/cmTC_72274.dir/CheckFunctionExists.c.o
/usr/bin/cc   -DCHECK_FUNCTION_EXISTS=pthread_create   -o CMakeFiles/cmTC_72274.dir/CheckFunctionExists.c.o   -c /usr/share/cmake-3.16/Modules/CheckFunctionExists.c
Linking C executable cmTC_72274
/usr/bin/cmake -E cmake_link_script CMakeFiles/cmTC_72274.dir/link.txt --verbose=1
/usr/bin/cc  -DCHECK_FUNCTION_EXISTS=pthread_create    -rdynamic CMakeFiles/cmTC_72274.dir/CheckFunctionExists.c.o  -o cmTC_72274  -lpthreads 
/usr/bin/ld: 找不到 -lpthreads
collect2: error: ld returned 1 exit status
make[1]: *** [CMakeFiles/cmTC_72274.dir/build.make:87：cmTC_72274] 错误 1
make[1]: 离开目录“/home/rm/catkin_livox_ros_driver2/src/NEXTE_Sentry_Nav/build/CMakeFiles/CMakeTmp”
make: *** [Makefile:121：cmTC_72274/fast] 错误 2



Performing C SOURCE FILE Test CMAKE_HAVE_LIBC_PTHREAD failed with the following output:
Change Dir: /home/rm/catkin_livox_ros_driver2/src/NEXTE_Sentry_Nav/build/CMakeFiles/CMakeTmp

Run Build Command(s):/usr/bin/make cmTC_5acbe/fast && /usr/bin/make -f CMakeFiles/cmTC_5acbe.dir/build.make CMakeFiles/cmTC_5acbe.dir/build
make[1]: 进入目录“/home/rm/catkin_livox_ros_driver2/src/NEXTE_Sentry_Nav/build/CMakeFiles/CMakeTmp”
Building C object CMakeFiles/cmTC_5acbe.dir/src.c.o
/usr/bin/cc   -DCMAKE_HAVE_LIBC_PTHREAD   -o CMakeFiles/cmTC_5acbe.dir/src.c.o   -c /home/rm/catkin_livox_ros_driver2/src/NEXTE_Sentry_Nav/build/CMakeFiles/CMakeTmp/src.c
Linking C executable cmTC_5acbe
/usr/bin/cmake -E cmake_link_script CMakeFiles/cmTC_5acbe.dir/link.txt --verbose=1
/usr/bin/cc  -DCMAKE_HAVE_LIBC_PTHREAD    -rdynamic CMakeFiles/cmTC_5acbe.dir/src.c.o  -o cmTC_5acbe 
/usr/bin/ld: CMakeFiles/cmTC_5acbe.dir/src.c.o: in function `main':
src.c:(.text+0x46): undefined reference to `pthread_create'
/usr/bin/ld: src.c:(.text+0x52): undefined reference to `pthread_detach'
/usr/bin/ld: src.c:(.text+0x63): undefined reference to `pthread_join'
collect2: error: ld returned 1 exit status
make[1]: *** [CMakeFiles/cmTC_5acbe.dir/build.make:87：cmTC_5acbe] 错误 1
make[1]: 离开目录“/home/rm/catkin_livox_ros_driver2/src/NEXTE_Sentry_Nav/build/CMakeFiles/CMakeTmp”
make: *** [Makefile:121：cmTC_5acbe/fast] 错误 2


Source file was:
#include <pthread.h>

void* test_func(void* data)
{
  return data;
}

int main(void)
{
  pthread_t thread;
  pthread_create(&thread, NULL, test_func, NULL);
  pthread_detach(thread);
  pthread_join(thread, NULL);
  pthread_atfork(NULL, NULL, NULL);
  pthread_exit(NULL);

  return 0;
}

Determining if the function pthread_create exists in the pthreads failed with the following output:
Change Dir: /home/rm/catkin_livox_ros_driver2/src/NEXTE_Sentry_Nav/build/CMakeFiles/CMakeTmp

Run Build Command(s):/usr/bin/make cmTC_59865/fast && /usr/bin/make -f CMakeFiles/cmTC_59865.dir/build.make CMakeFiles/cmTC_59865.dir/build
make[1]: 进入目录“/home/rm/catkin_livox_ros_driver2/src/NEXTE_Sentry_Nav/build/CMakeFiles/CMakeTmp”
Building C object CMakeFiles/cmTC_59865.dir/CheckFunctionExists.c.o
/usr/bin/cc   -DCHECK_FUNCTION_EXISTS=pthread_create   -o CMakeFiles/cmTC_59865.dir/CheckFunctionExists.c.o   -c /usr/share/cmake-3.16/Modules/CheckFunctionExists.c
Linking C executable cmTC_59865
/usr/bin/cmake -E cmake_link_script CMakeFiles/cmTC_59865.dir/link.txt --verbose=1
/usr/bin/cc  -DCHECK_FUNCTION_EXISTS=pthread_create    -rdynamic CMakeFiles/cmTC_59865.dir/CheckFunctionExists.c.o  -o cmTC_59865  -lpthreads 
/usr/bin/ld: 找不到 -lpthreads
collect2: error: ld returned 1 exit status
make[1]: *** [CMakeFiles/cmTC_59865.dir/build.make:87：cmTC_59865] 错误 1
make[1]: 离开目录“/home/rm/catkin_livox_ros_driver2/src/NEXTE_Sentry_Nav/build/CMakeFiles/CMakeTmp”
make: *** [Makefile:121：cmTC_59865/fast] 错误 2



Performing C SOURCE FILE Test CMAKE_HAVE_LIBC_PTHREAD failed with the following output:
Change Dir: /home/rm/catkin_livox_ros_driver2/src/NEXTE_Sentry_Nav/build/CMakeFiles/CMakeTmp

Run Build Command(s):/usr/bin/make cmTC_f9b9d/fast && /usr/bin/make -f CMakeFiles/cmTC_f9b9d.dir/build.make CMakeFiles/cmTC_f9b9d.dir/build
make[1]: 进入目录“/home/rm/catkin_livox_ros_driver2/src/NEXTE_Sentry_Nav/build/CMakeFiles/CMakeTmp”
Building C object CMakeFiles/cmTC_f9b9d.dir/src.c.o
/usr/bin/cc   -DCMAKE_HAVE_LIBC_PTHREAD   -o CMakeFiles/cmTC_f9b9d.dir/src.c.o   -c /home/rm/catkin_livox_ros_driver2/src/NEXTE_Sentry_Nav/build/CMakeFiles/CMakeTmp/src.c
Linking C executable cmTC_f9b9d
/usr/bin/cmake -E cmake_link_script CMakeFiles/cmTC_f9b9d.dir/link.txt --verbose=1
/usr/bin/cc  -DCMAKE_HAVE_LIBC_PTHREAD    -rdynamic CMakeFiles/cmTC_f9b9d.dir/src.c.o  -o cmTC_f9b9d 
/usr/bin/ld: CMakeFiles/cmTC_f9b9d.dir/src.c.o: in function `main':
src.c:(.text+0x46): undefined reference to `pthread_create'
/usr/bin/ld: src.c:(.text+0x52): undefined reference to `pthread_detach'
/usr/bin/ld: src.c:(.text+0x63): undefined reference to `pthread_join'
collect2: error: ld returned 1 exit status
make[1]: *** [CMakeFiles/cmTC_f9b9d.dir/build.make:87：cmTC_f9b9d] 错误 1
make[1]: 离开目录“/home/rm/catkin_livox_ros_driver2/src/NEXTE_Sentry_Nav/build/CMakeFiles/CMakeTmp”
make: *** [Makefile:121：cmTC_f9b9d/fast] 错误 2


Source file was:
#include <pthread.h>

void* test_func(void* data)
{
  return data;
}

int main(void)
{
  pthread_t thread;
  pthread_create(&thread, NULL, test_func, NULL);
  pthread_detach(thread);
  pthread_join(thread, NULL);
  pthread_atfork(NULL, NULL, NULL);
  pthread_exit(NULL);

  return 0;
}

Determining if the function pthread_create exists in the pthreads failed with the following output:
Change Dir: /home/rm/catkin_livox_ros_driver2/src/NEXTE_Sentry_Nav/build/CMakeFiles/CMakeTmp

Run Build Command(s):/usr/bin/make cmTC_94277/fast && /usr/bin/make -f CMakeFiles/cmTC_94277.dir/build.make CMakeFiles/cmTC_94277.dir/build
make[1]: 进入目录“/home/rm/catkin_livox_ros_driver2/src/NEXTE_Sentry_Nav/build/CMakeFiles/CMakeTmp”
Building C object CMakeFiles/cmTC_94277.dir/CheckFunctionExists.c.o
/usr/bin/cc   -DCHECK_FUNCTION_EXISTS=pthread_create   -o CMakeFiles/cmTC_94277.dir/CheckFunctionExists.c.o   -c /usr/share/cmake-3.16/Modules/CheckFunctionExists.c
Linking C executable cmTC_94277
/usr/bin/cmake -E cmake_link_script CMakeFiles/cmTC_94277.dir/link.txt --verbose=1
/usr/bin/cc  -DCHECK_FUNCTION_EXISTS=pthread_create    -rdynamic CMakeFiles/cmTC_94277.dir/CheckFunctionExists.c.o  -o cmTC_94277  -lpthreads 
/usr/bin/ld: 找不到 -lpthreads
collect2: error: ld returned 1 exit status
make[1]: *** [CMakeFiles/cmTC_94277.dir/build.make:87：cmTC_94277] 错误 1
make[1]: 离开目录“/home/rm/catkin_livox_ros_driver2/src/NEXTE_Sentry_Nav/build/CMakeFiles/CMakeTmp”
make: *** [Makefile:121：cmTC_94277/fast] 错误 2



Performing C SOURCE FILE Test CMAKE_HAVE_LIBC_PTHREAD failed with the following output:
Change Dir: /home/rm/catkin_livox_ros_driver2/src/NEXTE_Sentry_Nav/build/CMakeFiles/CMakeTmp

Run Build Command(s):/usr/bin/make cmTC_9aa98/fast && /usr/bin/make -f CMakeFiles/cmTC_9aa98.dir/build.make CMakeFiles/cmTC_9aa98.dir/build
make[1]: 进入目录“/home/rm/catkin_livox_ros_driver2/src/NEXTE_Sentry_Nav/build/CMakeFiles/CMakeTmp”
Building C object CMakeFiles/cmTC_9aa98.dir/src.c.o
/usr/bin/cc   -DCMAKE_HAVE_LIBC_PTHREAD   -o CMakeFiles/cmTC_9aa98.dir/src.c.o   -c /home/rm/catkin_livox_ros_driver2/src/NEXTE_Sentry_Nav/build/CMakeFiles/CMakeTmp/src.c
Linking C executable cmTC_9aa98
/usr/bin/cmake -E cmake_link_script CMakeFiles/cmTC_9aa98.dir/link.txt --verbose=1
/usr/bin/cc  -DCMAKE_HAVE_LIBC_PTHREAD    -rdynamic CMakeFiles/cmTC_9aa98.dir/src.c.o  -o cmTC_9aa98 
/usr/bin/ld: CMakeFiles/cmTC_9aa98.dir/src.c.o: in function `main':
src.c:(.text+0x46): undefined reference to `pthread_create'
/usr/bin/ld: src.c:(.text+0x52): undefined reference to `pthread_detach'
/usr/bin/ld: src.c:(.text+0x63): undefined reference to `pthread_join'
collect2: error: ld returned 1 exit status
make[1]: *** [CMakeFiles/cmTC_9aa98.dir/build.make:87：cmTC_9aa98] 错误 1
make[1]: 离开目录“/home/rm/catkin_livox_ros_driver2/src/NEXTE_Sentry_Nav/build/CMakeFiles/CMakeTmp”
make: *** [Makefile:121：cmTC_9aa98/fast] 错误 2


Source file was:
#include <pthread.h>

void* test_func(void* data)
{
  return data;
}

int main(void)
{
  pthread_t thread;
  pthread_create(&thread, NULL, test_func, NULL);
  pthread_detach(thread);
  pthread_join(thread, NULL);
  pthread_atfork(NULL, NULL, NULL);
  pthread_exit(NULL);

  return 0;
}

Determining if the function pthread_create exists in the pthreads failed with the following output:
Change Dir: /home/rm/catkin_livox_ros_driver2/src/NEXTE_Sentry_Nav/build/CMakeFiles/CMakeTmp

Run Build Command(s):/usr/bin/make cmTC_6cbbd/fast && /usr/bin/make -f CMakeFiles/cmTC_6cbbd.dir/build.make CMakeFiles/cmTC_6cbbd.dir/build
make[1]: 进入目录“/home/rm/catkin_livox_ros_driver2/src/NEXTE_Sentry_Nav/build/CMakeFiles/CMakeTmp”
Building C object CMakeFiles/cmTC_6cbbd.dir/CheckFunctionExists.c.o
/usr/bin/cc   -DCHECK_FUNCTION_EXISTS=pthread_create   -o CMakeFiles/cmTC_6cbbd.dir/CheckFunctionExists.c.o   -c /usr/share/cmake-3.16/Modules/CheckFunctionExists.c
Linking C executable cmTC_6cbbd
/usr/bin/cmake -E cmake_link_script CMakeFiles/cmTC_6cbbd.dir/link.txt --verbose=1
/usr/bin/cc  -DCHECK_FUNCTION_EXISTS=pthread_create    -rdynamic CMakeFiles/cmTC_6cbbd.dir/CheckFunctionExists.c.o  -o cmTC_6cbbd  -lpthreads 
/usr/bin/ld: 找不到 -lpthreads
collect2: error: ld returned 1 exit status
make[1]: *** [CMakeFiles/cmTC_6cbbd.dir/build.make:87：cmTC_6cbbd] 错误 1
make[1]: 离开目录“/home/rm/catkin_livox_ros_driver2/src/NEXTE_Sentry_Nav/build/CMakeFiles/CMakeTmp”
make: *** [Makefile:121：cmTC_6cbbd/fast] 错误 2



Performing C SOURCE FILE Test CMAKE_HAVE_LIBC_PTHREAD failed with the following output:
Change Dir: /home/rm/catkin_livox_ros_driver2/src/NEXTE_Sentry_Nav/build/CMakeFiles/CMakeTmp

Run Build Command(s):/usr/bin/make cmTC_2ed24/fast && /usr/bin/make -f CMakeFiles/cmTC_2ed24.dir/build.make CMakeFiles/cmTC_2ed24.dir/build
make[1]: 进入目录“/home/rm/catkin_livox_ros_driver2/src/NEXTE_Sentry_Nav/build/CMakeFiles/CMakeTmp”
Building C object CMakeFiles/cmTC_2ed24.dir/src.c.o
/usr/bin/cc   -DCMAKE_HAVE_LIBC_PTHREAD   -o CMakeFiles/cmTC_2ed24.dir/src.c.o   -c /home/rm/catkin_livox_ros_driver2/src/NEXTE_Sentry_Nav/build/CMakeFiles/CMakeTmp/src.c
Linking C executable cmTC_2ed24
/usr/bin/cmake -E cmake_link_script CMakeFiles/cmTC_2ed24.dir/link.txt --verbose=1
/usr/bin/cc  -DCMAKE_HAVE_LIBC_PTHREAD    -rdynamic CMakeFiles/cmTC_2ed24.dir/src.c.o  -o cmTC_2ed24 
/usr/bin/ld: CMakeFiles/cmTC_2ed24.dir/src.c.o: in function `main':
src.c:(.text+0x46): undefined reference to `pthread_create'
/usr/bin/ld: src.c:(.text+0x52): undefined reference to `pthread_detach'
/usr/bin/ld: src.c:(.text+0x63): undefined reference to `pthread_join'
collect2: error: ld returned 1 exit status
make[1]: *** [CMakeFiles/cmTC_2ed24.dir/build.make:87：cmTC_2ed24] 错误 1
make[1]: 离开目录“/home/rm/catkin_livox_ros_driver2/src/NEXTE_Sentry_Nav/build/CMakeFiles/CMakeTmp”
make: *** [Makefile:121：cmTC_2ed24/fast] 错误 2


Source file was:
#include <pthread.h>

void* test_func(void* data)
{
  return data;
}

int main(void)
{
  pthread_t thread;
  pthread_create(&thread, NULL, test_func, NULL);
  pthread_detach(thread);
  pthread_join(thread, NULL);
  pthread_atfork(NULL, NULL, NULL);
  pthread_exit(NULL);

  return 0;
}

Determining if the function pthread_create exists in the pthreads failed with the following output:
Change Dir: /home/rm/catkin_livox_ros_driver2/src/NEXTE_Sentry_Nav/build/CMakeFiles/CMakeTmp

Run Build Command(s):/usr/bin/make cmTC_56419/fast && /usr/bin/make -f CMakeFiles/cmTC_56419.dir/build.make CMakeFiles/cmTC_56419.dir/build
make[1]: 进入目录“/home/rm/catkin_livox_ros_driver2/src/NEXTE_Sentry_Nav/build/CMakeFiles/CMakeTmp”
Building C object CMakeFiles/cmTC_56419.dir/CheckFunctionExists.c.o
/usr/bin/cc   -DCHECK_FUNCTION_EXISTS=pthread_create   -o CMakeFiles/cmTC_56419.dir/CheckFunctionExists.c.o   -c /usr/share/cmake-3.16/Modules/CheckFunctionExists.c
Linking C executable cmTC_56419
/usr/bin/cmake -E cmake_link_script CMakeFiles/cmTC_56419.dir/link.txt --verbose=1
/usr/bin/cc  -DCHECK_FUNCTION_EXISTS=pthread_create    -rdynamic CMakeFiles/cmTC_56419.dir/CheckFunctionExists.c.o  -o cmTC_56419  -lpthreads 
/usr/bin/ld: 找不到 -lpthreads
collect2: error: ld returned 1 exit status
make[1]: *** [CMakeFiles/cmTC_56419.dir/build.make:87：cmTC_56419] 错误 1
make[1]: 离开目录“/home/rm/catkin_livox_ros_driver2/src/NEXTE_Sentry_Nav/build/CMakeFiles/CMakeTmp”
make: *** [Makefile:121：cmTC_56419/fast] 错误 2



Performing C SOURCE FILE Test CMAKE_HAVE_LIBC_PTHREAD failed with the following output:
Change Dir: /home/rm/catkin_livox_ros_driver2/src/NEXTE_Sentry_Nav/build/CMakeFiles/CMakeTmp

Run Build Command(s):/usr/bin/make cmTC_0255a/fast && /usr/bin/make -f CMakeFiles/cmTC_0255a.dir/build.make CMakeFiles/cmTC_0255a.dir/build
make[1]: 进入目录“/home/rm/catkin_livox_ros_driver2/src/NEXTE_Sentry_Nav/build/CMakeFiles/CMakeTmp”
Building C object CMakeFiles/cmTC_0255a.dir/src.c.o
/usr/bin/cc   -DCMAKE_HAVE_LIBC_PTHREAD   -o CMakeFiles/cmTC_0255a.dir/src.c.o   -c /home/rm/catkin_livox_ros_driver2/src/NEXTE_Sentry_Nav/build/CMakeFiles/CMakeTmp/src.c
Linking C executable cmTC_0255a
/usr/bin/cmake -E cmake_link_script CMakeFiles/cmTC_0255a.dir/link.txt --verbose=1
/usr/bin/cc  -DCMAKE_HAVE_LIBC_PTHREAD    -rdynamic CMakeFiles/cmTC_0255a.dir/src.c.o  -o cmTC_0255a 
/usr/bin/ld: CMakeFiles/cmTC_0255a.dir/src.c.o: in function `main':
src.c:(.text+0x46): undefined reference to `pthread_create'
/usr/bin/ld: src.c:(.text+0x52): undefined reference to `pthread_detach'
/usr/bin/ld: src.c:(.text+0x63): undefined reference to `pthread_join'
collect2: error: ld returned 1 exit status
make[1]: *** [CMakeFiles/cmTC_0255a.dir/build.make:87：cmTC_0255a] 错误 1
make[1]: 离开目录“/home/rm/catkin_livox_ros_driver2/src/NEXTE_Sentry_Nav/build/CMakeFiles/CMakeTmp”
make: *** [Makefile:121：cmTC_0255a/fast] 错误 2


Source file was:
#include <pthread.h>

void* test_func(void* data)
{
  return data;
}

int main(void)
{
  pthread_t thread;
  pthread_create(&thread, NULL, test_func, NULL);
  pthread_detach(thread);
  pthread_join(thread, NULL);
  pthread_atfork(NULL, NULL, NULL);
  pthread_exit(NULL);

  return 0;
}

Determining if the function pthread_create exists in the pthreads failed with the following output:
Change Dir: /home/rm/catkin_livox_ros_driver2/src/NEXTE_Sentry_Nav/build/CMakeFiles/CMakeTmp

Run Build Command(s):/usr/bin/make cmTC_aad5b/fast && /usr/bin/make -f CMakeFiles/cmTC_aad5b.dir/build.make CMakeFiles/cmTC_aad5b.dir/build
make[1]: 进入目录“/home/rm/catkin_livox_ros_driver2/src/NEXTE_Sentry_Nav/build/CMakeFiles/CMakeTmp”
Building C object CMakeFiles/cmTC_aad5b.dir/CheckFunctionExists.c.o
/usr/bin/cc   -DCHECK_FUNCTION_EXISTS=pthread_create   -o CMakeFiles/cmTC_aad5b.dir/CheckFunctionExists.c.o   -c /usr/share/cmake-3.16/Modules/CheckFunctionExists.c
Linking C executable cmTC_aad5b
/usr/bin/cmake -E cmake_link_script CMakeFiles/cmTC_aad5b.dir/link.txt --verbose=1
/usr/bin/cc  -DCHECK_FUNCTION_EXISTS=pthread_create    -rdynamic CMakeFiles/cmTC_aad5b.dir/CheckFunctionExists.c.o  -o cmTC_aad5b  -lpthreads 
/usr/bin/ld: 找不到 -lpthreads
collect2: error: ld returned 1 exit status
make[1]: *** [CMakeFiles/cmTC_aad5b.dir/build.make:87：cmTC_aad5b] 错误 1
make[1]: 离开目录“/home/rm/catkin_livox_ros_driver2/src/NEXTE_Sentry_Nav/build/CMakeFiles/CMakeTmp”
make: *** [Makefile:121：cmTC_aad5b/fast] 错误 2



Performing C SOURCE FILE Test CMAKE_HAVE_LIBC_PTHREAD failed with the following output:
Change Dir: /home/rm/catkin_livox_ros_driver2/src/NEXTE_Sentry_Nav/build/CMakeFiles/CMakeTmp

Run Build Command(s):/usr/bin/make cmTC_58521/fast && /usr/bin/make -f CMakeFiles/cmTC_58521.dir/build.make CMakeFiles/cmTC_58521.dir/build
make[1]: 进入目录“/home/rm/catkin_livox_ros_driver2/src/NEXTE_Sentry_Nav/build/CMakeFiles/CMakeTmp”
Building C object CMakeFiles/cmTC_58521.dir/src.c.o
/usr/bin/cc   -DCMAKE_HAVE_LIBC_PTHREAD   -o CMakeFiles/cmTC_58521.dir/src.c.o   -c /home/rm/catkin_livox_ros_driver2/src/NEXTE_Sentry_Nav/build/CMakeFiles/CMakeTmp/src.c
Linking C executable cmTC_58521
/usr/bin/cmake -E cmake_link_script CMakeFiles/cmTC_58521.dir/link.txt --verbose=1
/usr/bin/cc  -DCMAKE_HAVE_LIBC_PTHREAD    -rdynamic CMakeFiles/cmTC_58521.dir/src.c.o  -o cmTC_58521 
/usr/bin/ld: CMakeFiles/cmTC_58521.dir/src.c.o: in function `main':
src.c:(.text+0x46): undefined reference to `pthread_create'
/usr/bin/ld: src.c:(.text+0x52): undefined reference to `pthread_detach'
/usr/bin/ld: src.c:(.text+0x63): undefined reference to `pthread_join'
collect2: error: ld returned 1 exit status
make[1]: *** [CMakeFiles/cmTC_58521.dir/build.make:87：cmTC_58521] 错误 1
make[1]: 离开目录“/home/rm/catkin_livox_ros_driver2/src/NEXTE_Sentry_Nav/build/CMakeFiles/CMakeTmp”
make: *** [Makefile:121：cmTC_58521/fast] 错误 2


Source file was:
#include <pthread.h>

void* test_func(void* data)
{
  return data;
}

int main(void)
{
  pthread_t thread;
  pthread_create(&thread, NULL, test_func, NULL);
  pthread_detach(thread);
  pthread_join(thread, NULL);
  pthread_atfork(NULL, NULL, NULL);
  pthread_exit(NULL);

  return 0;
}

Determining if the function pthread_create exists in the pthreads failed with the following output:
Change Dir: /home/rm/catkin_livox_ros_driver2/src/NEXTE_Sentry_Nav/build/CMakeFiles/CMakeTmp

Run Build Command(s):/usr/bin/make cmTC_6c4c8/fast && /usr/bin/make -f CMakeFiles/cmTC_6c4c8.dir/build.make CMakeFiles/cmTC_6c4c8.dir/build
make[1]: 进入目录“/home/rm/catkin_livox_ros_driver2/src/NEXTE_Sentry_Nav/build/CMakeFiles/CMakeTmp”
Building C object CMakeFiles/cmTC_6c4c8.dir/CheckFunctionExists.c.o
/usr/bin/cc   -DCHECK_FUNCTION_EXISTS=pthread_create   -o CMakeFiles/cmTC_6c4c8.dir/CheckFunctionExists.c.o   -c /usr/share/cmake-3.16/Modules/CheckFunctionExists.c
Linking C executable cmTC_6c4c8
/usr/bin/cmake -E cmake_link_script CMakeFiles/cmTC_6c4c8.dir/link.txt --verbose=1
/usr/bin/cc  -DCHECK_FUNCTION_EXISTS=pthread_create    -rdynamic CMakeFiles/cmTC_6c4c8.dir/CheckFunctionExists.c.o  -o cmTC_6c4c8  -lpthreads 
/usr/bin/ld: 找不到 -lpthreads
collect2: error: ld returned 1 exit status
make[1]: *** [CMakeFiles/cmTC_6c4c8.dir/build.make:87：cmTC_6c4c8] 错误 1
make[1]: 离开目录“/home/rm/catkin_livox_ros_driver2/src/NEXTE_Sentry_Nav/build/CMakeFiles/CMakeTmp”
make: *** [Makefile:121：cmTC_6c4c8/fast] 错误 2



Performing C SOURCE FILE Test CMAKE_HAVE_LIBC_PTHREAD failed with the following output:
Change Dir: /home/rm/catkin_livox_ros_driver2/src/NEXTE_Sentry_Nav/build/CMakeFiles/CMakeTmp

Run Build Command(s):/usr/bin/make cmTC_53bfa/fast && /usr/bin/make -f CMakeFiles/cmTC_53bfa.dir/build.make CMakeFiles/cmTC_53bfa.dir/build
make[1]: 进入目录“/home/rm/catkin_livox_ros_driver2/src/NEXTE_Sentry_Nav/build/CMakeFiles/CMakeTmp”
Building C object CMakeFiles/cmTC_53bfa.dir/src.c.o
/usr/bin/cc   -DCMAKE_HAVE_LIBC_PTHREAD   -o CMakeFiles/cmTC_53bfa.dir/src.c.o   -c /home/rm/catkin_livox_ros_driver2/src/NEXTE_Sentry_Nav/build/CMakeFiles/CMakeTmp/src.c
Linking C executable cmTC_53bfa
/usr/bin/cmake -E cmake_link_script CMakeFiles/cmTC_53bfa.dir/link.txt --verbose=1
/usr/bin/cc  -DCMAKE_HAVE_LIBC_PTHREAD    -rdynamic CMakeFiles/cmTC_53bfa.dir/src.c.o  -o cmTC_53bfa 
/usr/bin/ld: CMakeFiles/cmTC_53bfa.dir/src.c.o: in function `main':
src.c:(.text+0x46): undefined reference to `pthread_create'
/usr/bin/ld: src.c:(.text+0x52): undefined reference to `pthread_detach'
/usr/bin/ld: src.c:(.text+0x63): undefined reference to `pthread_join'
collect2: error: ld returned 1 exit status
make[1]: *** [CMakeFiles/cmTC_53bfa.dir/build.make:87：cmTC_53bfa] 错误 1
make[1]: 离开目录“/home/rm/catkin_livox_ros_driver2/src/NEXTE_Sentry_Nav/build/CMakeFiles/CMakeTmp”
make: *** [Makefile:121：cmTC_53bfa/fast] 错误 2


Source file was:
#include <pthread.h>

void* test_func(void* data)
{
  return data;
}

int main(void)
{
  pthread_t thread;
  pthread_create(&thread, NULL, test_func, NULL);
  pthread_detach(thread);
  pthread_join(thread, NULL);
  pthread_atfork(NULL, NULL, NULL);
  pthread_exit(NULL);

  return 0;
}

Determining if the function pthread_create exists in the pthreads failed with the following output:
Change Dir: /home/rm/catkin_livox_ros_driver2/src/NEXTE_Sentry_Nav/build/CMakeFiles/CMakeTmp

Run Build Command(s):/usr/bin/make cmTC_75378/fast && /usr/bin/make -f CMakeFiles/cmTC_75378.dir/build.make CMakeFiles/cmTC_75378.dir/build
make[1]: 进入目录“/home/rm/catkin_livox_ros_driver2/src/NEXTE_Sentry_Nav/build/CMakeFiles/CMakeTmp”
Building C object CMakeFiles/cmTC_75378.dir/CheckFunctionExists.c.o
/usr/bin/cc   -DCHECK_FUNCTION_EXISTS=pthread_create   -o CMakeFiles/cmTC_75378.dir/CheckFunctionExists.c.o   -c /usr/share/cmake-3.16/Modules/CheckFunctionExists.c
Linking C executable cmTC_75378
/usr/bin/cmake -E cmake_link_script CMakeFiles/cmTC_75378.dir/link.txt --verbose=1
/usr/bin/cc  -DCHECK_FUNCTION_EXISTS=pthread_create    -rdynamic CMakeFiles/cmTC_75378.dir/CheckFunctionExists.c.o  -o cmTC_75378  -lpthreads 
/usr/bin/ld: 找不到 -lpthreads
collect2: error: ld returned 1 exit status
make[1]: *** [CMakeFiles/cmTC_75378.dir/build.make:87：cmTC_75378] 错误 1
make[1]: 离开目录“/home/rm/catkin_livox_ros_driver2/src/NEXTE_Sentry_Nav/build/CMakeFiles/CMakeTmp”
make: *** [Makefile:121：cmTC_75378/fast] 错误 2



Performing C SOURCE FILE Test CMAKE_HAVE_LIBC_PTHREAD failed with the following output:
Change Dir: /home/rm/catkin_livox_ros_driver2/src/NEXTE_Sentry_Nav/build/CMakeFiles/CMakeTmp

Run Build Command(s):/usr/bin/make cmTC_3f944/fast && /usr/bin/make -f CMakeFiles/cmTC_3f944.dir/build.make CMakeFiles/cmTC_3f944.dir/build
make[1]: 进入目录“/home/rm/catkin_livox_ros_driver2/src/NEXTE_Sentry_Nav/build/CMakeFiles/CMakeTmp”
Building C object CMakeFiles/cmTC_3f944.dir/src.c.o
/usr/bin/cc   -DCMAKE_HAVE_LIBC_PTHREAD   -o CMakeFiles/cmTC_3f944.dir/src.c.o   -c /home/rm/catkin_livox_ros_driver2/src/NEXTE_Sentry_Nav/build/CMakeFiles/CMakeTmp/src.c
Linking C executable cmTC_3f944
/usr/bin/cmake -E cmake_link_script CMakeFiles/cmTC_3f944.dir/link.txt --verbose=1
/usr/bin/cc  -DCMAKE_HAVE_LIBC_PTHREAD    -rdynamic CMakeFiles/cmTC_3f944.dir/src.c.o  -o cmTC_3f944 
/usr/bin/ld: CMakeFiles/cmTC_3f944.dir/src.c.o: in function `main':
src.c:(.text+0x46): undefined reference to `pthread_create'
/usr/bin/ld: src.c:(.text+0x52): undefined reference to `pthread_detach'
/usr/bin/ld: src.c:(.text+0x63): undefined reference to `pthread_join'
collect2: error: ld returned 1 exit status
make[1]: *** [CMakeFiles/cmTC_3f944.dir/build.make:87：cmTC_3f944] 错误 1
make[1]: 离开目录“/home/rm/catkin_livox_ros_driver2/src/NEXTE_Sentry_Nav/build/CMakeFiles/CMakeTmp”
make: *** [Makefile:121：cmTC_3f944/fast] 错误 2


Source file was:
#include <pthread.h>

void* test_func(void* data)
{
  return data;
}

int main(void)
{
  pthread_t thread;
  pthread_create(&thread, NULL, test_func, NULL);
  pthread_detach(thread);
  pthread_join(thread, NULL);
  pthread_atfork(NULL, NULL, NULL);
  pthread_exit(NULL);

  return 0;
}

Determining if the function pthread_create exists in the pthreads failed with the following output:
Change Dir: /home/rm/catkin_livox_ros_driver2/src/NEXTE_Sentry_Nav/build/CMakeFiles/CMakeTmp

Run Build Command(s):/usr/bin/make cmTC_7b907/fast && /usr/bin/make -f CMakeFiles/cmTC_7b907.dir/build.make CMakeFiles/cmTC_7b907.dir/build
make[1]: 进入目录“/home/rm/catkin_livox_ros_driver2/src/NEXTE_Sentry_Nav/build/CMakeFiles/CMakeTmp”
Building C object CMakeFiles/cmTC_7b907.dir/CheckFunctionExists.c.o
/usr/bin/cc   -DCHECK_FUNCTION_EXISTS=pthread_create   -o CMakeFiles/cmTC_7b907.dir/CheckFunctionExists.c.o   -c /usr/share/cmake-3.16/Modules/CheckFunctionExists.c
Linking C executable cmTC_7b907
/usr/bin/cmake -E cmake_link_script CMakeFiles/cmTC_7b907.dir/link.txt --verbose=1
/usr/bin/cc  -DCHECK_FUNCTION_EXISTS=pthread_create    -rdynamic CMakeFiles/cmTC_7b907.dir/CheckFunctionExists.c.o  -o cmTC_7b907  -lpthreads 
/usr/bin/ld: 找不到 -lpthreads
collect2: error: ld returned 1 exit status
make[1]: *** [CMakeFiles/cmTC_7b907.dir/build.make:87：cmTC_7b907] 错误 1
make[1]: 离开目录“/home/rm/catkin_livox_ros_driver2/src/NEXTE_Sentry_Nav/build/CMakeFiles/CMakeTmp”
make: *** [Makefile:121：cmTC_7b907/fast] 错误 2



Performing C SOURCE FILE Test CMAKE_HAVE_LIBC_PTHREAD failed with the following output:
Change Dir: /home/rm/catkin_livox_ros_driver2/src/NEXTE_Sentry_Nav/build/CMakeFiles/CMakeTmp

Run Build Command(s):/usr/bin/make cmTC_ed4fb/fast && /usr/bin/make -f CMakeFiles/cmTC_ed4fb.dir/build.make CMakeFiles/cmTC_ed4fb.dir/build
make[1]: 进入目录“/home/rm/catkin_livox_ros_driver2/src/NEXTE_Sentry_Nav/build/CMakeFiles/CMakeTmp”
Building C object CMakeFiles/cmTC_ed4fb.dir/src.c.o
/usr/bin/cc   -DCMAKE_HAVE_LIBC_PTHREAD   -o CMakeFiles/cmTC_ed4fb.dir/src.c.o   -c /home/rm/catkin_livox_ros_driver2/src/NEXTE_Sentry_Nav/build/CMakeFiles/CMakeTmp/src.c
Linking C executable cmTC_ed4fb
/usr/bin/cmake -E cmake_link_script CMakeFiles/cmTC_ed4fb.dir/link.txt --verbose=1
/usr/bin/cc  -DCMAKE_HAVE_LIBC_PTHREAD    -rdynamic CMakeFiles/cmTC_ed4fb.dir/src.c.o  -o cmTC_ed4fb 
/usr/bin/ld: CMakeFiles/cmTC_ed4fb.dir/src.c.o: in function `main':
src.c:(.text+0x46): undefined reference to `pthread_create'
/usr/bin/ld: src.c:(.text+0x52): undefined reference to `pthread_detach'
/usr/bin/ld: src.c:(.text+0x63): undefined reference to `pthread_join'
collect2: error: ld returned 1 exit status
make[1]: *** [CMakeFiles/cmTC_ed4fb.dir/build.make:87：cmTC_ed4fb] 错误 1
make[1]: 离开目录“/home/rm/catkin_livox_ros_driver2/src/NEXTE_Sentry_Nav/build/CMakeFiles/CMakeTmp”
make: *** [Makefile:121：cmTC_ed4fb/fast] 错误 2


Source file was:
#include <pthread.h>

void* test_func(void* data)
{
  return data;
}

int main(void)
{
  pthread_t thread;
  pthread_create(&thread, NULL, test_func, NULL);
  pthread_detach(thread);
  pthread_join(thread, NULL);
  pthread_atfork(NULL, NULL, NULL);
  pthread_exit(NULL);

  return 0;
}

Determining if the function pthread_create exists in the pthreads failed with the following output:
Change Dir: /home/rm/catkin_livox_ros_driver2/src/NEXTE_Sentry_Nav/build/CMakeFiles/CMakeTmp

Run Build Command(s):/usr/bin/make cmTC_6b125/fast && /usr/bin/make -f CMakeFiles/cmTC_6b125.dir/build.make CMakeFiles/cmTC_6b125.dir/build
make[1]: 进入目录“/home/rm/catkin_livox_ros_driver2/src/NEXTE_Sentry_Nav/build/CMakeFiles/CMakeTmp”
Building C object CMakeFiles/cmTC_6b125.dir/CheckFunctionExists.c.o
/usr/bin/cc   -DCHECK_FUNCTION_EXISTS=pthread_create   -o CMakeFiles/cmTC_6b125.dir/CheckFunctionExists.c.o   -c /usr/share/cmake-3.16/Modules/CheckFunctionExists.c
Linking C executable cmTC_6b125
/usr/bin/cmake -E cmake_link_script CMakeFiles/cmTC_6b125.dir/link.txt --verbose=1
/usr/bin/cc  -DCHECK_FUNCTION_EXISTS=pthread_create    -rdynamic CMakeFiles/cmTC_6b125.dir/CheckFunctionExists.c.o  -o cmTC_6b125  -lpthreads 
/usr/bin/ld: 找不到 -lpthreads
collect2: error: ld returned 1 exit status
make[1]: *** [CMakeFiles/cmTC_6b125.dir/build.make:87：cmTC_6b125] 错误 1
make[1]: 离开目录“/home/rm/catkin_livox_ros_driver2/src/NEXTE_Sentry_Nav/build/CMakeFiles/CMakeTmp”
make: *** [Makefile:121：cmTC_6b125/fast] 错误 2



Performing C SOURCE FILE Test CMAKE_HAVE_LIBC_PTHREAD failed with the following output:
Change Dir: /home/rm/catkin_livox_ros_driver2/src/NEXTE_Sentry_Nav/build/CMakeFiles/CMakeTmp

Run Build Command(s):/usr/bin/make cmTC_73c69/fast && /usr/bin/make -f CMakeFiles/cmTC_73c69.dir/build.make CMakeFiles/cmTC_73c69.dir/build
make[1]: 进入目录“/home/rm/catkin_livox_ros_driver2/src/NEXTE_Sentry_Nav/build/CMakeFiles/CMakeTmp”
Building C object CMakeFiles/cmTC_73c69.dir/src.c.o
/usr/bin/cc   -DCMAKE_HAVE_LIBC_PTHREAD   -o CMakeFiles/cmTC_73c69.dir/src.c.o   -c /home/rm/catkin_livox_ros_driver2/src/NEXTE_Sentry_Nav/build/CMakeFiles/CMakeTmp/src.c
Linking C executable cmTC_73c69
/usr/bin/cmake -E cmake_link_script CMakeFiles/cmTC_73c69.dir/link.txt --verbose=1
/usr/bin/cc  -DCMAKE_HAVE_LIBC_PTHREAD    -rdynamic CMakeFiles/cmTC_73c69.dir/src.c.o  -o cmTC_73c69 
/usr/bin/ld: CMakeFiles/cmTC_73c69.dir/src.c.o: in function `main':
src.c:(.text+0x46): undefined reference to `pthread_create'
/usr/bin/ld: src.c:(.text+0x52): undefined reference to `pthread_detach'
/usr/bin/ld: src.c:(.text+0x63): undefined reference to `pthread_join'
collect2: error: ld returned 1 exit status
make[1]: *** [CMakeFiles/cmTC_73c69.dir/build.make:87：cmTC_73c69] 错误 1
make[1]: 离开目录“/home/rm/catkin_livox_ros_driver2/src/NEXTE_Sentry_Nav/build/CMakeFiles/CMakeTmp”
make: *** [Makefile:121：cmTC_73c69/fast] 错误 2


Source file was:
#include <pthread.h>

void* test_func(void* data)
{
  return data;
}

int main(void)
{
  pthread_t thread;
  pthread_create(&thread, NULL, test_func, NULL);
  pthread_detach(thread);
  pthread_join(thread, NULL);
  pthread_atfork(NULL, NULL, NULL);
  pthread_exit(NULL);

  return 0;
}

Determining if the function pthread_create exists in the pthreads failed with the following output:
Change Dir: /home/rm/catkin_livox_ros_driver2/src/NEXTE_Sentry_Nav/build/CMakeFiles/CMakeTmp

Run Build Command(s):/usr/bin/make cmTC_8a246/fast && /usr/bin/make -f CMakeFiles/cmTC_8a246.dir/build.make CMakeFiles/cmTC_8a246.dir/build
make[1]: 进入目录“/home/rm/catkin_livox_ros_driver2/src/NEXTE_Sentry_Nav/build/CMakeFiles/CMakeTmp”
Building C object CMakeFiles/cmTC_8a246.dir/CheckFunctionExists.c.o
/usr/bin/cc   -DCHECK_FUNCTION_EXISTS=pthread_create   -o CMakeFiles/cmTC_8a246.dir/CheckFunctionExists.c.o   -c /usr/share/cmake-3.16/Modules/CheckFunctionExists.c
Linking C executable cmTC_8a246
/usr/bin/cmake -E cmake_link_script CMakeFiles/cmTC_8a246.dir/link.txt --verbose=1
/usr/bin/cc  -DCHECK_FUNCTION_EXISTS=pthread_create    -rdynamic CMakeFiles/cmTC_8a246.dir/CheckFunctionExists.c.o  -o cmTC_8a246  -lpthreads 
/usr/bin/ld: 找不到 -lpthreads
collect2: error: ld returned 1 exit status
make[1]: *** [CMakeFiles/cmTC_8a246.dir/build.make:87：cmTC_8a246] 错误 1
make[1]: 离开目录“/home/rm/catkin_livox_ros_driver2/src/NEXTE_Sentry_Nav/build/CMakeFiles/CMakeTmp”
make: *** [Makefile:121：cmTC_8a246/fast] 错误 2



Performing C SOURCE FILE Test CMAKE_HAVE_LIBC_PTHREAD failed with the following output:
Change Dir: /home/rm/catkin_livox_ros_driver2/src/NEXTE_Sentry_Nav/build/CMakeFiles/CMakeTmp

Run Build Command(s):/usr/bin/make cmTC_7736d/fast && /usr/bin/make -f CMakeFiles/cmTC_7736d.dir/build.make CMakeFiles/cmTC_7736d.dir/build
make[1]: 进入目录“/home/rm/catkin_livox_ros_driver2/src/NEXTE_Sentry_Nav/build/CMakeFiles/CMakeTmp”
Building C object CMakeFiles/cmTC_7736d.dir/src.c.o
/usr/bin/cc   -DCMAKE_HAVE_LIBC_PTHREAD   -o CMakeFiles/cmTC_7736d.dir/src.c.o   -c /home/rm/catkin_livox_ros_driver2/src/NEXTE_Sentry_Nav/build/CMakeFiles/CMakeTmp/src.c
Linking C executable cmTC_7736d
/usr/bin/cmake -E cmake_link_script CMakeFiles/cmTC_7736d.dir/link.txt --verbose=1
/usr/bin/cc  -DCMAKE_HAVE_LIBC_PTHREAD    -rdynamic CMakeFiles/cmTC_7736d.dir/src.c.o  -o cmTC_7736d 
/usr/bin/ld: CMakeFiles/cmTC_7736d.dir/src.c.o: in function `main':
src.c:(.text+0x46): undefined reference to `pthread_create'
/usr/bin/ld: src.c:(.text+0x52): undefined reference to `pthread_detach'
/usr/bin/ld: src.c:(.text+0x63): undefined reference to `pthread_join'
collect2: error: ld returned 1 exit status
make[1]: *** [CMakeFiles/cmTC_7736d.dir/build.make:87：cmTC_7736d] 错误 1
make[1]: 离开目录“/home/rm/catkin_livox_ros_driver2/src/NEXTE_Sentry_Nav/build/CMakeFiles/CMakeTmp”
make: *** [Makefile:121：cmTC_7736d/fast] 错误 2


Source file was:
#include <pthread.h>

void* test_func(void* data)
{
  return data;
}

int main(void)
{
  pthread_t thread;
  pthread_create(&thread, NULL, test_func, NULL);
  pthread_detach(thread);
  pthread_join(thread, NULL);
  pthread_atfork(NULL, NULL, NULL);
  pthread_exit(NULL);

  return 0;
}

Determining if the function pthread_create exists in the pthreads failed with the following output:
Change Dir: /home/rm/catkin_livox_ros_driver2/src/NEXTE_Sentry_Nav/build/CMakeFiles/CMakeTmp

Run Build Command(s):/usr/bin/make cmTC_ee5c6/fast && /usr/bin/make -f CMakeFiles/cmTC_ee5c6.dir/build.make CMakeFiles/cmTC_ee5c6.dir/build
make[1]: 进入目录“/home/rm/catkin_livox_ros_driver2/src/NEXTE_Sentry_Nav/build/CMakeFiles/CMakeTmp”
Building C object CMakeFiles/cmTC_ee5c6.dir/CheckFunctionExists.c.o
/usr/bin/cc   -DCHECK_FUNCTION_EXISTS=pthread_create   -o CMakeFiles/cmTC_ee5c6.dir/CheckFunctionExists.c.o   -c /usr/share/cmake-3.16/Modules/CheckFunctionExists.c
Linking C executable cmTC_ee5c6
/usr/bin/cmake -E cmake_link_script CMakeFiles/cmTC_ee5c6.dir/link.txt --verbose=1
/usr/bin/cc  -DCHECK_FUNCTION_EXISTS=pthread_create    -rdynamic CMakeFiles/cmTC_ee5c6.dir/CheckFunctionExists.c.o  -o cmTC_ee5c6  -lpthreads 
/usr/bin/ld: 找不到 -lpthreads
collect2: error: ld returned 1 exit status
make[1]: *** [CMakeFiles/cmTC_ee5c6.dir/build.make:87：cmTC_ee5c6] 错误 1
make[1]: 离开目录“/home/rm/catkin_livox_ros_driver2/src/NEXTE_Sentry_Nav/build/CMakeFiles/CMakeTmp”
make: *** [Makefile:121：cmTC_ee5c6/fast] 错误 2



Performing C SOURCE FILE Test CMAKE_HAVE_LIBC_PTHREAD failed with the following output:
Change Dir: /home/rm/catkin_livox_ros_driver2/src/NEXTE_Sentry_Nav/build/CMakeFiles/CMakeTmp

Run Build Command(s):/usr/bin/make cmTC_626de/fast && /usr/bin/make -f CMakeFiles/cmTC_626de.dir/build.make CMakeFiles/cmTC_626de.dir/build
make[1]: 进入目录“/home/rm/catkin_livox_ros_driver2/src/NEXTE_Sentry_Nav/build/CMakeFiles/CMakeTmp”
Building C object CMakeFiles/cmTC_626de.dir/src.c.o
/usr/bin/cc   -DCMAKE_HAVE_LIBC_PTHREAD   -o CMakeFiles/cmTC_626de.dir/src.c.o   -c /home/rm/catkin_livox_ros_driver2/src/NEXTE_Sentry_Nav/build/CMakeFiles/CMakeTmp/src.c
Linking C executable cmTC_626de
/usr/bin/cmake -E cmake_link_script CMakeFiles/cmTC_626de.dir/link.txt --verbose=1
/usr/bin/cc  -DCMAKE_HAVE_LIBC_PTHREAD    -rdynamic CMakeFiles/cmTC_626de.dir/src.c.o  -o cmTC_626de 
/usr/bin/ld: CMakeFiles/cmTC_626de.dir/src.c.o: in function `main':
src.c:(.text+0x46): undefined reference to `pthread_create'
/usr/bin/ld: src.c:(.text+0x52): undefined reference to `pthread_detach'
/usr/bin/ld: src.c:(.text+0x63): undefined reference to `pthread_join'
collect2: error: ld returned 1 exit status
make[1]: *** [CMakeFiles/cmTC_626de.dir/build.make:87：cmTC_626de] 错误 1
make[1]: 离开目录“/home/rm/catkin_livox_ros_driver2/src/NEXTE_Sentry_Nav/build/CMakeFiles/CMakeTmp”
make: *** [Makefile:121：cmTC_626de/fast] 错误 2


Source file was:
#include <pthread.h>

void* test_func(void* data)
{
  return data;
}

int main(void)
{
  pthread_t thread;
  pthread_create(&thread, NULL, test_func, NULL);
  pthread_detach(thread);
  pthread_join(thread, NULL);
  pthread_atfork(NULL, NULL, NULL);
  pthread_exit(NULL);

  return 0;
}

Determining if the function pthread_create exists in the pthreads failed with the following output:
Change Dir: /home/rm/catkin_livox_ros_driver2/src/NEXTE_Sentry_Nav/build/CMakeFiles/CMakeTmp

Run Build Command(s):/usr/bin/make cmTC_b9d32/fast && /usr/bin/make -f CMakeFiles/cmTC_b9d32.dir/build.make CMakeFiles/cmTC_b9d32.dir/build
make[1]: 进入目录“/home/rm/catkin_livox_ros_driver2/src/NEXTE_Sentry_Nav/build/CMakeFiles/CMakeTmp”
Building C object CMakeFiles/cmTC_b9d32.dir/CheckFunctionExists.c.o
/usr/bin/cc   -DCHECK_FUNCTION_EXISTS=pthread_create   -o CMakeFiles/cmTC_b9d32.dir/CheckFunctionExists.c.o   -c /usr/share/cmake-3.16/Modules/CheckFunctionExists.c
Linking C executable cmTC_b9d32
/usr/bin/cmake -E cmake_link_script CMakeFiles/cmTC_b9d32.dir/link.txt --verbose=1
/usr/bin/cc  -DCHECK_FUNCTION_EXISTS=pthread_create    -rdynamic CMakeFiles/cmTC_b9d32.dir/CheckFunctionExists.c.o  -o cmTC_b9d32  -lpthreads 
/usr/bin/ld: 找不到 -lpthreads
collect2: error: ld returned 1 exit status
make[1]: *** [CMakeFiles/cmTC_b9d32.dir/build.make:87：cmTC_b9d32] 错误 1
make[1]: 离开目录“/home/rm/catkin_livox_ros_driver2/src/NEXTE_Sentry_Nav/build/CMakeFiles/CMakeTmp”
make: *** [Makefile:121：cmTC_b9d32/fast] 错误 2



Performing C SOURCE FILE Test CMAKE_HAVE_LIBC_PTHREAD failed with the following output:
Change Dir: /home/rm/catkin_livox_ros_driver2/src/NEXTE_Sentry_Nav/build/CMakeFiles/CMakeTmp

Run Build Command(s):/usr/bin/make cmTC_58678/fast && /usr/bin/make -f CMakeFiles/cmTC_58678.dir/build.make CMakeFiles/cmTC_58678.dir/build
make[1]: 进入目录“/home/rm/catkin_livox_ros_driver2/src/NEXTE_Sentry_Nav/build/CMakeFiles/CMakeTmp”
Building C object CMakeFiles/cmTC_58678.dir/src.c.o
/usr/bin/cc   -DCMAKE_HAVE_LIBC_PTHREAD   -o CMakeFiles/cmTC_58678.dir/src.c.o   -c /home/rm/catkin_livox_ros_driver2/src/NEXTE_Sentry_Nav/build/CMakeFiles/CMakeTmp/src.c
Linking C executable cmTC_58678
/usr/bin/cmake -E cmake_link_script CMakeFiles/cmTC_58678.dir/link.txt --verbose=1
/usr/bin/cc  -DCMAKE_HAVE_LIBC_PTHREAD    -rdynamic CMakeFiles/cmTC_58678.dir/src.c.o  -o cmTC_58678 
/usr/bin/ld: CMakeFiles/cmTC_58678.dir/src.c.o: in function `main':
src.c:(.text+0x46): undefined reference to `pthread_create'
/usr/bin/ld: src.c:(.text+0x52): undefined reference to `pthread_detach'
/usr/bin/ld: src.c:(.text+0x63): undefined reference to `pthread_join'
collect2: error: ld returned 1 exit status
make[1]: *** [CMakeFiles/cmTC_58678.dir/build.make:87：cmTC_58678] 错误 1
make[1]: 离开目录“/home/rm/catkin_livox_ros_driver2/src/NEXTE_Sentry_Nav/build/CMakeFiles/CMakeTmp”
make: *** [Makefile:121：cmTC_58678/fast] 错误 2


Source file was:
#include <pthread.h>

void* test_func(void* data)
{
  return data;
}

int main(void)
{
  pthread_t thread;
  pthread_create(&thread, NULL, test_func, NULL);
  pthread_detach(thread);
  pthread_join(thread, NULL);
  pthread_atfork(NULL, NULL, NULL);
  pthread_exit(NULL);

  return 0;
}

Determining if the function pthread_create exists in the pthreads failed with the following output:
Change Dir: /home/rm/catkin_livox_ros_driver2/src/NEXTE_Sentry_Nav/build/CMakeFiles/CMakeTmp

Run Build Command(s):/usr/bin/make cmTC_fd5b7/fast && /usr/bin/make -f CMakeFiles/cmTC_fd5b7.dir/build.make CMakeFiles/cmTC_fd5b7.dir/build
make[1]: 进入目录“/home/rm/catkin_livox_ros_driver2/src/NEXTE_Sentry_Nav/build/CMakeFiles/CMakeTmp”
Building C object CMakeFiles/cmTC_fd5b7.dir/CheckFunctionExists.c.o
/usr/bin/cc   -DCHECK_FUNCTION_EXISTS=pthread_create   -o CMakeFiles/cmTC_fd5b7.dir/CheckFunctionExists.c.o   -c /usr/share/cmake-3.16/Modules/CheckFunctionExists.c
Linking C executable cmTC_fd5b7
/usr/bin/cmake -E cmake_link_script CMakeFiles/cmTC_fd5b7.dir/link.txt --verbose=1
/usr/bin/cc  -DCHECK_FUNCTION_EXISTS=pthread_create    -rdynamic CMakeFiles/cmTC_fd5b7.dir/CheckFunctionExists.c.o  -o cmTC_fd5b7  -lpthreads 
/usr/bin/ld: 找不到 -lpthreads
collect2: error: ld returned 1 exit status
make[1]: *** [CMakeFiles/cmTC_fd5b7.dir/build.make:87：cmTC_fd5b7] 错误 1
make[1]: 离开目录“/home/rm/catkin_livox_ros_driver2/src/NEXTE_Sentry_Nav/build/CMakeFiles/CMakeTmp”
make: *** [Makefile:121：cmTC_fd5b7/fast] 错误 2



Performing C SOURCE FILE Test CMAKE_HAVE_LIBC_PTHREAD failed with the following output:
Change Dir: /home/rm/catkin_livox_ros_driver2/src/NEXTE_Sentry_Nav/build/CMakeFiles/CMakeTmp

Run Build Command(s):/usr/bin/make cmTC_9c1d7/fast && /usr/bin/make -f CMakeFiles/cmTC_9c1d7.dir/build.make CMakeFiles/cmTC_9c1d7.dir/build
make[1]: 进入目录“/home/rm/catkin_livox_ros_driver2/src/NEXTE_Sentry_Nav/build/CMakeFiles/CMakeTmp”
Building C object CMakeFiles/cmTC_9c1d7.dir/src.c.o
/usr/bin/cc   -DCMAKE_HAVE_LIBC_PTHREAD   -o CMakeFiles/cmTC_9c1d7.dir/src.c.o   -c /home/rm/catkin_livox_ros_driver2/src/NEXTE_Sentry_Nav/build/CMakeFiles/CMakeTmp/src.c
Linking C executable cmTC_9c1d7
/usr/bin/cmake -E cmake_link_script CMakeFiles/cmTC_9c1d7.dir/link.txt --verbose=1
/usr/bin/cc  -DCMAKE_HAVE_LIBC_PTHREAD    -rdynamic CMakeFiles/cmTC_9c1d7.dir/src.c.o  -o cmTC_9c1d7 
/usr/bin/ld: CMakeFiles/cmTC_9c1d7.dir/src.c.o: in function `main':
src.c:(.text+0x46): undefined reference to `pthread_create'
/usr/bin/ld: src.c:(.text+0x52): undefined reference to `pthread_detach'
/usr/bin/ld: src.c:(.text+0x63): undefined reference to `pthread_join'
collect2: error: ld returned 1 exit status
make[1]: *** [CMakeFiles/cmTC_9c1d7.dir/build.make:87：cmTC_9c1d7] 错误 1
make[1]: 离开目录“/home/rm/catkin_livox_ros_driver2/src/NEXTE_Sentry_Nav/build/CMakeFiles/CMakeTmp”
make: *** [Makefile:121：cmTC_9c1d7/fast] 错误 2


Source file was:
#include <pthread.h>

void* test_func(void* data)
{
  return data;
}

int main(void)
{
  pthread_t thread;
  pthread_create(&thread, NULL, test_func, NULL);
  pthread_detach(thread);
  pthread_join(thread, NULL);
  pthread_atfork(NULL, NULL, NULL);
  pthread_exit(NULL);

  return 0;
}

Determining if the function pthread_create exists in the pthreads failed with the following output:
Change Dir: /home/rm/catkin_livox_ros_driver2/src/NEXTE_Sentry_Nav/build/CMakeFiles/CMakeTmp

Run Build Command(s):/usr/bin/make cmTC_db5ed/fast && /usr/bin/make -f CMakeFiles/cmTC_db5ed.dir/build.make CMakeFiles/cmTC_db5ed.dir/build
make[1]: 进入目录“/home/rm/catkin_livox_ros_driver2/src/NEXTE_Sentry_Nav/build/CMakeFiles/CMakeTmp”
Building C object CMakeFiles/cmTC_db5ed.dir/CheckFunctionExists.c.o
/usr/bin/cc   -DCHECK_FUNCTION_EXISTS=pthread_create   -o CMakeFiles/cmTC_db5ed.dir/CheckFunctionExists.c.o   -c /usr/share/cmake-3.16/Modules/CheckFunctionExists.c
Linking C executable cmTC_db5ed
/usr/bin/cmake -E cmake_link_script CMakeFiles/cmTC_db5ed.dir/link.txt --verbose=1
/usr/bin/cc  -DCHECK_FUNCTION_EXISTS=pthread_create    -rdynamic CMakeFiles/cmTC_db5ed.dir/CheckFunctionExists.c.o  -o cmTC_db5ed  -lpthreads 
/usr/bin/ld: 找不到 -lpthreads
collect2: error: ld returned 1 exit status
make[1]: *** [CMakeFiles/cmTC_db5ed.dir/build.make:87：cmTC_db5ed] 错误 1
make[1]: 离开目录“/home/rm/catkin_livox_ros_driver2/src/NEXTE_Sentry_Nav/build/CMakeFiles/CMakeTmp”
make: *** [Makefile:121：cmTC_db5ed/fast] 错误 2



Performing C SOURCE FILE Test CMAKE_HAVE_LIBC_PTHREAD failed with the following output:
Change Dir: /home/rm/catkin_livox_ros_driver2/src/NEXTE_Sentry_Nav/build/CMakeFiles/CMakeTmp

Run Build Command(s):/usr/bin/make cmTC_52b1a/fast && /usr/bin/make -f CMakeFiles/cmTC_52b1a.dir/build.make CMakeFiles/cmTC_52b1a.dir/build
make[1]: 进入目录“/home/rm/catkin_livox_ros_driver2/src/NEXTE_Sentry_Nav/build/CMakeFiles/CMakeTmp”
Building C object CMakeFiles/cmTC_52b1a.dir/src.c.o
/usr/bin/cc   -DCMAKE_HAVE_LIBC_PTHREAD   -o CMakeFiles/cmTC_52b1a.dir/src.c.o   -c /home/rm/catkin_livox_ros_driver2/src/NEXTE_Sentry_Nav/build/CMakeFiles/CMakeTmp/src.c
Linking C executable cmTC_52b1a
/usr/bin/cmake -E cmake_link_script CMakeFiles/cmTC_52b1a.dir/link.txt --verbose=1
/usr/bin/cc  -DCMAKE_HAVE_LIBC_PTHREAD    -rdynamic CMakeFiles/cmTC_52b1a.dir/src.c.o  -o cmTC_52b1a 
/usr/bin/ld: CMakeFiles/cmTC_52b1a.dir/src.c.o: in function `main':
src.c:(.text+0x46): undefined reference to `pthread_create'
/usr/bin/ld: src.c:(.text+0x52): undefined reference to `pthread_detach'
/usr/bin/ld: src.c:(.text+0x63): undefined reference to `pthread_join'
collect2: error: ld returned 1 exit status
make[1]: *** [CMakeFiles/cmTC_52b1a.dir/build.make:87：cmTC_52b1a] 错误 1
make[1]: 离开目录“/home/rm/catkin_livox_ros_driver2/src/NEXTE_Sentry_Nav/build/CMakeFiles/CMakeTmp”
make: *** [Makefile:121：cmTC_52b1a/fast] 错误 2


Source file was:
#include <pthread.h>

void* test_func(void* data)
{
  return data;
}

int main(void)
{
  pthread_t thread;
  pthread_create(&thread, NULL, test_func, NULL);
  pthread_detach(thread);
  pthread_join(thread, NULL);
  pthread_atfork(NULL, NULL, NULL);
  pthread_exit(NULL);

  return 0;
}

Determining if the function pthread_create exists in the pthreads failed with the following output:
Change Dir: /home/rm/catkin_livox_ros_driver2/src/NEXTE_Sentry_Nav/build/CMakeFiles/CMakeTmp

Run Build Command(s):/usr/bin/make cmTC_cb668/fast && /usr/bin/make -f CMakeFiles/cmTC_cb668.dir/build.make CMakeFiles/cmTC_cb668.dir/build
make[1]: 进入目录“/home/rm/catkin_livox_ros_driver2/src/NEXTE_Sentry_Nav/build/CMakeFiles/CMakeTmp”
Building C object CMakeFiles/cmTC_cb668.dir/CheckFunctionExists.c.o
/usr/bin/cc   -DCHECK_FUNCTION_EXISTS=pthread_create   -o CMakeFiles/cmTC_cb668.dir/CheckFunctionExists.c.o   -c /usr/share/cmake-3.16/Modules/CheckFunctionExists.c
Linking C executable cmTC_cb668
/usr/bin/cmake -E cmake_link_script CMakeFiles/cmTC_cb668.dir/link.txt --verbose=1
/usr/bin/cc  -DCHECK_FUNCTION_EXISTS=pthread_create    -rdynamic CMakeFiles/cmTC_cb668.dir/CheckFunctionExists.c.o  -o cmTC_cb668  -lpthreads 
/usr/bin/ld: 找不到 -lpthreads
collect2: error: ld returned 1 exit status
make[1]: *** [CMakeFiles/cmTC_cb668.dir/build.make:87：cmTC_cb668] 错误 1
make[1]: 离开目录“/home/rm/catkin_livox_ros_driver2/src/NEXTE_Sentry_Nav/build/CMakeFiles/CMakeTmp”
make: *** [Makefile:121：cmTC_cb668/fast] 错误 2



Performing C SOURCE FILE Test CMAKE_HAVE_LIBC_PTHREAD failed with the following output:
Change Dir: /home/rm/catkin_livox_ros_driver2/src/NEXTE_Sentry_Nav/build/CMakeFiles/CMakeTmp

Run Build Command(s):/usr/bin/make cmTC_3bd76/fast && /usr/bin/make -f CMakeFiles/cmTC_3bd76.dir/build.make CMakeFiles/cmTC_3bd76.dir/build
make[1]: 进入目录“/home/rm/catkin_livox_ros_driver2/src/NEXTE_Sentry_Nav/build/CMakeFiles/CMakeTmp”
Building C object CMakeFiles/cmTC_3bd76.dir/src.c.o
/usr/bin/cc   -DCMAKE_HAVE_LIBC_PTHREAD   -o CMakeFiles/cmTC_3bd76.dir/src.c.o   -c /home/rm/catkin_livox_ros_driver2/src/NEXTE_Sentry_Nav/build/CMakeFiles/CMakeTmp/src.c
Linking C executable cmTC_3bd76
/usr/bin/cmake -E cmake_link_script CMakeFiles/cmTC_3bd76.dir/link.txt --verbose=1
/usr/bin/cc  -DCMAKE_HAVE_LIBC_PTHREAD    -rdynamic CMakeFiles/cmTC_3bd76.dir/src.c.o  -o cmTC_3bd76 
/usr/bin/ld: CMakeFiles/cmTC_3bd76.dir/src.c.o: in function `main':
src.c:(.text+0x46): undefined reference to `pthread_create'
/usr/bin/ld: src.c:(.text+0x52): undefined reference to `pthread_detach'
/usr/bin/ld: src.c:(.text+0x63): undefined reference to `pthread_join'
collect2: error: ld returned 1 exit status
make[1]: *** [CMakeFiles/cmTC_3bd76.dir/build.make:87：cmTC_3bd76] 错误 1
make[1]: 离开目录“/home/rm/catkin_livox_ros_driver2/src/NEXTE_Sentry_Nav/build/CMakeFiles/CMakeTmp”
make: *** [Makefile:121：cmTC_3bd76/fast] 错误 2


Source file was:
#include <pthread.h>

void* test_func(void* data)
{
  return data;
}

int main(void)
{
  pthread_t thread;
  pthread_create(&thread, NULL, test_func, NULL);
  pthread_detach(thread);
  pthread_join(thread, NULL);
  pthread_atfork(NULL, NULL, NULL);
  pthread_exit(NULL);

  return 0;
}

Determining if the function pthread_create exists in the pthreads failed with the following output:
Change Dir: /home/rm/catkin_livox_ros_driver2/src/NEXTE_Sentry_Nav/build/CMakeFiles/CMakeTmp

Run Build Command(s):/usr/bin/make cmTC_631db/fast && /usr/bin/make -f CMakeFiles/cmTC_631db.dir/build.make CMakeFiles/cmTC_631db.dir/build
make[1]: 进入目录“/home/rm/catkin_livox_ros_driver2/src/NEXTE_Sentry_Nav/build/CMakeFiles/CMakeTmp”
Building C object CMakeFiles/cmTC_631db.dir/CheckFunctionExists.c.o
/usr/bin/cc   -DCHECK_FUNCTION_EXISTS=pthread_create   -o CMakeFiles/cmTC_631db.dir/CheckFunctionExists.c.o   -c /usr/share/cmake-3.16/Modules/CheckFunctionExists.c
Linking C executable cmTC_631db
/usr/bin/cmake -E cmake_link_script CMakeFiles/cmTC_631db.dir/link.txt --verbose=1
/usr/bin/cc  -DCHECK_FUNCTION_EXISTS=pthread_create    -rdynamic CMakeFiles/cmTC_631db.dir/CheckFunctionExists.c.o  -o cmTC_631db  -lpthreads 
/usr/bin/ld: 找不到 -lpthreads
collect2: error: ld returned 1 exit status
make[1]: *** [CMakeFiles/cmTC_631db.dir/build.make:87：cmTC_631db] 错误 1
make[1]: 离开目录“/home/rm/catkin_livox_ros_driver2/src/NEXTE_Sentry_Nav/build/CMakeFiles/CMakeTmp”
make: *** [Makefile:121：cmTC_631db/fast] 错误 2



Performing C SOURCE FILE Test CMAKE_HAVE_LIBC_PTHREAD failed with the following output:
Change Dir: /home/rm/catkin_livox_ros_driver2/src/NEXTE_Sentry_Nav/build/CMakeFiles/CMakeTmp

Run Build Command(s):/usr/bin/make cmTC_c2b57/fast && /usr/bin/make -f CMakeFiles/cmTC_c2b57.dir/build.make CMakeFiles/cmTC_c2b57.dir/build
make[1]: 进入目录“/home/rm/catkin_livox_ros_driver2/src/NEXTE_Sentry_Nav/build/CMakeFiles/CMakeTmp”
Building C object CMakeFiles/cmTC_c2b57.dir/src.c.o
/usr/bin/cc   -DCMAKE_HAVE_LIBC_PTHREAD   -o CMakeFiles/cmTC_c2b57.dir/src.c.o   -c /home/rm/catkin_livox_ros_driver2/src/NEXTE_Sentry_Nav/build/CMakeFiles/CMakeTmp/src.c
Linking C executable cmTC_c2b57
/usr/bin/cmake -E cmake_link_script CMakeFiles/cmTC_c2b57.dir/link.txt --verbose=1
/usr/bin/cc  -DCMAKE_HAVE_LIBC_PTHREAD    -rdynamic CMakeFiles/cmTC_c2b57.dir/src.c.o  -o cmTC_c2b57 
/usr/bin/ld: CMakeFiles/cmTC_c2b57.dir/src.c.o: in function `main':
src.c:(.text+0x46): undefined reference to `pthread_create'
/usr/bin/ld: src.c:(.text+0x52): undefined reference to `pthread_detach'
/usr/bin/ld: src.c:(.text+0x63): undefined reference to `pthread_join'
collect2: error: ld returned 1 exit status
make[1]: *** [CMakeFiles/cmTC_c2b57.dir/build.make:87：cmTC_c2b57] 错误 1
make[1]: 离开目录“/home/rm/catkin_livox_ros_driver2/src/NEXTE_Sentry_Nav/build/CMakeFiles/CMakeTmp”
make: *** [Makefile:121：cmTC_c2b57/fast] 错误 2


Source file was:
#include <pthread.h>

void* test_func(void* data)
{
  return data;
}

int main(void)
{
  pthread_t thread;
  pthread_create(&thread, NULL, test_func, NULL);
  pthread_detach(thread);
  pthread_join(thread, NULL);
  pthread_atfork(NULL, NULL, NULL);
  pthread_exit(NULL);

  return 0;
}

Determining if the function pthread_create exists in the pthreads failed with the following output:
Change Dir: /home/rm/catkin_livox_ros_driver2/src/NEXTE_Sentry_Nav/build/CMakeFiles/CMakeTmp

Run Build Command(s):/usr/bin/make cmTC_2c735/fast && /usr/bin/make -f CMakeFiles/cmTC_2c735.dir/build.make CMakeFiles/cmTC_2c735.dir/build
make[1]: 进入目录“/home/rm/catkin_livox_ros_driver2/src/NEXTE_Sentry_Nav/build/CMakeFiles/CMakeTmp”
Building C object CMakeFiles/cmTC_2c735.dir/CheckFunctionExists.c.o
/usr/bin/cc   -DCHECK_FUNCTION_EXISTS=pthread_create   -o CMakeFiles/cmTC_2c735.dir/CheckFunctionExists.c.o   -c /usr/share/cmake-3.16/Modules/CheckFunctionExists.c
Linking C executable cmTC_2c735
/usr/bin/cmake -E cmake_link_script CMakeFiles/cmTC_2c735.dir/link.txt --verbose=1
/usr/bin/cc  -DCHECK_FUNCTION_EXISTS=pthread_create    -rdynamic CMakeFiles/cmTC_2c735.dir/CheckFunctionExists.c.o  -o cmTC_2c735  -lpthreads 
/usr/bin/ld: 找不到 -lpthreads
collect2: error: ld returned 1 exit status
make[1]: *** [CMakeFiles/cmTC_2c735.dir/build.make:87：cmTC_2c735] 错误 1
make[1]: 离开目录“/home/rm/catkin_livox_ros_driver2/src/NEXTE_Sentry_Nav/build/CMakeFiles/CMakeTmp”
make: *** [Makefile:121：cmTC_2c735/fast] 错误 2



Performing C SOURCE FILE Test CMAKE_HAVE_LIBC_PTHREAD failed with the following output:
Change Dir: /home/rm/catkin_livox_ros_driver2/src/NEXTE_Sentry_Nav/build/CMakeFiles/CMakeTmp

Run Build Command(s):/usr/bin/make cmTC_a6f5c/fast && /usr/bin/make -f CMakeFiles/cmTC_a6f5c.dir/build.make CMakeFiles/cmTC_a6f5c.dir/build
make[1]: 进入目录“/home/rm/catkin_livox_ros_driver2/src/NEXTE_Sentry_Nav/build/CMakeFiles/CMakeTmp”
Building C object CMakeFiles/cmTC_a6f5c.dir/src.c.o
/usr/bin/cc   -DCMAKE_HAVE_LIBC_PTHREAD   -o CMakeFiles/cmTC_a6f5c.dir/src.c.o   -c /home/rm/catkin_livox_ros_driver2/src/NEXTE_Sentry_Nav/build/CMakeFiles/CMakeTmp/src.c
Linking C executable cmTC_a6f5c
/usr/bin/cmake -E cmake_link_script CMakeFiles/cmTC_a6f5c.dir/link.txt --verbose=1
/usr/bin/cc  -DCMAKE_HAVE_LIBC_PTHREAD    -rdynamic CMakeFiles/cmTC_a6f5c.dir/src.c.o  -o cmTC_a6f5c 
/usr/bin/ld: CMakeFiles/cmTC_a6f5c.dir/src.c.o: in function `main':
src.c:(.text+0x46): undefined reference to `pthread_create'
/usr/bin/ld: src.c:(.text+0x52): undefined reference to `pthread_detach'
/usr/bin/ld: src.c:(.text+0x63): undefined reference to `pthread_join'
collect2: error: ld returned 1 exit status
make[1]: *** [CMakeFiles/cmTC_a6f5c.dir/build.make:87：cmTC_a6f5c] 错误 1
make[1]: 离开目录“/home/rm/catkin_livox_ros_driver2/src/NEXTE_Sentry_Nav/build/CMakeFiles/CMakeTmp”
make: *** [Makefile:121：cmTC_a6f5c/fast] 错误 2


Source file was:
#include <pthread.h>

void* test_func(void* data)
{
  return data;
}

int main(void)
{
  pthread_t thread;
  pthread_create(&thread, NULL, test_func, NULL);
  pthread_detach(thread);
  pthread_join(thread, NULL);
  pthread_atfork(NULL, NULL, NULL);
  pthread_exit(NULL);

  return 0;
}

Determining if the function pthread_create exists in the pthreads failed with the following output:
Change Dir: /home/rm/catkin_livox_ros_driver2/src/NEXTE_Sentry_Nav/build/CMakeFiles/CMakeTmp

Run Build Command(s):/usr/bin/make cmTC_3a5b7/fast && /usr/bin/make -f CMakeFiles/cmTC_3a5b7.dir/build.make CMakeFiles/cmTC_3a5b7.dir/build
make[1]: 进入目录“/home/rm/catkin_livox_ros_driver2/src/NEXTE_Sentry_Nav/build/CMakeFiles/CMakeTmp”
Building C object CMakeFiles/cmTC_3a5b7.dir/CheckFunctionExists.c.o
/usr/bin/cc   -DCHECK_FUNCTION_EXISTS=pthread_create   -o CMakeFiles/cmTC_3a5b7.dir/CheckFunctionExists.c.o   -c /usr/share/cmake-3.16/Modules/CheckFunctionExists.c
Linking C executable cmTC_3a5b7
/usr/bin/cmake -E cmake_link_script CMakeFiles/cmTC_3a5b7.dir/link.txt --verbose=1
/usr/bin/cc  -DCHECK_FUNCTION_EXISTS=pthread_create    -rdynamic CMakeFiles/cmTC_3a5b7.dir/CheckFunctionExists.c.o  -o cmTC_3a5b7  -lpthreads 
/usr/bin/ld: 找不到 -lpthreads
collect2: error: ld returned 1 exit status
make[1]: *** [CMakeFiles/cmTC_3a5b7.dir/build.make:87：cmTC_3a5b7] 错误 1
make[1]: 离开目录“/home/rm/catkin_livox_ros_driver2/src/NEXTE_Sentry_Nav/build/CMakeFiles/CMakeTmp”
make: *** [Makefile:121：cmTC_3a5b7/fast] 错误 2



Performing C SOURCE FILE Test CMAKE_HAVE_LIBC_PTHREAD failed with the following output:
Change Dir: /home/rm/catkin_livox_ros_driver2/src/NEXTE_Sentry_Nav/build/CMakeFiles/CMakeTmp

Run Build Command(s):/usr/bin/make cmTC_1b53c/fast && /usr/bin/make -f CMakeFiles/cmTC_1b53c.dir/build.make CMakeFiles/cmTC_1b53c.dir/build
make[1]: 进入目录“/home/rm/catkin_livox_ros_driver2/src/NEXTE_Sentry_Nav/build/CMakeFiles/CMakeTmp”
Building C object CMakeFiles/cmTC_1b53c.dir/src.c.o
/usr/bin/cc   -DCMAKE_HAVE_LIBC_PTHREAD   -o CMakeFiles/cmTC_1b53c.dir/src.c.o   -c /home/rm/catkin_livox_ros_driver2/src/NEXTE_Sentry_Nav/build/CMakeFiles/CMakeTmp/src.c
Linking C executable cmTC_1b53c
/usr/bin/cmake -E cmake_link_script CMakeFiles/cmTC_1b53c.dir/link.txt --verbose=1
/usr/bin/cc  -DCMAKE_HAVE_LIBC_PTHREAD    -rdynamic CMakeFiles/cmTC_1b53c.dir/src.c.o  -o cmTC_1b53c 
/usr/bin/ld: CMakeFiles/cmTC_1b53c.dir/src.c.o: in function `main':
src.c:(.text+0x46): undefined reference to `pthread_create'
/usr/bin/ld: src.c:(.text+0x52): undefined reference to `pthread_detach'
/usr/bin/ld: src.c:(.text+0x63): undefined reference to `pthread_join'
collect2: error: ld returned 1 exit status
make[1]: *** [CMakeFiles/cmTC_1b53c.dir/build.make:87：cmTC_1b53c] 错误 1
make[1]: 离开目录“/home/rm/catkin_livox_ros_driver2/src/NEXTE_Sentry_Nav/build/CMakeFiles/CMakeTmp”
make: *** [Makefile:121：cmTC_1b53c/fast] 错误 2


Source file was:
#include <pthread.h>

void* test_func(void* data)
{
  return data;
}

int main(void)
{
  pthread_t thread;
  pthread_create(&thread, NULL, test_func, NULL);
  pthread_detach(thread);
  pthread_join(thread, NULL);
  pthread_atfork(NULL, NULL, NULL);
  pthread_exit(NULL);

  return 0;
}

Determining if the function pthread_create exists in the pthreads failed with the following output:
Change Dir: /home/rm/catkin_livox_ros_driver2/src/NEXTE_Sentry_Nav/build/CMakeFiles/CMakeTmp

Run Build Command(s):/usr/bin/make cmTC_eaab2/fast && /usr/bin/make -f CMakeFiles/cmTC_eaab2.dir/build.make CMakeFiles/cmTC_eaab2.dir/build
make[1]: 进入目录“/home/rm/catkin_livox_ros_driver2/src/NEXTE_Sentry_Nav/build/CMakeFiles/CMakeTmp”
Building C object CMakeFiles/cmTC_eaab2.dir/CheckFunctionExists.c.o
/usr/bin/cc   -DCHECK_FUNCTION_EXISTS=pthread_create   -o CMakeFiles/cmTC_eaab2.dir/CheckFunctionExists.c.o   -c /usr/share/cmake-3.16/Modules/CheckFunctionExists.c
Linking C executable cmTC_eaab2
/usr/bin/cmake -E cmake_link_script CMakeFiles/cmTC_eaab2.dir/link.txt --verbose=1
/usr/bin/cc  -DCHECK_FUNCTION_EXISTS=pthread_create    -rdynamic CMakeFiles/cmTC_eaab2.dir/CheckFunctionExists.c.o  -o cmTC_eaab2  -lpthreads 
/usr/bin/ld: 找不到 -lpthreads
collect2: error: ld returned 1 exit status
make[1]: *** [CMakeFiles/cmTC_eaab2.dir/build.make:87：cmTC_eaab2] 错误 1
make[1]: 离开目录“/home/rm/catkin_livox_ros_driver2/src/NEXTE_Sentry_Nav/build/CMakeFiles/CMakeTmp”
make: *** [Makefile:121：cmTC_eaab2/fast] 错误 2



Performing C SOURCE FILE Test CMAKE_HAVE_LIBC_PTHREAD failed with the following output:
Change Dir: /home/rm/catkin_livox_ros_driver2/src/NEXTE_Sentry_Nav/build/CMakeFiles/CMakeTmp

Run Build Command(s):/usr/bin/make cmTC_6cd26/fast && /usr/bin/make -f CMakeFiles/cmTC_6cd26.dir/build.make CMakeFiles/cmTC_6cd26.dir/build
make[1]: 进入目录“/home/rm/catkin_livox_ros_driver2/src/NEXTE_Sentry_Nav/build/CMakeFiles/CMakeTmp”
Building C object CMakeFiles/cmTC_6cd26.dir/src.c.o
/usr/bin/cc   -DCMAKE_HAVE_LIBC_PTHREAD   -o CMakeFiles/cmTC_6cd26.dir/src.c.o   -c /home/rm/catkin_livox_ros_driver2/src/NEXTE_Sentry_Nav/build/CMakeFiles/CMakeTmp/src.c
Linking C executable cmTC_6cd26
/usr/bin/cmake -E cmake_link_script CMakeFiles/cmTC_6cd26.dir/link.txt --verbose=1
/usr/bin/cc  -DCMAKE_HAVE_LIBC_PTHREAD    -rdynamic CMakeFiles/cmTC_6cd26.dir/src.c.o  -o cmTC_6cd26 
/usr/bin/ld: CMakeFiles/cmTC_6cd26.dir/src.c.o: in function `main':
src.c:(.text+0x46): undefined reference to `pthread_create'
/usr/bin/ld: src.c:(.text+0x52): undefined reference to `pthread_detach'
/usr/bin/ld: src.c:(.text+0x63): undefined reference to `pthread_join'
collect2: error: ld returned 1 exit status
make[1]: *** [CMakeFiles/cmTC_6cd26.dir/build.make:87：cmTC_6cd26] 错误 1
make[1]: 离开目录“/home/rm/catkin_livox_ros_driver2/src/NEXTE_Sentry_Nav/build/CMakeFiles/CMakeTmp”
make: *** [Makefile:121：cmTC_6cd26/fast] 错误 2


Source file was:
#include <pthread.h>

void* test_func(void* data)
{
  return data;
}

int main(void)
{
  pthread_t thread;
  pthread_create(&thread, NULL, test_func, NULL);
  pthread_detach(thread);
  pthread_join(thread, NULL);
  pthread_atfork(NULL, NULL, NULL);
  pthread_exit(NULL);

  return 0;
}

Determining if the function pthread_create exists in the pthreads failed with the following output:
Change Dir: /home/rm/catkin_livox_ros_driver2/src/NEXTE_Sentry_Nav/build/CMakeFiles/CMakeTmp

Run Build Command(s):/usr/bin/make cmTC_837b6/fast && /usr/bin/make -f CMakeFiles/cmTC_837b6.dir/build.make CMakeFiles/cmTC_837b6.dir/build
make[1]: 进入目录“/home/rm/catkin_livox_ros_driver2/src/NEXTE_Sentry_Nav/build/CMakeFiles/CMakeTmp”
Building C object CMakeFiles/cmTC_837b6.dir/CheckFunctionExists.c.o
/usr/bin/cc   -DCHECK_FUNCTION_EXISTS=pthread_create   -o CMakeFiles/cmTC_837b6.dir/CheckFunctionExists.c.o   -c /usr/share/cmake-3.16/Modules/CheckFunctionExists.c
Linking C executable cmTC_837b6
/usr/bin/cmake -E cmake_link_script CMakeFiles/cmTC_837b6.dir/link.txt --verbose=1
/usr/bin/cc  -DCHECK_FUNCTION_EXISTS=pthread_create    -rdynamic CMakeFiles/cmTC_837b6.dir/CheckFunctionExists.c.o  -o cmTC_837b6  -lpthreads 
/usr/bin/ld: 找不到 -lpthreads
collect2: error: ld returned 1 exit status
make[1]: *** [CMakeFiles/cmTC_837b6.dir/build.make:87：cmTC_837b6] 错误 1
make[1]: 离开目录“/home/rm/catkin_livox_ros_driver2/src/NEXTE_Sentry_Nav/build/CMakeFiles/CMakeTmp”
make: *** [Makefile:121：cmTC_837b6/fast] 错误 2



Performing C SOURCE FILE Test CMAKE_HAVE_LIBC_PTHREAD failed with the following output:
Change Dir: /home/rm/catkin_livox_ros_driver2/src/NEXTE_Sentry_Nav/build/CMakeFiles/CMakeTmp

Run Build Command(s):/usr/bin/make cmTC_aa970/fast && /usr/bin/make -f CMakeFiles/cmTC_aa970.dir/build.make CMakeFiles/cmTC_aa970.dir/build
make[1]: 进入目录“/home/rm/catkin_livox_ros_driver2/src/NEXTE_Sentry_Nav/build/CMakeFiles/CMakeTmp”
Building C object CMakeFiles/cmTC_aa970.dir/src.c.o
/usr/bin/cc   -DCMAKE_HAVE_LIBC_PTHREAD   -o CMakeFiles/cmTC_aa970.dir/src.c.o   -c /home/rm/catkin_livox_ros_driver2/src/NEXTE_Sentry_Nav/build/CMakeFiles/CMakeTmp/src.c
Linking C executable cmTC_aa970
/usr/bin/cmake -E cmake_link_script CMakeFiles/cmTC_aa970.dir/link.txt --verbose=1
/usr/bin/cc  -DCMAKE_HAVE_LIBC_PTHREAD    -rdynamic CMakeFiles/cmTC_aa970.dir/src.c.o  -o cmTC_aa970 
/usr/bin/ld: CMakeFiles/cmTC_aa970.dir/src.c.o: in function `main':
src.c:(.text+0x46): undefined reference to `pthread_create'
/usr/bin/ld: src.c:(.text+0x52): undefined reference to `pthread_detach'
/usr/bin/ld: src.c:(.text+0x63): undefined reference to `pthread_join'
collect2: error: ld returned 1 exit status
make[1]: *** [CMakeFiles/cmTC_aa970.dir/build.make:87：cmTC_aa970] 错误 1
make[1]: 离开目录“/home/rm/catkin_livox_ros_driver2/src/NEXTE_Sentry_Nav/build/CMakeFiles/CMakeTmp”
make: *** [Makefile:121：cmTC_aa970/fast] 错误 2


Source file was:
#include <pthread.h>

void* test_func(void* data)
{
  return data;
}

int main(void)
{
  pthread_t thread;
  pthread_create(&thread, NULL, test_func, NULL);
  pthread_detach(thread);
  pthread_join(thread, NULL);
  pthread_atfork(NULL, NULL, NULL);
  pthread_exit(NULL);

  return 0;
}

Determining if the function pthread_create exists in the pthreads failed with the following output:
Change Dir: /home/rm/catkin_livox_ros_driver2/src/NEXTE_Sentry_Nav/build/CMakeFiles/CMakeTmp

Run Build Command(s):/usr/bin/make cmTC_d413c/fast && /usr/bin/make -f CMakeFiles/cmTC_d413c.dir/build.make CMakeFiles/cmTC_d413c.dir/build
make[1]: 进入目录“/home/rm/catkin_livox_ros_driver2/src/NEXTE_Sentry_Nav/build/CMakeFiles/CMakeTmp”
Building C object CMakeFiles/cmTC_d413c.dir/CheckFunctionExists.c.o
/usr/bin/cc   -DCHECK_FUNCTION_EXISTS=pthread_create   -o CMakeFiles/cmTC_d413c.dir/CheckFunctionExists.c.o   -c /usr/share/cmake-3.16/Modules/CheckFunctionExists.c
Linking C executable cmTC_d413c
/usr/bin/cmake -E cmake_link_script CMakeFiles/cmTC_d413c.dir/link.txt --verbose=1
/usr/bin/cc  -DCHECK_FUNCTION_EXISTS=pthread_create    -rdynamic CMakeFiles/cmTC_d413c.dir/CheckFunctionExists.c.o  -o cmTC_d413c  -lpthreads 
/usr/bin/ld: 找不到 -lpthreads
collect2: error: ld returned 1 exit status
make[1]: *** [CMakeFiles/cmTC_d413c.dir/build.make:87：cmTC_d413c] 错误 1
make[1]: 离开目录“/home/rm/catkin_livox_ros_driver2/src/NEXTE_Sentry_Nav/build/CMakeFiles/CMakeTmp”
make: *** [Makefile:121：cmTC_d413c/fast] 错误 2



Performing C SOURCE FILE Test CMAKE_HAVE_LIBC_PTHREAD failed with the following output:
Change Dir: /home/rm/catkin_livox_ros_driver2/src/NEXTE_Sentry_Nav/build/CMakeFiles/CMakeTmp

Run Build Command(s):/usr/bin/make cmTC_3ee20/fast && /usr/bin/make -f CMakeFiles/cmTC_3ee20.dir/build.make CMakeFiles/cmTC_3ee20.dir/build
make[1]: 进入目录“/home/rm/catkin_livox_ros_driver2/src/NEXTE_Sentry_Nav/build/CMakeFiles/CMakeTmp”
Building C object CMakeFiles/cmTC_3ee20.dir/src.c.o
/usr/bin/cc   -DCMAKE_HAVE_LIBC_PTHREAD   -o CMakeFiles/cmTC_3ee20.dir/src.c.o   -c /home/rm/catkin_livox_ros_driver2/src/NEXTE_Sentry_Nav/build/CMakeFiles/CMakeTmp/src.c
Linking C executable cmTC_3ee20
/usr/bin/cmake -E cmake_link_script CMakeFiles/cmTC_3ee20.dir/link.txt --verbose=1
/usr/bin/cc  -DCMAKE_HAVE_LIBC_PTHREAD    -rdynamic CMakeFiles/cmTC_3ee20.dir/src.c.o  -o cmTC_3ee20 
/usr/bin/ld: CMakeFiles/cmTC_3ee20.dir/src.c.o: in function `main':
src.c:(.text+0x46): undefined reference to `pthread_create'
/usr/bin/ld: src.c:(.text+0x52): undefined reference to `pthread_detach'
/usr/bin/ld: src.c:(.text+0x63): undefined reference to `pthread_join'
collect2: error: ld returned 1 exit status
make[1]: *** [CMakeFiles/cmTC_3ee20.dir/build.make:87：cmTC_3ee20] 错误 1
make[1]: 离开目录“/home/rm/catkin_livox_ros_driver2/src/NEXTE_Sentry_Nav/build/CMakeFiles/CMakeTmp”
make: *** [Makefile:121：cmTC_3ee20/fast] 错误 2


Source file was:
#include <pthread.h>

void* test_func(void* data)
{
  return data;
}

int main(void)
{
  pthread_t thread;
  pthread_create(&thread, NULL, test_func, NULL);
  pthread_detach(thread);
  pthread_join(thread, NULL);
  pthread_atfork(NULL, NULL, NULL);
  pthread_exit(NULL);

  return 0;
}

Determining if the function pthread_create exists in the pthreads failed with the following output:
Change Dir: /home/rm/catkin_livox_ros_driver2/src/NEXTE_Sentry_Nav/build/CMakeFiles/CMakeTmp

Run Build Command(s):/usr/bin/make cmTC_2bb86/fast && /usr/bin/make -f CMakeFiles/cmTC_2bb86.dir/build.make CMakeFiles/cmTC_2bb86.dir/build
make[1]: 进入目录“/home/rm/catkin_livox_ros_driver2/src/NEXTE_Sentry_Nav/build/CMakeFiles/CMakeTmp”
Building C object CMakeFiles/cmTC_2bb86.dir/CheckFunctionExists.c.o
/usr/bin/cc   -DCHECK_FUNCTION_EXISTS=pthread_create   -o CMakeFiles/cmTC_2bb86.dir/CheckFunctionExists.c.o   -c /usr/share/cmake-3.16/Modules/CheckFunctionExists.c
Linking C executable cmTC_2bb86
/usr/bin/cmake -E cmake_link_script CMakeFiles/cmTC_2bb86.dir/link.txt --verbose=1
/usr/bin/cc  -DCHECK_FUNCTION_EXISTS=pthread_create    -rdynamic CMakeFiles/cmTC_2bb86.dir/CheckFunctionExists.c.o  -o cmTC_2bb86  -lpthreads 
/usr/bin/ld: 找不到 -lpthreads
collect2: error: ld returned 1 exit status
make[1]: *** [CMakeFiles/cmTC_2bb86.dir/build.make:87：cmTC_2bb86] 错误 1
make[1]: 离开目录“/home/rm/catkin_livox_ros_driver2/src/NEXTE_Sentry_Nav/build/CMakeFiles/CMakeTmp”
make: *** [Makefile:121：cmTC_2bb86/fast] 错误 2



Performing C SOURCE FILE Test CMAKE_HAVE_LIBC_PTHREAD failed with the following output:
Change Dir: /home/rm/catkin_livox_ros_driver2/src/NEXTE_Sentry_Nav/build/CMakeFiles/CMakeTmp

Run Build Command(s):/usr/bin/make cmTC_396e0/fast && /usr/bin/make -f CMakeFiles/cmTC_396e0.dir/build.make CMakeFiles/cmTC_396e0.dir/build
make[1]: 进入目录“/home/rm/catkin_livox_ros_driver2/src/NEXTE_Sentry_Nav/build/CMakeFiles/CMakeTmp”
Building C object CMakeFiles/cmTC_396e0.dir/src.c.o
/usr/bin/cc   -DCMAKE_HAVE_LIBC_PTHREAD   -o CMakeFiles/cmTC_396e0.dir/src.c.o   -c /home/rm/catkin_livox_ros_driver2/src/NEXTE_Sentry_Nav/build/CMakeFiles/CMakeTmp/src.c
Linking C executable cmTC_396e0
/usr/bin/cmake -E cmake_link_script CMakeFiles/cmTC_396e0.dir/link.txt --verbose=1
/usr/bin/cc  -DCMAKE_HAVE_LIBC_PTHREAD    -rdynamic CMakeFiles/cmTC_396e0.dir/src.c.o  -o cmTC_396e0 
/usr/bin/ld: CMakeFiles/cmTC_396e0.dir/src.c.o: in function `main':
src.c:(.text+0x46): undefined reference to `pthread_create'
/usr/bin/ld: src.c:(.text+0x52): undefined reference to `pthread_detach'
/usr/bin/ld: src.c:(.text+0x63): undefined reference to `pthread_join'
collect2: error: ld returned 1 exit status
make[1]: *** [CMakeFiles/cmTC_396e0.dir/build.make:87：cmTC_396e0] 错误 1
make[1]: 离开目录“/home/rm/catkin_livox_ros_driver2/src/NEXTE_Sentry_Nav/build/CMakeFiles/CMakeTmp”
make: *** [Makefile:121：cmTC_396e0/fast] 错误 2


Source file was:
#include <pthread.h>

void* test_func(void* data)
{
  return data;
}

int main(void)
{
  pthread_t thread;
  pthread_create(&thread, NULL, test_func, NULL);
  pthread_detach(thread);
  pthread_join(thread, NULL);
  pthread_atfork(NULL, NULL, NULL);
  pthread_exit(NULL);

  return 0;
}

Determining if the function pthread_create exists in the pthreads failed with the following output:
Change Dir: /home/rm/catkin_livox_ros_driver2/src/NEXTE_Sentry_Nav/build/CMakeFiles/CMakeTmp

Run Build Command(s):/usr/bin/make cmTC_c72b5/fast && /usr/bin/make -f CMakeFiles/cmTC_c72b5.dir/build.make CMakeFiles/cmTC_c72b5.dir/build
make[1]: 进入目录“/home/rm/catkin_livox_ros_driver2/src/NEXTE_Sentry_Nav/build/CMakeFiles/CMakeTmp”
Building C object CMakeFiles/cmTC_c72b5.dir/CheckFunctionExists.c.o
/usr/bin/cc   -DCHECK_FUNCTION_EXISTS=pthread_create   -o CMakeFiles/cmTC_c72b5.dir/CheckFunctionExists.c.o   -c /usr/share/cmake-3.16/Modules/CheckFunctionExists.c
Linking C executable cmTC_c72b5
/usr/bin/cmake -E cmake_link_script CMakeFiles/cmTC_c72b5.dir/link.txt --verbose=1
/usr/bin/cc  -DCHECK_FUNCTION_EXISTS=pthread_create    -rdynamic CMakeFiles/cmTC_c72b5.dir/CheckFunctionExists.c.o  -o cmTC_c72b5  -lpthreads 
/usr/bin/ld: 找不到 -lpthreads
collect2: error: ld returned 1 exit status
make[1]: *** [CMakeFiles/cmTC_c72b5.dir/build.make:87：cmTC_c72b5] 错误 1
make[1]: 离开目录“/home/rm/catkin_livox_ros_driver2/src/NEXTE_Sentry_Nav/build/CMakeFiles/CMakeTmp”
make: *** [Makefile:121：cmTC_c72b5/fast] 错误 2



Performing C SOURCE FILE Test CMAKE_HAVE_LIBC_PTHREAD failed with the following output:
Change Dir: /home/rm/catkin_livox_ros_driver2/src/NEXTE_Sentry_Nav/build/CMakeFiles/CMakeTmp

Run Build Command(s):/usr/bin/make cmTC_47b1b/fast && /usr/bin/make -f CMakeFiles/cmTC_47b1b.dir/build.make CMakeFiles/cmTC_47b1b.dir/build
make[1]: 进入目录“/home/rm/catkin_livox_ros_driver2/src/NEXTE_Sentry_Nav/build/CMakeFiles/CMakeTmp”
Building C object CMakeFiles/cmTC_47b1b.dir/src.c.o
/usr/bin/cc   -DCMAKE_HAVE_LIBC_PTHREAD   -o CMakeFiles/cmTC_47b1b.dir/src.c.o   -c /home/rm/catkin_livox_ros_driver2/src/NEXTE_Sentry_Nav/build/CMakeFiles/CMakeTmp/src.c
Linking C executable cmTC_47b1b
/usr/bin/cmake -E cmake_link_script CMakeFiles/cmTC_47b1b.dir/link.txt --verbose=1
/usr/bin/cc  -DCMAKE_HAVE_LIBC_PTHREAD    -rdynamic CMakeFiles/cmTC_47b1b.dir/src.c.o  -o cmTC_47b1b 
/usr/bin/ld: CMakeFiles/cmTC_47b1b.dir/src.c.o: in function `main':
src.c:(.text+0x46): undefined reference to `pthread_create'
/usr/bin/ld: src.c:(.text+0x52): undefined reference to `pthread_detach'
/usr/bin/ld: src.c:(.text+0x63): undefined reference to `pthread_join'
collect2: error: ld returned 1 exit status
make[1]: *** [CMakeFiles/cmTC_47b1b.dir/build.make:87：cmTC_47b1b] 错误 1
make[1]: 离开目录“/home/rm/catkin_livox_ros_driver2/src/NEXTE_Sentry_Nav/build/CMakeFiles/CMakeTmp”
make: *** [Makefile:121：cmTC_47b1b/fast] 错误 2


Source file was:
#include <pthread.h>

void* test_func(void* data)
{
  return data;
}

int main(void)
{
  pthread_t thread;
  pthread_create(&thread, NULL, test_func, NULL);
  pthread_detach(thread);
  pthread_join(thread, NULL);
  pthread_atfork(NULL, NULL, NULL);
  pthread_exit(NULL);

  return 0;
}

Determining if the function pthread_create exists in the pthreads failed with the following output:
Change Dir: /home/rm/catkin_livox_ros_driver2/src/NEXTE_Sentry_Nav/build/CMakeFiles/CMakeTmp

Run Build Command(s):/usr/bin/make cmTC_7af2e/fast && /usr/bin/make -f CMakeFiles/cmTC_7af2e.dir/build.make CMakeFiles/cmTC_7af2e.dir/build
make[1]: 进入目录“/home/rm/catkin_livox_ros_driver2/src/NEXTE_Sentry_Nav/build/CMakeFiles/CMakeTmp”
Building C object CMakeFiles/cmTC_7af2e.dir/CheckFunctionExists.c.o
/usr/bin/cc   -DCHECK_FUNCTION_EXISTS=pthread_create   -o CMakeFiles/cmTC_7af2e.dir/CheckFunctionExists.c.o   -c /usr/share/cmake-3.16/Modules/CheckFunctionExists.c
Linking C executable cmTC_7af2e
/usr/bin/cmake -E cmake_link_script CMakeFiles/cmTC_7af2e.dir/link.txt --verbose=1
/usr/bin/cc  -DCHECK_FUNCTION_EXISTS=pthread_create    -rdynamic CMakeFiles/cmTC_7af2e.dir/CheckFunctionExists.c.o  -o cmTC_7af2e  -lpthreads 
/usr/bin/ld: 找不到 -lpthreads
collect2: error: ld returned 1 exit status
make[1]: *** [CMakeFiles/cmTC_7af2e.dir/build.make:87：cmTC_7af2e] 错误 1
make[1]: 离开目录“/home/rm/catkin_livox_ros_driver2/src/NEXTE_Sentry_Nav/build/CMakeFiles/CMakeTmp”
make: *** [Makefile:121：cmTC_7af2e/fast] 错误 2



Performing C SOURCE FILE Test CMAKE_HAVE_LIBC_PTHREAD failed with the following output:
Change Dir: /home/rm/catkin_livox_ros_driver2/src/NEXTE_Sentry_Nav/build/CMakeFiles/CMakeTmp

Run Build Command(s):/usr/bin/make cmTC_f2a71/fast && /usr/bin/make -f CMakeFiles/cmTC_f2a71.dir/build.make CMakeFiles/cmTC_f2a71.dir/build
make[1]: 进入目录“/home/rm/catkin_livox_ros_driver2/src/NEXTE_Sentry_Nav/build/CMakeFiles/CMakeTmp”
Building C object CMakeFiles/cmTC_f2a71.dir/src.c.o
/usr/bin/cc   -DCMAKE_HAVE_LIBC_PTHREAD   -o CMakeFiles/cmTC_f2a71.dir/src.c.o   -c /home/rm/catkin_livox_ros_driver2/src/NEXTE_Sentry_Nav/build/CMakeFiles/CMakeTmp/src.c
Linking C executable cmTC_f2a71
/usr/bin/cmake -E cmake_link_script CMakeFiles/cmTC_f2a71.dir/link.txt --verbose=1
/usr/bin/cc  -DCMAKE_HAVE_LIBC_PTHREAD    -rdynamic CMakeFiles/cmTC_f2a71.dir/src.c.o  -o cmTC_f2a71 
/usr/bin/ld: CMakeFiles/cmTC_f2a71.dir/src.c.o: in function `main':
src.c:(.text+0x46): undefined reference to `pthread_create'
/usr/bin/ld: src.c:(.text+0x52): undefined reference to `pthread_detach'
/usr/bin/ld: src.c:(.text+0x63): undefined reference to `pthread_join'
collect2: error: ld returned 1 exit status
make[1]: *** [CMakeFiles/cmTC_f2a71.dir/build.make:87：cmTC_f2a71] 错误 1
make[1]: 离开目录“/home/rm/catkin_livox_ros_driver2/src/NEXTE_Sentry_Nav/build/CMakeFiles/CMakeTmp”
make: *** [Makefile:121：cmTC_f2a71/fast] 错误 2


Source file was:
#include <pthread.h>

void* test_func(void* data)
{
  return data;
}

int main(void)
{
  pthread_t thread;
  pthread_create(&thread, NULL, test_func, NULL);
  pthread_detach(thread);
  pthread_join(thread, NULL);
  pthread_atfork(NULL, NULL, NULL);
  pthread_exit(NULL);

  return 0;
}

Determining if the function pthread_create exists in the pthreads failed with the following output:
Change Dir: /home/rm/catkin_livox_ros_driver2/src/NEXTE_Sentry_Nav/build/CMakeFiles/CMakeTmp

Run Build Command(s):/usr/bin/make cmTC_c7d29/fast && /usr/bin/make -f CMakeFiles/cmTC_c7d29.dir/build.make CMakeFiles/cmTC_c7d29.dir/build
make[1]: 进入目录“/home/rm/catkin_livox_ros_driver2/src/NEXTE_Sentry_Nav/build/CMakeFiles/CMakeTmp”
Building C object CMakeFiles/cmTC_c7d29.dir/CheckFunctionExists.c.o
/usr/bin/cc   -DCHECK_FUNCTION_EXISTS=pthread_create   -o CMakeFiles/cmTC_c7d29.dir/CheckFunctionExists.c.o   -c /usr/share/cmake-3.16/Modules/CheckFunctionExists.c
Linking C executable cmTC_c7d29
/usr/bin/cmake -E cmake_link_script CMakeFiles/cmTC_c7d29.dir/link.txt --verbose=1
/usr/bin/cc  -DCHECK_FUNCTION_EXISTS=pthread_create    -rdynamic CMakeFiles/cmTC_c7d29.dir/CheckFunctionExists.c.o  -o cmTC_c7d29  -lpthreads 
/usr/bin/ld: 找不到 -lpthreads
collect2: error: ld returned 1 exit status
make[1]: *** [CMakeFiles/cmTC_c7d29.dir/build.make:87：cmTC_c7d29] 错误 1
make[1]: 离开目录“/home/rm/catkin_livox_ros_driver2/src/NEXTE_Sentry_Nav/build/CMakeFiles/CMakeTmp”
make: *** [Makefile:121：cmTC_c7d29/fast] 错误 2



Performing C SOURCE FILE Test CMAKE_HAVE_LIBC_PTHREAD failed with the following output:
Change Dir: /home/rm/catkin_livox_ros_driver2/src/NEXTE_Sentry_Nav/build/CMakeFiles/CMakeTmp

Run Build Command(s):/usr/bin/make cmTC_7d84f/fast && /usr/bin/make -f CMakeFiles/cmTC_7d84f.dir/build.make CMakeFiles/cmTC_7d84f.dir/build
make[1]: 进入目录“/home/rm/catkin_livox_ros_driver2/src/NEXTE_Sentry_Nav/build/CMakeFiles/CMakeTmp”
Building C object CMakeFiles/cmTC_7d84f.dir/src.c.o
/usr/bin/cc   -DCMAKE_HAVE_LIBC_PTHREAD   -o CMakeFiles/cmTC_7d84f.dir/src.c.o   -c /home/rm/catkin_livox_ros_driver2/src/NEXTE_Sentry_Nav/build/CMakeFiles/CMakeTmp/src.c
Linking C executable cmTC_7d84f
/usr/bin/cmake -E cmake_link_script CMakeFiles/cmTC_7d84f.dir/link.txt --verbose=1
/usr/bin/cc  -DCMAKE_HAVE_LIBC_PTHREAD    -rdynamic CMakeFiles/cmTC_7d84f.dir/src.c.o  -o cmTC_7d84f 
/usr/bin/ld: CMakeFiles/cmTC_7d84f.dir/src.c.o: in function `main':
src.c:(.text+0x46): undefined reference to `pthread_create'
/usr/bin/ld: src.c:(.text+0x52): undefined reference to `pthread_detach'
/usr/bin/ld: src.c:(.text+0x63): undefined reference to `pthread_join'
collect2: error: ld returned 1 exit status
make[1]: *** [CMakeFiles/cmTC_7d84f.dir/build.make:87：cmTC_7d84f] 错误 1
make[1]: 离开目录“/home/rm/catkin_livox_ros_driver2/src/NEXTE_Sentry_Nav/build/CMakeFiles/CMakeTmp”
make: *** [Makefile:121：cmTC_7d84f/fast] 错误 2


Source file was:
#include <pthread.h>

void* test_func(void* data)
{
  return data;
}

int main(void)
{
  pthread_t thread;
  pthread_create(&thread, NULL, test_func, NULL);
  pthread_detach(thread);
  pthread_join(thread, NULL);
  pthread_atfork(NULL, NULL, NULL);
  pthread_exit(NULL);

  return 0;
}

Determining if the function pthread_create exists in the pthreads failed with the following output:
Change Dir: /home/rm/catkin_livox_ros_driver2/src/NEXTE_Sentry_Nav/build/CMakeFiles/CMakeTmp

Run Build Command(s):/usr/bin/make cmTC_b4d83/fast && /usr/bin/make -f CMakeFiles/cmTC_b4d83.dir/build.make CMakeFiles/cmTC_b4d83.dir/build
make[1]: 进入目录“/home/rm/catkin_livox_ros_driver2/src/NEXTE_Sentry_Nav/build/CMakeFiles/CMakeTmp”
Building C object CMakeFiles/cmTC_b4d83.dir/CheckFunctionExists.c.o
/usr/bin/cc   -DCHECK_FUNCTION_EXISTS=pthread_create   -o CMakeFiles/cmTC_b4d83.dir/CheckFunctionExists.c.o   -c /usr/share/cmake-3.16/Modules/CheckFunctionExists.c
Linking C executable cmTC_b4d83
/usr/bin/cmake -E cmake_link_script CMakeFiles/cmTC_b4d83.dir/link.txt --verbose=1
/usr/bin/cc  -DCHECK_FUNCTION_EXISTS=pthread_create    -rdynamic CMakeFiles/cmTC_b4d83.dir/CheckFunctionExists.c.o  -o cmTC_b4d83  -lpthreads 
/usr/bin/ld: 找不到 -lpthreads
collect2: error: ld returned 1 exit status
make[1]: *** [CMakeFiles/cmTC_b4d83.dir/build.make:87：cmTC_b4d83] 错误 1
make[1]: 离开目录“/home/rm/catkin_livox_ros_driver2/src/NEXTE_Sentry_Nav/build/CMakeFiles/CMakeTmp”
make: *** [Makefile:121：cmTC_b4d83/fast] 错误 2



Performing C SOURCE FILE Test CMAKE_HAVE_LIBC_PTHREAD failed with the following output:
Change Dir: /home/rm/catkin_livox_ros_driver2/src/NEXTE_Sentry_Nav/build/CMakeFiles/CMakeTmp

Run Build Command(s):/usr/bin/make cmTC_73914/fast && /usr/bin/make -f CMakeFiles/cmTC_73914.dir/build.make CMakeFiles/cmTC_73914.dir/build
make[1]: 进入目录“/home/rm/catkin_livox_ros_driver2/src/NEXTE_Sentry_Nav/build/CMakeFiles/CMakeTmp”
Building C object CMakeFiles/cmTC_73914.dir/src.c.o
/usr/bin/cc   -DCMAKE_HAVE_LIBC_PTHREAD   -o CMakeFiles/cmTC_73914.dir/src.c.o   -c /home/rm/catkin_livox_ros_driver2/src/NEXTE_Sentry_Nav/build/CMakeFiles/CMakeTmp/src.c
Linking C executable cmTC_73914
/usr/bin/cmake -E cmake_link_script CMakeFiles/cmTC_73914.dir/link.txt --verbose=1
/usr/bin/cc  -DCMAKE_HAVE_LIBC_PTHREAD    -rdynamic CMakeFiles/cmTC_73914.dir/src.c.o  -o cmTC_73914 
/usr/bin/ld: CMakeFiles/cmTC_73914.dir/src.c.o: in function `main':
src.c:(.text+0x46): undefined reference to `pthread_create'
/usr/bin/ld: src.c:(.text+0x52): undefined reference to `pthread_detach'
/usr/bin/ld: src.c:(.text+0x63): undefined reference to `pthread_join'
collect2: error: ld returned 1 exit status
make[1]: *** [CMakeFiles/cmTC_73914.dir/build.make:87：cmTC_73914] 错误 1
make[1]: 离开目录“/home/rm/catkin_livox_ros_driver2/src/NEXTE_Sentry_Nav/build/CMakeFiles/CMakeTmp”
make: *** [Makefile:121：cmTC_73914/fast] 错误 2


Source file was:
#include <pthread.h>

void* test_func(void* data)
{
  return data;
}

int main(void)
{
  pthread_t thread;
  pthread_create(&thread, NULL, test_func, NULL);
  pthread_detach(thread);
  pthread_join(thread, NULL);
  pthread_atfork(NULL, NULL, NULL);
  pthread_exit(NULL);

  return 0;
}

Determining if the function pthread_create exists in the pthreads failed with the following output:
Change Dir: /home/rm/catkin_livox_ros_driver2/src/NEXTE_Sentry_Nav/build/CMakeFiles/CMakeTmp

Run Build Command(s):/usr/bin/make cmTC_51869/fast && /usr/bin/make -f CMakeFiles/cmTC_51869.dir/build.make CMakeFiles/cmTC_51869.dir/build
make[1]: 进入目录“/home/rm/catkin_livox_ros_driver2/src/NEXTE_Sentry_Nav/build/CMakeFiles/CMakeTmp”
Building C object CMakeFiles/cmTC_51869.dir/CheckFunctionExists.c.o
/usr/bin/cc   -DCHECK_FUNCTION_EXISTS=pthread_create   -o CMakeFiles/cmTC_51869.dir/CheckFunctionExists.c.o   -c /usr/share/cmake-3.16/Modules/CheckFunctionExists.c
Linking C executable cmTC_51869
/usr/bin/cmake -E cmake_link_script CMakeFiles/cmTC_51869.dir/link.txt --verbose=1
/usr/bin/cc  -DCHECK_FUNCTION_EXISTS=pthread_create    -rdynamic CMakeFiles/cmTC_51869.dir/CheckFunctionExists.c.o  -o cmTC_51869  -lpthreads 
/usr/bin/ld: 找不到 -lpthreads
collect2: error: ld returned 1 exit status
make[1]: *** [CMakeFiles/cmTC_51869.dir/build.make:87：cmTC_51869] 错误 1
make[1]: 离开目录“/home/rm/catkin_livox_ros_driver2/src/NEXTE_Sentry_Nav/build/CMakeFiles/CMakeTmp”
make: *** [Makefile:121：cmTC_51869/fast] 错误 2



Performing C SOURCE FILE Test CMAKE_HAVE_LIBC_PTHREAD failed with the following output:
Change Dir: /home/rm/catkin_livox_ros_driver2/src/NEXTE_Sentry_Nav/build/CMakeFiles/CMakeTmp

Run Build Command(s):/usr/bin/make cmTC_36428/fast && /usr/bin/make -f CMakeFiles/cmTC_36428.dir/build.make CMakeFiles/cmTC_36428.dir/build
make[1]: 进入目录“/home/rm/catkin_livox_ros_driver2/src/NEXTE_Sentry_Nav/build/CMakeFiles/CMakeTmp”
Building C object CMakeFiles/cmTC_36428.dir/src.c.o
/usr/bin/cc   -DCMAKE_HAVE_LIBC_PTHREAD   -o CMakeFiles/cmTC_36428.dir/src.c.o   -c /home/rm/catkin_livox_ros_driver2/src/NEXTE_Sentry_Nav/build/CMakeFiles/CMakeTmp/src.c
Linking C executable cmTC_36428
/usr/bin/cmake -E cmake_link_script CMakeFiles/cmTC_36428.dir/link.txt --verbose=1
/usr/bin/cc  -DCMAKE_HAVE_LIBC_PTHREAD    -rdynamic CMakeFiles/cmTC_36428.dir/src.c.o  -o cmTC_36428 
/usr/bin/ld: CMakeFiles/cmTC_36428.dir/src.c.o: in function `main':
src.c:(.text+0x46): undefined reference to `pthread_create'
/usr/bin/ld: src.c:(.text+0x52): undefined reference to `pthread_detach'
/usr/bin/ld: src.c:(.text+0x63): undefined reference to `pthread_join'
collect2: error: ld returned 1 exit status
make[1]: *** [CMakeFiles/cmTC_36428.dir/build.make:87：cmTC_36428] 错误 1
make[1]: 离开目录“/home/rm/catkin_livox_ros_driver2/src/NEXTE_Sentry_Nav/build/CMakeFiles/CMakeTmp”
make: *** [Makefile:121：cmTC_36428/fast] 错误 2


Source file was:
#include <pthread.h>

void* test_func(void* data)
{
  return data;
}

int main(void)
{
  pthread_t thread;
  pthread_create(&thread, NULL, test_func, NULL);
  pthread_detach(thread);
  pthread_join(thread, NULL);
  pthread_atfork(NULL, NULL, NULL);
  pthread_exit(NULL);

  return 0;
}

Determining if the function pthread_create exists in the pthreads failed with the following output:
Change Dir: /home/rm/catkin_livox_ros_driver2/src/NEXTE_Sentry_Nav/build/CMakeFiles/CMakeTmp

Run Build Command(s):/usr/bin/make cmTC_bf00e/fast && /usr/bin/make -f CMakeFiles/cmTC_bf00e.dir/build.make CMakeFiles/cmTC_bf00e.dir/build
make[1]: 进入目录“/home/rm/catkin_livox_ros_driver2/src/NEXTE_Sentry_Nav/build/CMakeFiles/CMakeTmp”
Building C object CMakeFiles/cmTC_bf00e.dir/CheckFunctionExists.c.o
/usr/bin/cc   -DCHECK_FUNCTION_EXISTS=pthread_create   -o CMakeFiles/cmTC_bf00e.dir/CheckFunctionExists.c.o   -c /usr/share/cmake-3.16/Modules/CheckFunctionExists.c
Linking C executable cmTC_bf00e
/usr/bin/cmake -E cmake_link_script CMakeFiles/cmTC_bf00e.dir/link.txt --verbose=1
/usr/bin/cc  -DCHECK_FUNCTION_EXISTS=pthread_create    -rdynamic CMakeFiles/cmTC_bf00e.dir/CheckFunctionExists.c.o  -o cmTC_bf00e  -lpthreads 
/usr/bin/ld: 找不到 -lpthreads
collect2: error: ld returned 1 exit status
make[1]: *** [CMakeFiles/cmTC_bf00e.dir/build.make:87：cmTC_bf00e] 错误 1
make[1]: 离开目录“/home/rm/catkin_livox_ros_driver2/src/NEXTE_Sentry_Nav/build/CMakeFiles/CMakeTmp”
make: *** [Makefile:121：cmTC_bf00e/fast] 错误 2



                                                                                                                                                                                                                                                                                                                                                                                                                                                                                                                                                                                                                                                                                                                                                                                                              Performing C SOURCE FILE Test CMAKE_HAVE_LIBC_PTHREAD failed with the following output:
Change Dir: /home/rm/catkin_livox_ros_driver2/src/NEXTE_Sentry_Nav/build/CMakeFiles/CMakeTmp

Run Build Command(s):/usr/bin/make cmTC_99e70/fast && /usr/bin/make -f CMakeFiles/cmTC_99e70.dir/build.make CMakeFiles/cmTC_99e70.dir/build
make[1]: 进入目录“/home/rm/catkin_livox_ros_driver2/src/NEXTE_Sentry_Nav/build/CMakeFiles/CMakeTmp”
Building C object CMakeFiles/cmTC_99e70.dir/src.c.o
/usr/bin/cc   -DCMAKE_HAVE_LIBC_PTHREAD   -o CMakeFiles/cmTC_99e70.dir/src.c.o   -c /home/rm/catkin_livox_ros_driver2/src/NEXTE_Sentry_Nav/build/CMakeFiles/CMakeTmp/src.c
Linking C executable cmTC_99e70
/usr/bin/cmake -E cmake_link_script CMakeFiles/cmTC_99e70.dir/link.txt --verbose=1
/usr/bin/cc  -DCMAKE_HAVE_LIBC_PTHREAD    -rdynamic CMakeFiles/cmTC_99e70.dir/src.c.o  -o cmTC_99e70 
/usr/bin/ld: CMakeFiles/cmTC_99e70.dir/src.c.o: in function `main':
src.c:(.text+0x46): undefined reference to `pthread_create'
/usr/bin/ld: src.c:(.text+0x52): undefined reference to `pthread_detach'
/usr/bin/ld: src.c:(.text+0x63): undefined reference to `pthread_join'
collect2: error: ld returned 1 exit status
make[1]: *** [CMakeFiles/cmTC_99e70.dir/build.make:87：cmTC_99e70] 错误 1
make[1]: 离开目录“/home/rm/catkin_livox_ros_driver2/src/NEXTE_Sentry_Nav/build/CMakeFiles/CMakeTmp”
make: *** [Makefile:121：cmTC_99e70/fast] 错误 2


Source file was:
#include <pthread.h>

void* test_func(void* data)
{
  return data;
}

int main(void)
{
  pthread_t thread;
  pthread_create(&thread, NULL, test_func, NULL);
  pthread_detach(thread);
  pthread_join(thread, NULL);
  pthread_atfork(NULL, NULL, NULL);
  pthread_exit(NULL);

  return 0;
}

Determining if the function pthread_create exists in the pthreads failed with the following output:
Change Dir: /home/rm/catkin_livox_ros_driver2/src/NEXTE_Sentry_Nav/build/CMakeFiles/CMakeTmp

Run Build Command(s):/usr/bin/make cmTC_ecab2/fast && /usr/bin/make -f CMakeFiles/cmTC_ecab2.dir/build.make CMakeFiles/cmTC_ecab2.dir/build
make[1]: 进入目录“/home/rm/catkin_livox_ros_driver2/src/NEXTE_Sentry_Nav/build/CMakeFiles/CMakeTmp”
Building C object CMakeFiles/cmTC_ecab2.dir/CheckFunctionExists.c.o
/usr/bin/cc   -DCHECK_FUNCTION_EXISTS=pthread_create   -o CMakeFiles/cmTC_ecab2.dir/CheckFunctionExists.c.o   -c /usr/share/cmake-3.16/Modules/CheckFunctionExists.c
Linking C executable cmTC_ecab2
/usr/bin/cmake -E cmake_link_script CMakeFiles/cmTC_ecab2.dir/link.txt --verbose=1
/usr/bin/cc  -DCHECK_FUNCTION_EXISTS=pthread_create    -rdynamic CMakeFiles/cmTC_ecab2.dir/CheckFunctionExists.c.o  -o cmTC_ecab2  -lpthreads 
/usr/bin/ld: 找不到 -lpthreads
collect2: error: ld returned 1 exit status
make[1]: *** [CMakeFiles/cmTC_ecab2.dir/build.make:87：cmTC_ecab2] 错误 1
make[1]: 离开目录“/home/rm/catkin_livox_ros_driver2/src/NEXTE_Sentry_Nav/build/CMakeFiles/CMakeTmp”
make: *** [Makefile:121：cmTC_ecab2/fast] 错误 2



Performing C SOURCE FILE Test CMAKE_HAVE_LIBC_PTHREAD failed with the following output:
Change Dir: /home/rm/catkin_livox_ros_driver2/src/NEXTE_Sentry_Nav/build/CMakeFiles/CMakeTmp

Run Build Command(s):/usr/bin/make cmTC_501fc/fast && /usr/bin/make -f CMakeFiles/cmTC_501fc.dir/build.make CMakeFiles/cmTC_501fc.dir/build
make[1]: 进入目录“/home/rm/catkin_livox_ros_driver2/src/NEXTE_Sentry_Nav/build/CMakeFiles/CMakeTmp”
Building C object CMakeFiles/cmTC_501fc.dir/src.c.o
/usr/bin/cc   -DCMAKE_HAVE_LIBC_PTHREAD   -o CMakeFiles/cmTC_501fc.dir/src.c.o   -c /home/rm/catkin_livox_ros_driver2/src/NEXTE_Sentry_Nav/build/CMakeFiles/CMakeTmp/src.c
Linking C executable cmTC_501fc
/usr/bin/cmake -E cmake_link_script CMakeFiles/cmTC_501fc.dir/link.txt --verbose=1
/usr/bin/cc  -DCMAKE_HAVE_LIBC_PTHREAD    -rdynamic CMakeFiles/cmTC_501fc.dir/src.c.o  -o cmTC_501fc 
/usr/bin/ld: CMakeFiles/cmTC_501fc.dir/src.c.o: in function `main':
src.c:(.text+0x46): undefined reference to `pthread_create'
/usr/bin/ld: src.c:(.text+0x52): undefined reference to `pthread_detach'
/usr/bin/ld: src.c:(.text+0x63): undefined reference to `pthread_join'
collect2: error: ld returned 1 exit status
make[1]: *** [CMakeFiles/cmTC_501fc.dir/build.make:87：cmTC_501fc] 错误 1
make[1]: 离开目录“/home/rm/catkin_livox_ros_driver2/src/NEXTE_Sentry_Nav/build/CMakeFiles/CMakeTmp”
make: *** [Makefile:121：cmTC_501fc/fast] 错误 2


Source file was:
#include <pthread.h>

void* test_func(void* data)
{
  return data;
}

int main(void)
{
  pthread_t thread;
  pthread_create(&thread, NULL, test_func, NULL);
  pthread_detach(thread);
  pthread_join(thread, NULL);
  pthread_atfork(NULL, NULL, NULL);
  pthread_exit(NULL);

  return 0;
}

Determining if the function pthread_create exists in the pthreads failed with the following output:
Change Dir: /home/rm/catkin_livox_ros_driver2/src/NEXTE_Sentry_Nav/build/CMakeFiles/CMakeTmp

Run Build Command(s):/usr/bin/make cmTC_510c6/fast && /usr/bin/make -f CMakeFiles/cmTC_510c6.dir/build.make CMakeFiles/cmTC_510c6.dir/build
make[1]: 进入目录“/home/rm/catkin_livox_ros_driver2/src/NEXTE_Sentry_Nav/build/CMakeFiles/CMakeTmp”
Building C object CMakeFiles/cmTC_510c6.dir/CheckFunctionExists.c.o
/usr/bin/cc   -DCHECK_FUNCTION_EXISTS=pthread_create   -o CMakeFiles/cmTC_510c6.dir/CheckFunctionExists.c.o   -c /usr/share/cmake-3.16/Modules/CheckFunctionExists.c
Linking C executable cmTC_510c6
/usr/bin/cmake -E cmake_link_script CMakeFiles/cmTC_510c6.dir/link.txt --verbose=1
/usr/bin/cc  -DCHECK_FUNCTION_EXISTS=pthread_create    -rdynamic CMakeFiles/cmTC_510c6.dir/CheckFunctionExists.c.o  -o cmTC_510c6  -lpthreads 
/usr/bin/ld: 找不到 -lpthreads
collect2: error: ld returned 1 exit status
make[1]: *** [CMakeFiles/cmTC_510c6.dir/build.make:87：cmTC_510c6] 错误 1
make[1]: 离开目录“/home/rm/catkin_livox_ros_driver2/src/NEXTE_Sentry_Nav/build/CMakeFiles/CMakeTmp”
make: *** [Makefile:121：cmTC_510c6/fast] 错误 2



Performing C SOURCE FILE Test CMAKE_HAVE_LIBC_PTHREAD failed with the following output:
Change Dir: /home/rm/catkin_livox_ros_driver2/src/NEXTE_Sentry_Nav/build/CMakeFiles/CMakeTmp

Run Build Command(s):/usr/bin/make cmTC_db2e7/fast && /usr/bin/make -f CMakeFiles/cmTC_db2e7.dir/build.make CMakeFiles/cmTC_db2e7.dir/build
make[1]: 进入目录“/home/rm/catkin_livox_ros_driver2/src/NEXTE_Sentry_Nav/build/CMakeFiles/CMakeTmp”
Building C object CMakeFiles/cmTC_db2e7.dir/src.c.o
/usr/bin/cc   -DCMAKE_HAVE_LIBC_PTHREAD   -o CMakeFiles/cmTC_db2e7.dir/src.c.o   -c /home/rm/catkin_livox_ros_driver2/src/NEXTE_Sentry_Nav/build/CMakeFiles/CMakeTmp/src.c
Linking C executable cmTC_db2e7
/usr/bin/cmake -E cmake_link_script CMakeFiles/cmTC_db2e7.dir/link.txt --verbose=1
/usr/bin/cc  -DCMAKE_HAVE_LIBC_PTHREAD    -rdynamic CMakeFiles/cmTC_db2e7.dir/src.c.o  -o cmTC_db2e7 
/usr/bin/ld: CMakeFiles/cmTC_db2e7.dir/src.c.o: in function `main':
src.c:(.text+0x46): undefined reference to `pthread_create'
/usr/bin/ld: src.c:(.text+0x52): undefined reference to `pthread_detach'
/usr/bin/ld: src.c:(.text+0x63): undefined reference to `pthread_join'
collect2: error: ld returned 1 exit status
make[1]: *** [CMakeFiles/cmTC_db2e7.dir/build.make:87：cmTC_db2e7] 错误 1
make[1]: 离开目录“/home/rm/catkin_livox_ros_driver2/src/NEXTE_Sentry_Nav/build/CMakeFiles/CMakeTmp”
make: *** [Makefile:121：cmTC_db2e7/fast] 错误 2


Source file was:
#include <pthread.h>

void* test_func(void* data)
{
  return data;
}

int main(void)
{
  pthread_t thread;
  pthread_create(&thread, NULL, test_func, NULL);
  pthread_detach(thread);
  pthread_join(thread, NULL);
  pthread_atfork(NULL, NULL, NULL);
  pthread_exit(NULL);

  return 0;
}

Determining if the function pthread_create exists in the pthreads failed with the following output:
Change Dir: /home/rm/catkin_livox_ros_driver2/src/NEXTE_Sentry_Nav/build/CMakeFiles/CMakeTmp

Run Build Command(s):/usr/bin/make cmTC_2da12/fast && /usr/bin/make -f CMakeFiles/cmTC_2da12.dir/build.make CMakeFiles/cmTC_2da12.dir/build
make[1]: 进入目录“/home/rm/catkin_livox_ros_driver2/src/NEXTE_Sentry_Nav/build/CMakeFiles/CMakeTmp”
Building C object CMakeFiles/cmTC_2da12.dir/CheckFunctionExists.c.o
/usr/bin/cc   -DCHECK_FUNCTION_EXISTS=pthread_create   -o CMakeFiles/cmTC_2da12.dir/CheckFunctionExists.c.o   -c /usr/share/cmake-3.16/Modules/CheckFunctionExists.c
Linking C executable cmTC_2da12
/usr/bin/cmake -E cmake_link_script CMakeFiles/cmTC_2da12.dir/link.txt --verbose=1
/usr/bin/cc  -DCHECK_FUNCTION_EXISTS=pthread_create    -rdynamic CMakeFiles/cmTC_2da12.dir/CheckFunctionExists.c.o  -o cmTC_2da12  -lpthreads 
/usr/bin/ld: 找不到 -lpthreads
collect2: error: ld returned 1 exit status
make[1]: *** [CMakeFiles/cmTC_2da12.dir/build.make:87：cmTC_2da12] 错误 1
make[1]: 离开目录“/home/rm/catkin_livox_ros_driver2/src/NEXTE_Sentry_Nav/build/CMakeFiles/CMakeTmp”
make: *** [Makefile:121：cmTC_2da12/fast] 错误 2



Performing C SOURCE FILE Test CMAKE_HAVE_LIBC_PTHREAD failed with the following output:
Change Dir: /home/rm/catkin_livox_ros_driver2/src/NEXTE_Sentry_Nav/build/CMakeFiles/CMakeTmp

Run Build Command(s):/usr/bin/make cmTC_8759c/fast && /usr/bin/make -f CMakeFiles/cmTC_8759c.dir/build.make CMakeFiles/cmTC_8759c.dir/build
make[1]: 进入目录“/home/rm/catkin_livox_ros_driver2/src/NEXTE_Sentry_Nav/build/CMakeFiles/CMakeTmp”
Building C object CMakeFiles/cmTC_8759c.dir/src.c.o
/usr/bin/cc   -DCMAKE_HAVE_LIBC_PTHREAD   -o CMakeFiles/cmTC_8759c.dir/src.c.o   -c /home/rm/catkin_livox_ros_driver2/src/NEXTE_Sentry_Nav/build/CMakeFiles/CMakeTmp/src.c
Linking C executable cmTC_8759c
/usr/bin/cmake -E cmake_link_script CMakeFiles/cmTC_8759c.dir/link.txt --verbose=1
/usr/bin/cc  -DCMAKE_HAVE_LIBC_PTHREAD    -rdynamic CMakeFiles/cmTC_8759c.dir/src.c.o  -o cmTC_8759c 
/usr/bin/ld: CMakeFiles/cmTC_8759c.dir/src.c.o: in function `main':
src.c:(.text+0x46): undefined reference to `pthread_create'
/usr/bin/ld: src.c:(.text+0x52): undefined reference to `pthread_detach'
/usr/bin/ld: src.c:(.text+0x63): undefined reference to `pthread_join'
collect2: error: ld returned 1 exit status
make[1]: *** [CMakeFiles/cmTC_8759c.dir/build.make:87：cmTC_8759c] 错误 1
make[1]: 离开目录“/home/rm/catkin_livox_ros_driver2/src/NEXTE_Sentry_Nav/build/CMakeFiles/CMakeTmp”
make: *** [Makefile:121：cmTC_8759c/fast] 错误 2


Source file was:
#include <pthread.h>

void* test_func(void* data)
{
  return data;
}

int main(void)
{
  pthread_t thread;
  pthread_create(&thread, NULL, test_func, NULL);
  pthread_detach(thread);
  pthread_join(thread, NULL);
  pthread_atfork(NULL, NULL, NULL);
  pthread_exit(NULL);

  return 0;
}

Determining if the function pthread_create exists in the pthreads failed with the following output:
Change Dir: /home/rm/catkin_livox_ros_driver2/src/NEXTE_Sentry_Nav/build/CMakeFiles/CMakeTmp

Run Build Command(s):/usr/bin/make cmTC_a7338/fast && /usr/bin/make -f CMakeFiles/cmTC_a7338.dir/build.make CMakeFiles/cmTC_a7338.dir/build
make[1]: 进入目录“/home/rm/catkin_livox_ros_driver2/src/NEXTE_Sentry_Nav/build/CMakeFiles/CMakeTmp”
Building C object CMakeFiles/cmTC_a7338.dir/CheckFunctionExists.c.o
/usr/bin/cc   -DCHECK_FUNCTION_EXISTS=pthread_create   -o CMakeFiles/cmTC_a7338.dir/CheckFunctionExists.c.o   -c /usr/share/cmake-3.16/Modules/CheckFunctionExists.c
Linking C executable cmTC_a7338
/usr/bin/cmake -E cmake_link_script CMakeFiles/cmTC_a7338.dir/link.txt --verbose=1
/usr/bin/cc  -DCHECK_FUNCTION_EXISTS=pthread_create    -rdynamic CMakeFiles/cmTC_a7338.dir/CheckFunctionExists.c.o  -o cmTC_a7338  -lpthreads 
/usr/bin/ld: 找不到 -lpthreads
collect2: error: ld returned 1 exit status
make[1]: *** [CMakeFiles/cmTC_a7338.dir/build.make:87：cmTC_a7338] 错误 1
make[1]: 离开目录“/home/rm/catkin_livox_ros_driver2/src/NEXTE_Sentry_Nav/build/CMakeFiles/CMakeTmp”
make: *** [Makefile:121：cmTC_a7338/fast] 错误 2



Performing C SOURCE FILE Test CMAKE_HAVE_LIBC_PTHREAD failed with the following output:
Change Dir: /home/rm/catkin_livox_ros_driver2/src/NEXTE_Sentry_Nav/build/CMakeFiles/CMakeTmp

Run Build Command(s):/usr/bin/make cmTC_7648e/fast && /usr/bin/make -f CMakeFiles/cmTC_7648e.dir/build.make CMakeFiles/cmTC_7648e.dir/build
make[1]: 进入目录“/home/rm/catkin_livox_ros_driver2/src/NEXTE_Sentry_Nav/build/CMakeFiles/CMakeTmp”
Building C object CMakeFiles/cmTC_7648e.dir/src.c.o
/usr/bin/cc   -DCMAKE_HAVE_LIBC_PTHREAD   -o CMakeFiles/cmTC_7648e.dir/src.c.o   -c /home/rm/catkin_livox_ros_driver2/src/NEXTE_Sentry_Nav/build/CMakeFiles/CMakeTmp/src.c
Linking C executable cmTC_7648e
/usr/bin/cmake -E cmake_link_script CMakeFiles/cmTC_7648e.dir/link.txt --verbose=1
/usr/bin/cc  -DCMAKE_HAVE_LIBC_PTHREAD    -rdynamic CMakeFiles/cmTC_7648e.dir/src.c.o  -o cmTC_7648e 
/usr/bin/ld: CMakeFiles/cmTC_7648e.dir/src.c.o: in function `main':
src.c:(.text+0x46): undefined reference to `pthread_create'
/usr/bin/ld: src.c:(.text+0x52): undefined reference to `pthread_detach'
/usr/bin/ld: src.c:(.text+0x63): undefined reference to `pthread_join'
collect2: error: ld returned 1 exit status
make[1]: *** [CMakeFiles/cmTC_7648e.dir/build.make:87：cmTC_7648e] 错误 1
make[1]: 离开目录“/home/rm/catkin_livox_ros_driver2/src/NEXTE_Sentry_Nav/build/CMakeFiles/CMakeTmp”
make: *** [Makefile:121：cmTC_7648e/fast] 错误 2


Source file was:
#include <pthread.h>

void* test_func(void* data)
{
  return data;
}

int main(void)
{
  pthread_t thread;
  pthread_create(&thread, NULL, test_func, NULL);
  pthread_detach(thread);
  pthread_join(thread, NULL);
  pthread_atfork(NULL, NULL, NULL);
  pthread_exit(NULL);

  return 0;
}

Determining if the function pthread_create exists in the pthreads failed with the following output:
Change Dir: /home/rm/catkin_livox_ros_driver2/src/NEXTE_Sentry_Nav/build/CMakeFiles/CMakeTmp

Run Build Command(s):/usr/bin/make cmTC_3666a/fast && /usr/bin/make -f CMakeFiles/cmTC_3666a.dir/build.make CMakeFiles/cmTC_3666a.dir/build
make[1]: 进入目录“/home/rm/catkin_livox_ros_driver2/src/NEXTE_Sentry_Nav/build/CMakeFiles/CMakeTmp”
Building C object CMakeFiles/cmTC_3666a.dir/CheckFunctionExists.c.o
/usr/bin/cc   -DCHECK_FUNCTION_EXISTS=pthread_create   -o CMakeFiles/cmTC_3666a.dir/CheckFunctionExists.c.o   -c /usr/share/cmake-3.16/Modules/CheckFunctionExists.c
Linking C executable cmTC_3666a
/usr/bin/cmake -E cmake_link_script CMakeFiles/cmTC_3666a.dir/link.txt --verbose=1
/usr/bin/cc  -DCHECK_FUNCTION_EXISTS=pthread_create    -rdynamic CMakeFiles/cmTC_3666a.dir/CheckFunctionExists.c.o  -o cmTC_3666a  -lpthreads 
/usr/bin/ld: 找不到 -lpthreads
collect2: error: ld returned 1 exit status
make[1]: *** [CMakeFiles/cmTC_3666a.dir/build.make:87：cmTC_3666a] 错误 1
make[1]: 离开目录“/home/rm/catkin_livox_ros_driver2/src/NEXTE_Sentry_Nav/build/CMakeFiles/CMakeTmp”
make: *** [Makefile:121：cmTC_3666a/fast] 错误 2



Performing C SOURCE FILE Test CMAKE_HAVE_LIBC_PTHREAD failed with the following output:
Change Dir: /home/rm/catkin_livox_ros_driver2/src/NEXTE_Sentry_Nav/build/CMakeFiles/CMakeTmp

Run Build Command(s):/usr/bin/make cmTC_5426e/fast && /usr/bin/make -f CMakeFiles/cmTC_5426e.dir/build.make CMakeFiles/cmTC_5426e.dir/build
make[1]: 进入目录“/home/rm/catkin_livox_ros_driver2/src/NEXTE_Sentry_Nav/build/CMakeFiles/CMakeTmp”
Building C object CMakeFiles/cmTC_5426e.dir/src.c.o
/usr/bin/cc   -DCMAKE_HAVE_LIBC_PTHREAD   -o CMakeFiles/cmTC_5426e.dir/src.c.o   -c /home/rm/catkin_livox_ros_driver2/src/NEXTE_Sentry_Nav/build/CMakeFiles/CMakeTmp/src.c
Linking C executable cmTC_5426e
/usr/bin/cmake -E cmake_link_script CMakeFiles/cmTC_5426e.dir/link.txt --verbose=1
/usr/bin/cc  -DCMAKE_HAVE_LIBC_PTHREAD    -rdynamic CMakeFiles/cmTC_5426e.dir/src.c.o  -o cmTC_5426e 
/usr/bin/ld: CMakeFiles/cmTC_5426e.dir/src.c.o: in function `main':
src.c:(.text+0x46): undefined reference to `pthread_create'
/usr/bin/ld: src.c:(.text+0x52): undefined reference to `pthread_detach'
/usr/bin/ld: src.c:(.text+0x63): undefined reference to `pthread_join'
collect2: error: ld returned 1 exit status
make[1]: *** [CMakeFiles/cmTC_5426e.dir/build.make:87：cmTC_5426e] 错误 1
make[1]: 离开目录“/home/rm/catkin_livox_ros_driver2/src/NEXTE_Sentry_Nav/build/CMakeFiles/CMakeTmp”
make: *** [Makefile:121：cmTC_5426e/fast] 错误 2


Source file was:
#include <pthread.h>

void* test_func(void* data)
{
  return data;
}

int main(void)
{
  pthread_t thread;
  pthread_create(&thread, NULL, test_func, NULL);
  pthread_detach(thread);
  pthread_join(thread, NULL);
  pthread_atfork(NULL, NULL, NULL);
  pthread_exit(NULL);

  return 0;
}

Determining if the function pthread_create exists in the pthreads failed with the following output:
Change Dir: /home/rm/catkin_livox_ros_driver2/src/NEXTE_Sentry_Nav/build/CMakeFiles/CMakeTmp

Run Build Command(s):/usr/bin/make cmTC_a6416/fast && /usr/bin/make -f CMakeFiles/cmTC_a6416.dir/build.make CMakeFiles/cmTC_a6416.dir/build
make[1]: 进入目录“/home/rm/catkin_livox_ros_driver2/src/NEXTE_Sentry_Nav/build/CMakeFiles/CMakeTmp”
Building C object CMakeFiles/cmTC_a6416.dir/CheckFunctionExists.c.o
/usr/bin/cc   -DCHECK_FUNCTION_EXISTS=pthread_create   -o CMakeFiles/cmTC_a6416.dir/CheckFunctionExists.c.o   -c /usr/share/cmake-3.16/Modules/CheckFunctionExists.c
Linking C executable cmTC_a6416
/usr/bin/cmake -E cmake_link_script CMakeFiles/cmTC_a6416.dir/link.txt --verbose=1
/usr/bin/cc  -DCHECK_FUNCTION_EXISTS=pthread_create    -rdynamic CMakeFiles/cmTC_a6416.dir/CheckFunctionExists.c.o  -o cmTC_a6416  -lpthreads 
/usr/bin/ld: 找不到 -lpthreads
collect2: error: ld returned 1 exit status
make[1]: *** [CMakeFiles/cmTC_a6416.dir/build.make:87：cmTC_a6416] 错误 1
make[1]: 离开目录“/home/rm/catkin_livox_ros_driver2/src/NEXTE_Sentry_Nav/build/CMakeFiles/CMakeTmp”
make: *** [Makefile:121：cmTC_a6416/fast] 错误 2



Performing C SOURCE FILE Test CMAKE_HAVE_LIBC_PTHREAD failed with the following output:
Change Dir: /home/rm/catkin_livox_ros_driver2/src/NEXTE_Sentry_Nav/build/CMakeFiles/CMakeTmp

Run Build Command(s):/usr/bin/make cmTC_8ba35/fast && /usr/bin/make -f CMakeFiles/cmTC_8ba35.dir/build.make CMakeFiles/cmTC_8ba35.dir/build
make[1]: 进入目录“/home/rm/catkin_livox_ros_driver2/src/NEXTE_Sentry_Nav/build/CMakeFiles/CMakeTmp”
Building C object CMakeFiles/cmTC_8ba35.dir/src.c.o
/usr/bin/cc   -DCMAKE_HAVE_LIBC_PTHREAD   -o CMakeFiles/cmTC_8ba35.dir/src.c.o   -c /home/rm/catkin_livox_ros_driver2/src/NEXTE_Sentry_Nav/build/CMakeFiles/CMakeTmp/src.c
Linking C executable cmTC_8ba35
/usr/bin/cmake -E cmake_link_script CMakeFiles/cmTC_8ba35.dir/link.txt --verbose=1
/usr/bin/cc  -DCMAKE_HAVE_LIBC_PTHREAD    -rdynamic CMakeFiles/cmTC_8ba35.dir/src.c.o  -o cmTC_8ba35 
/usr/bin/ld: CMakeFiles/cmTC_8ba35.dir/src.c.o: in function `main':
src.c:(.text+0x46): undefined reference to `pthread_create'
/usr/bin/ld: src.c:(.text+0x52): undefined reference to `pthread_detach'
/usr/bin/ld: src.c:(.text+0x63): undefined reference to `pthread_join'
collect2: error: ld returned 1 exit status
make[1]: *** [CMakeFiles/cmTC_8ba35.dir/build.make:87：cmTC_8ba35] 错误 1
make[1]: 离开目录“/home/rm/catkin_livox_ros_driver2/src/NEXTE_Sentry_Nav/build/CMakeFiles/CMakeTmp”
make: *** [Makefile:121：cmTC_8ba35/fast] 错误 2


Source file was:
#include <pthread.h>

void* test_func(void* data)
{
  return data;
}

int main(void)
{
  pthread_t thread;
  pthread_create(&thread, NULL, test_func, NULL);
  pthread_detach(thread);
  pthread_join(thread, NULL);
  pthread_atfork(NULL, NULL, NULL);
  pthread_exit(NULL);

  return 0;
}

Determining if the function pthread_create exists in the pthreads failed with the following output:
Change Dir: /home/rm/catkin_livox_ros_driver2/src/NEXTE_Sentry_Nav/build/CMakeFiles/CMakeTmp

Run Build Command(s):/usr/bin/make cmTC_3dad9/fast && /usr/bin/make -f CMakeFiles/cmTC_3dad9.dir/build.make CMakeFiles/cmTC_3dad9.dir/build
make[1]: 进入目录“/home/rm/catkin_livox_ros_driver2/src/NEXTE_Sentry_Nav/build/CMakeFiles/CMakeTmp”
Building C object CMakeFiles/cmTC_3dad9.dir/CheckFunctionExists.c.o
/usr/bin/cc   -DCHECK_FUNCTION_EXISTS=pthread_create   -o CMakeFiles/cmTC_3dad9.dir/CheckFunctionExists.c.o   -c /usr/share/cmake-3.16/Modules/CheckFunctionExists.c
Linking C executable cmTC_3dad9
/usr/bin/cmake -E cmake_link_script CMakeFiles/cmTC_3dad9.dir/link.txt --verbose=1
/usr/bin/cc  -DCHECK_FUNCTION_EXISTS=pthread_create    -rdynamic CMakeFiles/cmTC_3dad9.dir/CheckFunctionExists.c.o  -o cmTC_3dad9  -lpthreads 
/usr/bin/ld: 找不到 -lpthreads
collect2: error: ld returned 1 exit status
make[1]: *** [CMakeFiles/cmTC_3dad9.dir/build.make:87：cmTC_3dad9] 错误 1
make[1]: 离开目录“/home/rm/catkin_livox_ros_driver2/src/NEXTE_Sentry_Nav/build/CMakeFiles/CMakeTmp”
make: *** [Makefile:121：cmTC_3dad9/fast] 错误 2



Performing C SOURCE FILE Test CMAKE_HAVE_LIBC_PTHREAD failed with the following output:
Change Dir: /home/rm/catkin_livox_ros_driver2/src/NEXTE_Sentry_Nav/build/CMakeFiles/CMakeTmp

Run Build Command(s):/usr/bin/make cmTC_cb344/fast && /usr/bin/make -f CMakeFiles/cmTC_cb344.dir/build.make CMakeFiles/cmTC_cb344.dir/build
make[1]: 进入目录“/home/rm/catkin_livox_ros_driver2/src/NEXTE_Sentry_Nav/build/CMakeFiles/CMakeTmp”
Building C object CMakeFiles/cmTC_cb344.dir/src.c.o
/usr/bin/cc   -DCMAKE_HAVE_LIBC_PTHREAD   -o CMakeFiles/cmTC_cb344.dir/src.c.o   -c /home/rm/catkin_livox_ros_driver2/src/NEXTE_Sentry_Nav/build/CMakeFiles/CMakeTmp/src.c
Linking C executable cmTC_cb344
/usr/bin/cmake -E cmake_link_script CMakeFiles/cmTC_cb344.dir/link.txt --verbose=1
/usr/bin/cc  -DCMAKE_HAVE_LIBC_PTHREAD    -rdynamic CMakeFiles/cmTC_cb344.dir/src.c.o  -o cmTC_cb344 
/usr/bin/ld: CMakeFiles/cmTC_cb344.dir/src.c.o: in function `main':
src.c:(.text+0x46): undefined reference to `pthread_create'
/usr/bin/ld: src.c:(.text+0x52): undefined reference to `pthread_detach'
/usr/bin/ld: src.c:(.text+0x63): undefined reference to `pthread_join'
collect2: error: ld returned 1 exit status
make[1]: *** [CMakeFiles/cmTC_cb344.dir/build.make:87：cmTC_cb344] 错误 1
make[1]: 离开目录“/home/rm/catkin_livox_ros_driver2/src/NEXTE_Sentry_Nav/build/CMakeFiles/CMakeTmp”
make: *** [Makefile:121：cmTC_cb344/fast] 错误 2


Source file was:
#include <pthread.h>

void* test_func(void* data)
{
  return data;
}

int main(void)
{
  pthread_t thread;
  pthread_create(&thread, NULL, test_func, NULL);
  pthread_detach(thread);
  pthread_join(thread, NULL);
  pthread_atfork(NULL, NULL, NULL);
  pthread_exit(NULL);

  return 0;
}

Determining if the function pthread_create exists in the pthreads failed with the following output:
Change Dir: /home/rm/catkin_livox_ros_driver2/src/NEXTE_Sentry_Nav/build/CMakeFiles/CMakeTmp

Run Build Command(s):/usr/bin/make cmTC_d6d99/fast && /usr/bin/make -f CMakeFiles/cmTC_d6d99.dir/build.make CMakeFiles/cmTC_d6d99.dir/build
make[1]: 进入目录“/home/rm/catkin_livox_ros_driver2/src/NEXTE_Sentry_Nav/build/CMakeFiles/CMakeTmp”
Building C object CMakeFiles/cmTC_d6d99.dir/CheckFunctionExists.c.o
/usr/bin/cc   -DCHECK_FUNCTION_EXISTS=pthread_create   -o CMakeFiles/cmTC_d6d99.dir/CheckFunctionExists.c.o   -c /usr/share/cmake-3.16/Modules/CheckFunctionExists.c
Linking C executable cmTC_d6d99
/usr/bin/cmake -E cmake_link_script CMakeFiles/cmTC_d6d99.dir/link.txt --verbose=1
/usr/bin/cc  -DCHECK_FUNCTION_EXISTS=pthread_create    -rdynamic CMakeFiles/cmTC_d6d99.dir/CheckFunctionExists.c.o  -o cmTC_d6d99  -lpthreads 
/usr/bin/ld: 找不到 -lpthreads
collect2: error: ld returned 1 exit status
make[1]: *** [CMakeFiles/cmTC_d6d99.dir/build.make:87：cmTC_d6d99] 错误 1
make[1]: 离开目录“/home/rm/catkin_livox_ros_driver2/src/NEXTE_Sentry_Nav/build/CMakeFiles/CMakeTmp”
make: *** [Makefile:121：cmTC_d6d99/fast] 错误 2



Performing C SOURCE FILE Test CMAKE_HAVE_LIBC_PTHREAD failed with the following output:
Change Dir: /home/rm/catkin_livox_ros_driver2/src/NEXTE_Sentry_Nav/build/CMakeFiles/CMakeTmp

Run Build Command(s):/usr/bin/make cmTC_b71da/fast && /usr/bin/make -f CMakeFiles/cmTC_b71da.dir/build.make CMakeFiles/cmTC_b71da.dir/build
make[1]: 进入目录“/home/rm/catkin_livox_ros_driver2/src/NEXTE_Sentry_Nav/build/CMakeFiles/CMakeTmp”
Building C object CMakeFiles/cmTC_b71da.dir/src.c.o
/usr/bin/cc   -DCMAKE_HAVE_LIBC_PTHREAD   -o CMakeFiles/cmTC_b71da.dir/src.c.o   -c /home/rm/catkin_livox_ros_driver2/src/NEXTE_Sentry_Nav/build/CMakeFiles/CMakeTmp/src.c
Linking C executable cmTC_b71da
/usr/bin/cmake -E cmake_link_script CMakeFiles/cmTC_b71da.dir/link.txt --verbose=1
/usr/bin/cc  -DCMAKE_HAVE_LIBC_PTHREAD    -rdynamic CMakeFiles/cmTC_b71da.dir/src.c.o  -o cmTC_b71da 
/usr/bin/ld: CMakeFiles/cmTC_b71da.dir/src.c.o: in function `main':
src.c:(.text+0x46): undefined reference to `pthread_create'
/usr/bin/ld: src.c:(.text+0x52): undefined reference to `pthread_detach'
/usr/bin/ld: src.c:(.text+0x63): undefined reference to `pthread_join'
collect2: error: ld returned 1 exit status
make[1]: *** [CMakeFiles/cmTC_b71da.dir/build.make:87：cmTC_b71da] 错误 1
make[1]: 离开目录“/home/rm/catkin_livox_ros_driver2/src/NEXTE_Sentry_Nav/build/CMakeFiles/CMakeTmp”
make: *** [Makefile:121：cmTC_b71da/fast] 错误 2


Source file was:
#include <pthread.h>

void* test_func(void* data)
{
  return data;
}

int main(void)
{
  pthread_t thread;
  pthread_create(&thread, NULL, test_func, NULL);
  pthread_detach(thread);
  pthread_join(thread, NULL);
  pthread_atfork(NULL, NULL, NULL);
  pthread_exit(NULL);

  return 0;
}

Determining if the function pthread_create exists in the pthreads failed with the following output:
Change Dir: /home/rm/catkin_livox_ros_driver2/src/NEXTE_Sentry_Nav/build/CMakeFiles/CMakeTmp

Run Build Command(s):/usr/bin/make cmTC_c2c0c/fast && /usr/bin/make -f CMakeFiles/cmTC_c2c0c.dir/build.make CMakeFiles/cmTC_c2c0c.dir/build
make[1]: 进入目录“/home/rm/catkin_livox_ros_driver2/src/NEXTE_Sentry_Nav/build/CMakeFiles/CMakeTmp”
Building C object CMakeFiles/cmTC_c2c0c.dir/CheckFunctionExists.c.o
/usr/bin/cc   -DCHECK_FUNCTION_EXISTS=pthread_create   -o CMakeFiles/cmTC_c2c0c.dir/CheckFunctionExists.c.o   -c /usr/share/cmake-3.16/Modules/CheckFunctionExists.c
Linking C executable cmTC_c2c0c
/usr/bin/cmake -E cmake_link_script CMakeFiles/cmTC_c2c0c.dir/link.txt --verbose=1
/usr/bin/cc  -DCHECK_FUNCTION_EXISTS=pthread_create    -rdynamic CMakeFiles/cmTC_c2c0c.dir/CheckFunctionExists.c.o  -o cmTC_c2c0c  -lpthreads 
/usr/bin/ld: 找不到 -lpthreads
collect2: error: ld returned 1 exit status
make[1]: *** [CMakeFiles/cmTC_c2c0c.dir/build.make:87：cmTC_c2c0c] 错误 1
make[1]: 离开目录“/home/rm/catkin_livox_ros_driver2/src/NEXTE_Sentry_Nav/build/CMakeFiles/CMakeTmp”
make: *** [Makefile:121：cmTC_c2c0c/fast] 错误 2



Performing C SOURCE FILE Test CMAKE_HAVE_LIBC_PTHREAD failed with the following output:
Change Dir: /home/rm/catkin_livox_ros_driver2/src/NEXTE_Sentry_Nav/build/CMakeFiles/CMakeTmp

Run Build Command(s):/usr/bin/make cmTC_d88d2/fast && /usr/bin/make -f CMakeFiles/cmTC_d88d2.dir/build.make CMakeFiles/cmTC_d88d2.dir/build
make[1]: 进入目录“/home/rm/catkin_livox_ros_driver2/src/NEXTE_Sentry_Nav/build/CMakeFiles/CMakeTmp”
Building C object CMakeFiles/cmTC_d88d2.dir/src.c.o
/usr/bin/cc   -DCMAKE_HAVE_LIBC_PTHREAD   -o CMakeFiles/cmTC_d88d2.dir/src.c.o   -c /home/rm/catkin_livox_ros_driver2/src/NEXTE_Sentry_Nav/build/CMakeFiles/CMakeTmp/src.c
Linking C executable cmTC_d88d2
/usr/bin/cmake -E cmake_link_script CMakeFiles/cmTC_d88d2.dir/link.txt --verbose=1
/usr/bin/cc  -DCMAKE_HAVE_LIBC_PTHREAD    -rdynamic CMakeFiles/cmTC_d88d2.dir/src.c.o  -o cmTC_d88d2 
/usr/bin/ld: CMakeFiles/cmTC_d88d2.dir/src.c.o: in function `main':
src.c:(.text+0x46): undefined reference to `pthread_create'
/usr/bin/ld: src.c:(.text+0x52): undefined reference to `pthread_detach'
/usr/bin/ld: src.c:(.text+0x63): undefined reference to `pthread_join'
collect2: error: ld returned 1 exit status
make[1]: *** [CMakeFiles/cmTC_d88d2.dir/build.make:87：cmTC_d88d2] 错误 1
make[1]: 离开目录“/home/rm/catkin_livox_ros_driver2/src/NEXTE_Sentry_Nav/build/CMakeFiles/CMakeTmp”
make: *** [Makefile:121：cmTC_d88d2/fast] 错误 2


Source file was:
#include <pthread.h>

void* test_func(void* data)
{
  return data;
}

int main(void)
{
  pthread_t thread;
  pthread_create(&thread, NULL, test_func, NULL);
  pthread_detach(thread);
  pthread_join(thread, NULL);
  pthread_atfork(NULL, NULL, NULL);
  pthread_exit(NULL);

  return 0;
}

Determining if the function pthread_create exists in the pthreads failed with the following output:
Change Dir: /home/rm/catkin_livox_ros_driver2/src/NEXTE_Sentry_Nav/build/CMakeFiles/CMakeTmp

Run Build Command(s):/usr/bin/make cmTC_6133e/fast && /usr/bin/make -f CMakeFiles/cmTC_6133e.dir/build.make CMakeFiles/cmTC_6133e.dir/build
make[1]: 进入目录“/home/rm/catkin_livox_ros_driver2/src/NEXTE_Sentry_Nav/build/CMakeFiles/CMakeTmp”
Building C object CMakeFiles/cmTC_6133e.dir/CheckFunctionExists.c.o
/usr/bin/cc   -DCHECK_FUNCTION_EXISTS=pthread_create   -o CMakeFiles/cmTC_6133e.dir/CheckFunctionExists.c.o   -c /usr/share/cmake-3.16/Modules/CheckFunctionExists.c
Linking C executable cmTC_6133e
/usr/bin/cmake -E cmake_link_script CMakeFiles/cmTC_6133e.dir/link.txt --verbose=1
/usr/bin/cc  -DCHECK_FUNCTION_EXISTS=pthread_create    -rdynamic CMakeFiles/cmTC_6133e.dir/CheckFunctionExists.c.o  -o cmTC_6133e  -lpthreads 
/usr/bin/ld: 找不到 -lpthreads
collect2: error: ld returned 1 exit status
make[1]: *** [CMakeFiles/cmTC_6133e.dir/build.make:87：cmTC_6133e] 错误 1
make[1]: 离开目录“/home/rm/catkin_livox_ros_driver2/src/NEXTE_Sentry_Nav/build/CMakeFiles/CMakeTmp”
make: *** [Makefile:121：cmTC_6133e/fast] 错误 2



Performing C SOURCE FILE Test CMAKE_HAVE_LIBC_PTHREAD failed with the following output:
Change Dir: /home/rm/catkin_livox_ros_driver2/src/NEXTE_Sentry_Nav/build/CMakeFiles/CMakeTmp

Run Build Command(s):/usr/bin/make cmTC_62b0a/fast && /usr/bin/make -f CMakeFiles/cmTC_62b0a.dir/build.make CMakeFiles/cmTC_62b0a.dir/build
make[1]: 进入目录“/home/rm/catkin_livox_ros_driver2/src/NEXTE_Sentry_Nav/build/CMakeFiles/CMakeTmp”
Building C object CMakeFiles/cmTC_62b0a.dir/src.c.o
/usr/bin/cc   -DCMAKE_HAVE_LIBC_PTHREAD   -o CMakeFiles/cmTC_62b0a.dir/src.c.o   -c /home/rm/catkin_livox_ros_driver2/src/NEXTE_Sentry_Nav/build/CMakeFiles/CMakeTmp/src.c
Linking C executable cmTC_62b0a
/usr/bin/cmake -E cmake_link_script CMakeFiles/cmTC_62b0a.dir/link.txt --verbose=1
/usr/bin/cc  -DCMAKE_HAVE_LIBC_PTHREAD    -rdynamic CMakeFiles/cmTC_62b0a.dir/src.c.o  -o cmTC_62b0a 
/usr/bin/ld: CMakeFiles/cmTC_62b0a.dir/src.c.o: in function `main':
src.c:(.text+0x46): undefined reference to `pthread_create'
/usr/bin/ld: src.c:(.text+0x52): undefined reference to `pthread_detach'
/usr/bin/ld: src.c:(.text+0x63): undefined reference to `pthread_join'
collect2: error: ld returned 1 exit status
make[1]: *** [CMakeFiles/cmTC_62b0a.dir/build.make:87：cmTC_62b0a] 错误 1
make[1]: 离开目录“/home/rm/catkin_livox_ros_driver2/src/NEXTE_Sentry_Nav/build/CMakeFiles/CMakeTmp”
make: *** [Makefile:121：cmTC_62b0a/fast] 错误 2


Source file was:
#include <pthread.h>

void* test_func(void* data)
{
  return data;
}

int main(void)
{
  pthread_t thread;
  pthread_create(&thread, NULL, test_func, NULL);
  pthread_detach(thread);
  pthread_join(thread, NULL);
  pthread_atfork(NULL, NULL, NULL);
  pthread_exit(NULL);

  return 0;
}

Determining if the function pthread_create exists in the pthreads failed with the following output:
Change Dir: /home/rm/catkin_livox_ros_driver2/src/NEXTE_Sentry_Nav/build/CMakeFiles/CMakeTmp

Run Build Command(s):/usr/bin/make cmTC_fe01a/fast && /usr/bin/make -f CMakeFiles/cmTC_fe01a.dir/build.make CMakeFiles/cmTC_fe01a.dir/build
make[1]: 进入目录“/home/rm/catkin_livox_ros_driver2/src/NEXTE_Sentry_Nav/build/CMakeFiles/CMakeTmp”
Building C object CMakeFiles/cmTC_fe01a.dir/CheckFunctionExists.c.o
/usr/bin/cc   -DCHECK_FUNCTION_EXISTS=pthread_create   -o CMakeFiles/cmTC_fe01a.dir/CheckFunctionExists.c.o   -c /usr/share/cmake-3.16/Modules/CheckFunctionExists.c
Linking C executable cmTC_fe01a
/usr/bin/cmake -E cmake_link_script CMakeFiles/cmTC_fe01a.dir/link.txt --verbose=1
/usr/bin/cc  -DCHECK_FUNCTION_EXISTS=pthread_create    -rdynamic CMakeFiles/cmTC_fe01a.dir/CheckFunctionExists.c.o  -o cmTC_fe01a  -lpthreads 
/usr/bin/ld: 找不到 -lpthreads
collect2: error: ld returned 1 exit status
make[1]: *** [CMakeFiles/cmTC_fe01a.dir/build.make:87：cmTC_fe01a] 错误 1
make[1]: 离开目录“/home/rm/catkin_livox_ros_driver2/src/NEXTE_Sentry_Nav/build/CMakeFiles/CMakeTmp”
make: *** [Makefile:121：cmTC_fe01a/fast] 错误 2



Performing C SOURCE FILE Test CMAKE_HAVE_LIBC_PTHREAD failed with the following output:
Change Dir: /home/rm/catkin_livox_ros_driver2/src/NEXTE_Sentry_Nav/build/CMakeFiles/CMakeTmp

Run Build Command(s):/usr/bin/make cmTC_53635/fast && /usr/bin/make -f CMakeFiles/cmTC_53635.dir/build.make CMakeFiles/cmTC_53635.dir/build
make[1]: 进入目录“/home/rm/catkin_livox_ros_driver2/src/NEXTE_Sentry_Nav/build/CMakeFiles/CMakeTmp”
Building C object CMakeFiles/cmTC_53635.dir/src.c.o
/usr/bin/cc   -DCMAKE_HAVE_LIBC_PTHREAD   -o CMakeFiles/cmTC_53635.dir/src.c.o   -c /home/rm/catkin_livox_ros_driver2/src/NEXTE_Sentry_Nav/build/CMakeFiles/CMakeTmp/src.c
Linking C executable cmTC_53635
/usr/bin/cmake -E cmake_link_script CMakeFiles/cmTC_53635.dir/link.txt --verbose=1
/usr/bin/cc  -DCMAKE_HAVE_LIBC_PTHREAD    -rdynamic CMakeFiles/cmTC_53635.dir/src.c.o  -o cmTC_53635 
/usr/bin/ld: CMakeFiles/cmTC_53635.dir/src.c.o: in function `main':
src.c:(.text+0x46): undefined reference to `pthread_create'
/usr/bin/ld: src.c:(.text+0x52): undefined reference to `pthread_detach'
/usr/bin/ld: src.c:(.text+0x63): undefined reference to `pthread_join'
collect2: error: ld returned 1 exit status
make[1]: *** [CMakeFiles/cmTC_53635.dir/build.make:87：cmTC_53635] 错误 1
make[1]: 离开目录“/home/rm/catkin_livox_ros_driver2/src/NEXTE_Sentry_Nav/build/CMakeFiles/CMakeTmp”
make: *** [Makefile:121：cmTC_53635/fast] 错误 2


Source file was:
#include <pthread.h>

void* test_func(void* data)
{
  return data;
}

int main(void)
{
  pthread_t thread;
  pthread_create(&thread, NULL, test_func, NULL);
  pthread_detach(thread);
  pthread_join(thread, NULL);
  pthread_atfork(NULL, NULL, NULL);
  pthread_exit(NULL);

  return 0;
}

Determining if the function pthread_create exists in the pthreads failed with the following output:
Change Dir: /home/rm/catkin_livox_ros_driver2/src/NEXTE_Sentry_Nav/build/CMakeFiles/CMakeTmp

Run Build Command(s):/usr/bin/make cmTC_e800f/fast && /usr/bin/make -f CMakeFiles/cmTC_e800f.dir/build.make CMakeFiles/cmTC_e800f.dir/build
make[1]: 进入目录“/home/rm/catkin_livox_ros_driver2/src/NEXTE_Sentry_Nav/build/CMakeFiles/CMakeTmp”
Building C object CMakeFiles/cmTC_e800f.dir/CheckFunctionExists.c.o
/usr/bin/cc   -DCHECK_FUNCTION_EXISTS=pthread_create   -o CMakeFiles/cmTC_e800f.dir/CheckFunctionExists.c.o   -c /usr/share/cmake-3.16/Modules/CheckFunctionExists.c
Linking C executable cmTC_e800f
/usr/bin/cmake -E cmake_link_script CMakeFiles/cmTC_e800f.dir/link.txt --verbose=1
/usr/bin/cc  -DCHECK_FUNCTION_EXISTS=pthread_create    -rdynamic CMakeFiles/cmTC_e800f.dir/CheckFunctionExists.c.o  -o cmTC_e800f  -lpthreads 
/usr/bin/ld: 找不到 -lpthreads
collect2: error: ld returned 1 exit status
make[1]: *** [CMakeFiles/cmTC_e800f.dir/build.make:87：cmTC_e800f] 错误 1
make[1]: 离开目录“/home/rm/catkin_livox_ros_driver2/src/NEXTE_Sentry_Nav/build/CMakeFiles/CMakeTmp”
make: *** [Makefile:121：cmTC_e800f/fast] 错误 2



Performing C SOURCE FILE Test CMAKE_HAVE_LIBC_PTHREAD failed with the following output:
Change Dir: /home/rm/catkin_livox_ros_driver2/src/NEXTE_Sentry_Nav/build/CMakeFiles/CMakeTmp

Run Build Command(s):/usr/bin/make cmTC_54521/fast && /usr/bin/make -f CMakeFiles/cmTC_54521.dir/build.make CMakeFiles/cmTC_54521.dir/build
make[1]: 进入目录“/home/rm/catkin_livox_ros_driver2/src/NEXTE_Sentry_Nav/build/CMakeFiles/CMakeTmp”
Building C object CMakeFiles/cmTC_54521.dir/src.c.o
/usr/bin/cc   -DCMAKE_HAVE_LIBC_PTHREAD   -o CMakeFiles/cmTC_54521.dir/src.c.o   -c /home/rm/catkin_livox_ros_driver2/src/NEXTE_Sentry_Nav/build/CMakeFiles/CMakeTmp/src.c
Linking C executable cmTC_54521
/usr/bin/cmake -E cmake_link_script CMakeFiles/cmTC_54521.dir/link.txt --verbose=1
/usr/bin/cc  -DCMAKE_HAVE_LIBC_PTHREAD    -rdynamic CMakeFiles/cmTC_54521.dir/src.c.o  -o cmTC_54521 
/usr/bin/ld: CMakeFiles/cmTC_54521.dir/src.c.o: in function `main':
src.c:(.text+0x46): undefined reference to `pthread_create'
/usr/bin/ld: src.c:(.text+0x52): undefined reference to `pthread_detach'
/usr/bin/ld: src.c:(.text+0x63): undefined reference to `pthread_join'
collect2: error: ld returned 1 exit status
make[1]: *** [CMakeFiles/cmTC_54521.dir/build.make:87：cmTC_54521] 错误 1
make[1]: 离开目录“/home/rm/catkin_livox_ros_driver2/src/NEXTE_Sentry_Nav/build/CMakeFiles/CMakeTmp”
make: *** [Makefile:121：cmTC_54521/fast] 错误 2


Source file was:
#include <pthread.h>

void* test_func(void* data)
{
  return data;
}

int main(void)
{
  pthread_t thread;
  pthread_create(&thread, NULL, test_func, NULL);
  pthread_detach(thread);
  pthread_join(thread, NULL);
  pthread_atfork(NULL, NULL, NULL);
  pthread_exit(NULL);

  return 0;
}

Determining if the function pthread_create exists in the pthreads failed with the following output:
Change Dir: /home/rm/catkin_livox_ros_driver2/src/NEXTE_Sentry_Nav/build/CMakeFiles/CMakeTmp

Run Build Command(s):/usr/bin/make cmTC_4fd77/fast && /usr/bin/make -f CMakeFiles/cmTC_4fd77.dir/build.make CMakeFiles/cmTC_4fd77.dir/build
make[1]: 进入目录“/home/rm/catkin_livox_ros_driver2/src/NEXTE_Sentry_Nav/build/CMakeFiles/CMakeTmp”
Building C object CMakeFiles/cmTC_4fd77.dir/CheckFunctionExists.c.o
/usr/bin/cc   -DCHECK_FUNCTION_EXISTS=pthread_create   -o CMakeFiles/cmTC_4fd77.dir/CheckFunctionExists.c.o   -c /usr/share/cmake-3.16/Modules/CheckFunctionExists.c
Linking C executable cmTC_4fd77
/usr/bin/cmake -E cmake_link_script CMakeFiles/cmTC_4fd77.dir/link.txt --verbose=1
/usr/bin/cc  -DCHECK_FUNCTION_EXISTS=pthread_create    -rdynamic CMakeFiles/cmTC_4fd77.dir/CheckFunctionExists.c.o  -o cmTC_4fd77  -lpthreads 
/usr/bin/ld: 找不到 -lpthreads
collect2: error: ld returned 1 exit status
make[1]: *** [CMakeFiles/cmTC_4fd77.dir/build.make:87：cmTC_4fd77] 错误 1
make[1]: 离开目录“/home/rm/catkin_livox_ros_driver2/src/NEXTE_Sentry_Nav/build/CMakeFiles/CMakeTmp”
make: *** [Makefile:121：cmTC_4fd77/fast] 错误 2



Performing C SOURCE FILE Test CMAKE_HAVE_LIBC_PTHREAD failed with the following output:
Change Dir: /home/rm/catkin_livox_ros_driver2/src/NEXTE_Sentry_Nav/build/CMakeFiles/CMakeTmp

Run Build Command(s):/usr/bin/make cmTC_c7c5c/fast && /usr/bin/make -f CMakeFiles/cmTC_c7c5c.dir/build.make CMakeFiles/cmTC_c7c5c.dir/build
make[1]: 进入目录“/home/rm/catkin_livox_ros_driver2/src/NEXTE_Sentry_Nav/build/CMakeFiles/CMakeTmp”
Building C object CMakeFiles/cmTC_c7c5c.dir/src.c.o
/usr/bin/cc   -DCMAKE_HAVE_LIBC_PTHREAD   -o CMakeFiles/cmTC_c7c5c.dir/src.c.o   -c /home/rm/catkin_livox_ros_driver2/src/NEXTE_Sentry_Nav/build/CMakeFiles/CMakeTmp/src.c
Linking C executable cmTC_c7c5c
/usr/bin/cmake -E cmake_link_script CMakeFiles/cmTC_c7c5c.dir/link.txt --verbose=1
/usr/bin/cc  -DCMAKE_HAVE_LIBC_PTHREAD    -rdynamic CMakeFiles/cmTC_c7c5c.dir/src.c.o  -o cmTC_c7c5c 
/usr/bin/ld: CMakeFiles/cmTC_c7c5c.dir/src.c.o: in function `main':
src.c:(.text+0x46): undefined reference to `pthread_create'
/usr/bin/ld: src.c:(.text+0x52): undefined reference to `pthread_detach'
/usr/bin/ld: src.c:(.text+0x63): undefined reference to `pthread_join'
collect2: error: ld returned 1 exit status
make[1]: *** [CMakeFiles/cmTC_c7c5c.dir/build.make:87：cmTC_c7c5c] 错误 1
make[1]: 离开目录“/home/rm/catkin_livox_ros_driver2/src/NEXTE_Sentry_Nav/build/CMakeFiles/CMakeTmp”
make: *** [Makefile:121：cmTC_c7c5c/fast] 错误 2


Source file was:
#include <pthread.h>

void* test_func(void* data)
{
  return data;
}

int main(void)
{
  pthread_t thread;
  pthread_create(&thread, NULL, test_func, NULL);
  pthread_detach(thread);
  pthread_join(thread, NULL);
  pthread_atfork(NULL, NULL, NULL);
  pthread_exit(NULL);

  return 0;
}

Determining if the function pthread_create exists in the pthreads failed with the following output:
Change Dir: /home/rm/catkin_livox_ros_driver2/src/NEXTE_Sentry_Nav/build/CMakeFiles/CMakeTmp

Run Build Command(s):/usr/bin/make cmTC_04cee/fast && /usr/bin/make -f CMakeFiles/cmTC_04cee.dir/build.make CMakeFiles/cmTC_04cee.dir/build
make[1]: 进入目录“/home/rm/catkin_livox_ros_driver2/src/NEXTE_Sentry_Nav/build/CMakeFiles/CMakeTmp”
Building C object CMakeFiles/cmTC_04cee.dir/CheckFunctionExists.c.o
/usr/bin/cc   -DCHECK_FUNCTION_EXISTS=pthread_create   -o CMakeFiles/cmTC_04cee.dir/CheckFunctionExists.c.o   -c /usr/share/cmake-3.16/Modules/CheckFunctionExists.c
Linking C executable cmTC_04cee
/usr/bin/cmake -E cmake_link_script CMakeFiles/cmTC_04cee.dir/link.txt --verbose=1
/usr/bin/cc  -DCHECK_FUNCTION_EXISTS=pthread_create    -rdynamic CMakeFiles/cmTC_04cee.dir/CheckFunctionExists.c.o  -o cmTC_04cee  -lpthreads 
/usr/bin/ld: 找不到 -lpthreads
collect2: error: ld returned 1 exit status
make[1]: *** [CMakeFiles/cmTC_04cee.dir/build.make:87：cmTC_04cee] 错误 1
make[1]: 离开目录“/home/rm/catkin_livox_ros_driver2/src/NEXTE_Sentry_Nav/build/CMakeFiles/CMakeTmp”
make: *** [Makefile:121：cmTC_04cee/fast] 错误 2



Performing C SOURCE FILE Test CMAKE_HAVE_LIBC_PTHREAD failed with the following output:
Change Dir: /home/rm/catkin_livox_ros_driver2/src/NEXTE_Sentry_Nav/build/CMakeFiles/CMakeTmp

Run Build Command(s):/usr/bin/make cmTC_92349/fast && /usr/bin/make -f CMakeFiles/cmTC_92349.dir/build.make CMakeFiles/cmTC_92349.dir/build
make[1]: 进入目录“/home/rm/catkin_livox_ros_driver2/src/NEXTE_Sentry_Nav/build/CMakeFiles/CMakeTmp”
Building C object CMakeFiles/cmTC_92349.dir/src.c.o
/usr/bin/cc   -DCMAKE_HAVE_LIBC_PTHREAD   -o CMakeFiles/cmTC_92349.dir/src.c.o   -c /home/rm/catkin_livox_ros_driver2/src/NEXTE_Sentry_Nav/build/CMakeFiles/CMakeTmp/src.c
Linking C executable cmTC_92349
/usr/bin/cmake -E cmake_link_script CMakeFiles/cmTC_92349.dir/link.txt --verbose=1
/usr/bin/cc  -DCMAKE_HAVE_LIBC_PTHREAD    -rdynamic CMakeFiles/cmTC_92349.dir/src.c.o  -o cmTC_92349 
/usr/bin/ld: CMakeFiles/cmTC_92349.dir/src.c.o: in function `main':
src.c:(.text+0x46): undefined reference to `pthread_create'
/usr/bin/ld: src.c:(.text+0x52): undefined reference to `pthread_detach'
/usr/bin/ld: src.c:(.text+0x63): undefined reference to `pthread_join'
collect2: error: ld returned 1 exit status
make[1]: *** [CMakeFiles/cmTC_92349.dir/build.make:87：cmTC_92349] 错误 1
make[1]: 离开目录“/home/rm/catkin_livox_ros_driver2/src/NEXTE_Sentry_Nav/build/CMakeFiles/CMakeTmp”
make: *** [Makefile:121：cmTC_92349/fast] 错误 2


Source file was:
#include <pthread.h>

void* test_func(void* data)
{
  return data;
}

int main(void)
{
  pthread_t thread;
  pthread_create(&thread, NULL, test_func, NULL);
  pthread_detach(thread);
  pthread_join(thread, NULL);
  pthread_atfork(NULL, NULL, NULL);
  pthread_exit(NULL);

  return 0;
}

Determining if the function pthread_create exists in the pthreads failed with the following output:
Change Dir: /home/rm/catkin_livox_ros_driver2/src/NEXTE_Sentry_Nav/build/CMakeFiles/CMakeTmp

Run Build Command(s):/usr/bin/make cmTC_bceb8/fast && /usr/bin/make -f CMakeFiles/cmTC_bceb8.dir/build.make CMakeFiles/cmTC_bceb8.dir/build
make[1]: 进入目录“/home/rm/catkin_livox_ros_driver2/src/NEXTE_Sentry_Nav/build/CMakeFiles/CMakeTmp”
Building C object CMakeFiles/cmTC_bceb8.dir/CheckFunctionExists.c.o
/usr/bin/cc   -DCHECK_FUNCTION_EXISTS=pthread_create   -o CMakeFiles/cmTC_bceb8.dir/CheckFunctionExists.c.o   -c /usr/share/cmake-3.16/Modules/CheckFunctionExists.c
Linking C executable cmTC_bceb8
/usr/bin/cmake -E cmake_link_script CMakeFiles/cmTC_bceb8.dir/link.txt --verbose=1
/usr/bin/cc  -DCHECK_FUNCTION_EXISTS=pthread_create    -rdynamic CMakeFiles/cmTC_bceb8.dir/CheckFunctionExists.c.o  -o cmTC_bceb8  -lpthreads 
/usr/bin/ld: 找不到 -lpthreads
collect2: error: ld returned 1 exit status
make[1]: *** [CMakeFiles/cmTC_bceb8.dir/build.make:87：cmTC_bceb8] 错误 1
make[1]: 离开目录“/home/rm/catkin_livox_ros_driver2/src/NEXTE_Sentry_Nav/build/CMakeFiles/CMakeTmp”
make: *** [Makefile:121：cmTC_bceb8/fast] 错误 2



Performing C SOURCE FILE Test CMAKE_HAVE_LIBC_PTHREAD failed with the following output:
Change Dir: /home/rm/catkin_livox_ros_driver2/src/NEXTE_Sentry_Nav/build/CMakeFiles/CMakeTmp

Run Build Command(s):/usr/bin/make cmTC_57c5a/fast && /usr/bin/make -f CMakeFiles/cmTC_57c5a.dir/build.make CMakeFiles/cmTC_57c5a.dir/build
make[1]: 进入目录“/home/rm/catkin_livox_ros_driver2/src/NEXTE_Sentry_Nav/build/CMakeFiles/CMakeTmp”
Building C object CMakeFiles/cmTC_57c5a.dir/src.c.o
/usr/bin/cc   -DCMAKE_HAVE_LIBC_PTHREAD   -o CMakeFiles/cmTC_57c5a.dir/src.c.o   -c /home/rm/catkin_livox_ros_driver2/src/NEXTE_Sentry_Nav/build/CMakeFiles/CMakeTmp/src.c
Linking C executable cmTC_57c5a
/usr/bin/cmake -E cmake_link_script CMakeFiles/cmTC_57c5a.dir/link.txt --verbose=1
/usr/bin/cc  -DCMAKE_HAVE_LIBC_PTHREAD    -rdynamic CMakeFiles/cmTC_57c5a.dir/src.c.o  -o cmTC_57c5a 
/usr/bin/ld: CMakeFiles/cmTC_57c5a.dir/src.c.o: in function `main':
src.c:(.text+0x46): undefined reference to `pthread_create'
/usr/bin/ld: src.c:(.text+0x52): undefined reference to `pthread_detach'
/usr/bin/ld: src.c:(.text+0x63): undefined reference to `pthread_join'
collect2: error: ld returned 1 exit status
make[1]: *** [CMakeFiles/cmTC_57c5a.dir/build.make:87：cmTC_57c5a] 错误 1
make[1]: 离开目录“/home/rm/catkin_livox_ros_driver2/src/NEXTE_Sentry_Nav/build/CMakeFiles/CMakeTmp”
make: *** [Makefile:121：cmTC_57c5a/fast] 错误 2


Source file was:
#include <pthread.h>

void* test_func(void* data)
{
  return data;
}

int main(void)
{
  pthread_t thread;
  pthread_create(&thread, NULL, test_func, NULL);
  pthread_detach(thread);
  pthread_join(thread, NULL);
  pthread_atfork(NULL, NULL, NULL);
  pthread_exit(NULL);

  return 0;
}

Determining if the function pthread_create exists in the pthreads failed with the following output:
Change Dir: /home/rm/catkin_livox_ros_driver2/src/NEXTE_Sentry_Nav/build/CMakeFiles/CMakeTmp

Run Build Command(s):/usr/bin/make cmTC_a33bf/fast && /usr/bin/make -f CMakeFiles/cmTC_a33bf.dir/build.make CMakeFiles/cmTC_a33bf.dir/build
make[1]: 进入目录“/home/rm/catkin_livox_ros_driver2/src/NEXTE_Sentry_Nav/build/CMakeFiles/CMakeTmp”
Building C object CMakeFiles/cmTC_a33bf.dir/CheckFunctionExists.c.o
/usr/bin/cc   -DCHECK_FUNCTION_EXISTS=pthread_create   -o CMakeFiles/cmTC_a33bf.dir/CheckFunctionExists.c.o   -c /usr/share/cmake-3.16/Modules/CheckFunctionExists.c
Linking C executable cmTC_a33bf
/usr/bin/cmake -E cmake_link_script CMakeFiles/cmTC_a33bf.dir/link.txt --verbose=1
/usr/bin/cc  -DCHECK_FUNCTION_EXISTS=pthread_create    -rdynamic CMakeFiles/cmTC_a33bf.dir/CheckFunctionExists.c.o  -o cmTC_a33bf  -lpthreads 
/usr/bin/ld: 找不到 -lpthreads
collect2: error: ld returned 1 exit status
make[1]: *** [CMakeFiles/cmTC_a33bf.dir/build.make:87：cmTC_a33bf] 错误 1
make[1]: 离开目录“/home/rm/catkin_livox_ros_driver2/src/NEXTE_Sentry_Nav/build/CMakeFiles/CMakeTmp”
make: *** [Makefile:121：cmTC_a33bf/fast] 错误 2



Performing C SOURCE FILE Test CMAKE_HAVE_LIBC_PTHREAD failed with the following output:
Change Dir: /home/rm/catkin_livox_ros_driver2/src/NEXTE_Sentry_Nav/build/CMakeFiles/CMakeTmp

Run Build Command(s):/usr/bin/make cmTC_73bbc/fast && /usr/bin/make -f CMakeFiles/cmTC_73bbc.dir/build.make CMakeFiles/cmTC_73bbc.dir/build
make[1]: 进入目录“/home/rm/catkin_livox_ros_driver2/src/NEXTE_Sentry_Nav/build/CMakeFiles/CMakeTmp”
Building C object CMakeFiles/cmTC_73bbc.dir/src.c.o
/usr/bin/cc   -DCMAKE_HAVE_LIBC_PTHREAD   -o CMakeFiles/cmTC_73bbc.dir/src.c.o   -c /home/rm/catkin_livox_ros_driver2/src/NEXTE_Sentry_Nav/build/CMakeFiles/CMakeTmp/src.c
Linking C executable cmTC_73bbc
/usr/bin/cmake -E cmake_link_script CMakeFiles/cmTC_73bbc.dir/link.txt --verbose=1
/usr/bin/cc  -DCMAKE_HAVE_LIBC_PTHREAD    -rdynamic CMakeFiles/cmTC_73bbc.dir/src.c.o  -o cmTC_73bbc 
/usr/bin/ld: CMakeFiles/cmTC_73bbc.dir/src.c.o: in function `main':
src.c:(.text+0x46): undefined reference to `pthread_create'
/usr/bin/ld: src.c:(.text+0x52): undefined reference to `pthread_detach'
/usr/bin/ld: src.c:(.text+0x63): undefined reference to `pthread_join'
collect2: error: ld returned 1 exit status
make[1]: *** [CMakeFiles/cmTC_73bbc.dir/build.make:87：cmTC_73bbc] 错误 1
make[1]: 离开目录“/home/rm/catkin_livox_ros_driver2/src/NEXTE_Sentry_Nav/build/CMakeFiles/CMakeTmp”
make: *** [Makefile:121：cmTC_73bbc/fast] 错误 2


Source file was:
#include <pthread.h>

void* test_func(void* data)
{
  return data;
}

int main(void)
{
  pthread_t thread;
  pthread_create(&thread, NULL, test_func, NULL);
  pthread_detach(thread);
  pthread_join(thread, NULL);
  pthread_atfork(NULL, NULL, NULL);
  pthread_exit(NULL);

  return 0;
}

Determining if the function pthread_create exists in the pthreads failed with the following output:
Change Dir: /home/rm/catkin_livox_ros_driver2/src/NEXTE_Sentry_Nav/build/CMakeFiles/CMakeTmp

Run Build Command(s):/usr/bin/make cmTC_735ca/fast && /usr/bin/make -f CMakeFiles/cmTC_735ca.dir/build.make CMakeFiles/cmTC_735ca.dir/build
make[1]: 进入目录“/home/rm/catkin_livox_ros_driver2/src/NEXTE_Sentry_Nav/build/CMakeFiles/CMakeTmp”
Building C object CMakeFiles/cmTC_735ca.dir/CheckFunctionExists.c.o
/usr/bin/cc   -DCHECK_FUNCTION_EXISTS=pthread_create   -o CMakeFiles/cmTC_735ca.dir/CheckFunctionExists.c.o   -c /usr/share/cmake-3.16/Modules/CheckFunctionExists.c
Linking C executable cmTC_735ca
/usr/bin/cmake -E cmake_link_script CMakeFiles/cmTC_735ca.dir/link.txt --verbose=1
/usr/bin/cc  -DCHECK_FUNCTION_EXISTS=pthread_create    -rdynamic CMakeFiles/cmTC_735ca.dir/CheckFunctionExists.c.o  -o cmTC_735ca  -lpthreads 
/usr/bin/ld: 找不到 -lpthreads
collect2: error: ld returned 1 exit status
make[1]: *** [CMakeFiles/cmTC_735ca.dir/build.make:87：cmTC_735ca] 错误 1
make[1]: 离开目录“/home/rm/catkin_livox_ros_driver2/src/NEXTE_Sentry_Nav/build/CMakeFiles/CMakeTmp”
make: *** [Makefile:121：cmTC_735ca/fast] 错误 2



Performing C SOURCE FILE Test CMAKE_HAVE_LIBC_PTHREAD failed with the following output:
Change Dir: /home/rm/catkin_livox_ros_driver2/src/NEXTE_Sentry_Nav/build/CMakeFiles/CMakeTmp

Run Build Command(s):/usr/bin/make cmTC_a7235/fast && /usr/bin/make -f CMakeFiles/cmTC_a7235.dir/build.make CMakeFiles/cmTC_a7235.dir/build
make[1]: 进入目录“/home/rm/catkin_livox_ros_driver2/src/NEXTE_Sentry_Nav/build/CMakeFiles/CMakeTmp”
Building C object CMakeFiles/cmTC_a7235.dir/src.c.o
/usr/bin/cc   -DCMAKE_HAVE_LIBC_PTHREAD   -o CMakeFiles/cmTC_a7235.dir/src.c.o   -c /home/rm/catkin_livox_ros_driver2/src/NEXTE_Sentry_Nav/build/CMakeFiles/CMakeTmp/src.c
Linking C executable cmTC_a7235
/usr/bin/cmake -E cmake_link_script CMakeFiles/cmTC_a7235.dir/link.txt --verbose=1
/usr/bin/cc  -DCMAKE_HAVE_LIBC_PTHREAD    -rdynamic CMakeFiles/cmTC_a7235.dir/src.c.o  -o cmTC_a7235 
/usr/bin/ld: CMakeFiles/cmTC_a7235.dir/src.c.o: in function `main':
src.c:(.text+0x46): undefined reference to `pthread_create'
/usr/bin/ld: src.c:(.text+0x52): undefined reference to `pthread_detach'
/usr/bin/ld: src.c:(.text+0x63): undefined reference to `pthread_join'
collect2: error: ld returned 1 exit status
make[1]: *** [CMakeFiles/cmTC_a7235.dir/build.make:87：cmTC_a7235] 错误 1
make[1]: 离开目录“/home/rm/catkin_livox_ros_driver2/src/NEXTE_Sentry_Nav/build/CMakeFiles/CMakeTmp”
make: *** [Makefile:121：cmTC_a7235/fast] 错误 2


Source file was:
#include <pthread.h>

void* test_func(void* data)
{
  return data;
}

int main(void)
{
  pthread_t thread;
  pthread_create(&thread, NULL, test_func, NULL);
  pthread_detach(thread);
  pthread_join(thread, NULL);
  pthread_atfork(NULL, NULL, NULL);
  pthread_exit(NULL);

  return 0;
}

Determining if the function pthread_create exists in the pthreads failed with the following output:
Change Dir: /home/rm/catkin_livox_ros_driver2/src/NEXTE_Sentry_Nav/build/CMakeFiles/CMakeTmp

Run Build Command(s):/usr/bin/make cmTC_1a5a4/fast && /usr/bin/make -f CMakeFiles/cmTC_1a5a4.dir/build.make CMakeFiles/cmTC_1a5a4.dir/build
make[1]: 进入目录“/home/rm/catkin_livox_ros_driver2/src/NEXTE_Sentry_Nav/build/CMakeFiles/CMakeTmp”
Building C object CMakeFiles/cmTC_1a5a4.dir/CheckFunctionExists.c.o
/usr/bin/cc   -DCHECK_FUNCTION_EXISTS=pthread_create   -o CMakeFiles/cmTC_1a5a4.dir/CheckFunctionExists.c.o   -c /usr/share/cmake-3.16/Modules/CheckFunctionExists.c
Linking C executable cmTC_1a5a4
/usr/bin/cmake -E cmake_link_script CMakeFiles/cmTC_1a5a4.dir/link.txt --verbose=1
/usr/bin/cc  -DCHECK_FUNCTION_EXISTS=pthread_create    -rdynamic CMakeFiles/cmTC_1a5a4.dir/CheckFunctionExists.c.o  -o cmTC_1a5a4  -lpthreads 
/usr/bin/ld: 找不到 -lpthreads
collect2: error: ld returned 1 exit status
make[1]: *** [CMakeFiles/cmTC_1a5a4.dir/build.make:87：cmTC_1a5a4] 错误 1
make[1]: 离开目录“/home/rm/catkin_livox_ros_driver2/src/NEXTE_Sentry_Nav/build/CMakeFiles/CMakeTmp”
make: *** [Makefile:121：cmTC_1a5a4/fast] 错误 2



Performing C SOURCE FILE Test CMAKE_HAVE_LIBC_PTHREAD failed with the following output:
Change Dir: /home/rm/catkin_livox_ros_driver2/src/NEXTE_Sentry_Nav/build/CMakeFiles/CMakeTmp

Run Build Command(s):/usr/bin/make cmTC_8d18d/fast && /usr/bin/make -f CMakeFiles/cmTC_8d18d.dir/build.make CMakeFiles/cmTC_8d18d.dir/build
make[1]: 进入目录“/home/rm/catkin_livox_ros_driver2/src/NEXTE_Sentry_Nav/build/CMakeFiles/CMakeTmp”
Building C object CMakeFiles/cmTC_8d18d.dir/src.c.o
/usr/bin/cc   -DCMAKE_HAVE_LIBC_PTHREAD   -o CMakeFiles/cmTC_8d18d.dir/src.c.o   -c /home/rm/catkin_livox_ros_driver2/src/NEXTE_Sentry_Nav/build/CMakeFiles/CMakeTmp/src.c
Linking C executable cmTC_8d18d
/usr/bin/cmake -E cmake_link_script CMakeFiles/cmTC_8d18d.dir/link.txt --verbose=1
/usr/bin/cc  -DCMAKE_HAVE_LIBC_PTHREAD    -rdynamic CMakeFiles/cmTC_8d18d.dir/src.c.o  -o cmTC_8d18d 
/usr/bin/ld: CMakeFiles/cmTC_8d18d.dir/src.c.o: in function `main':
src.c:(.text+0x46): undefined reference to `pthread_create'
/usr/bin/ld: src.c:(.text+0x52): undefined reference to `pthread_detach'
/usr/bin/ld: src.c:(.text+0x63): undefined reference to `pthread_join'
collect2: error: ld returned 1 exit status
make[1]: *** [CMakeFiles/cmTC_8d18d.dir/build.make:87：cmTC_8d18d] 错误 1
make[1]: 离开目录“/home/rm/catkin_livox_ros_driver2/src/NEXTE_Sentry_Nav/build/CMakeFiles/CMakeTmp”
make: *** [Makefile:121：cmTC_8d18d/fast] 错误 2


Source file was:
#include <pthread.h>

void* test_func(void* data)
{
  return data;
}

int main(void)
{
  pthread_t thread;
  pthread_create(&thread, NULL, test_func, NULL);
  pthread_detach(thread);
  pthread_join(thread, NULL);
  pthread_atfork(NULL, NULL, NULL);
  pthread_exit(NULL);

  return 0;
}

Determining if the function pthread_create exists in the pthreads failed with the following output:
Change Dir: /home/rm/catkin_livox_ros_driver2/src/NEXTE_Sentry_Nav/build/CMakeFiles/CMakeTmp

Run Build Command(s):/usr/bin/make cmTC_d4371/fast && /usr/bin/make -f CMakeFiles/cmTC_d4371.dir/build.make CMakeFiles/cmTC_d4371.dir/build
make[1]: 进入目录“/home/rm/catkin_livox_ros_driver2/src/NEXTE_Sentry_Nav/build/CMakeFiles/CMakeTmp”
Building C object CMakeFiles/cmTC_d4371.dir/CheckFunctionExists.c.o
/usr/bin/cc   -DCHECK_FUNCTION_EXISTS=pthread_create   -o CMakeFiles/cmTC_d4371.dir/CheckFunctionExists.c.o   -c /usr/share/cmake-3.16/Modules/CheckFunctionExists.c
Linking C executable cmTC_d4371
/usr/bin/cmake -E cmake_link_script CMakeFiles/cmTC_d4371.dir/link.txt --verbose=1
/usr/bin/cc  -DCHECK_FUNCTION_EXISTS=pthread_create    -rdynamic CMakeFiles/cmTC_d4371.dir/CheckFunctionExists.c.o  -o cmTC_d4371  -lpthreads 
/usr/bin/ld: 找不到 -lpthreads
collect2: error: ld returned 1 exit status
make[1]: *** [CMakeFiles/cmTC_d4371.dir/build.make:87：cmTC_d4371] 错误 1
make[1]: 离开目录“/home/rm/catkin_livox_ros_driver2/src/NEXTE_Sentry_Nav/build/CMakeFiles/CMakeTmp”
make: *** [Makefile:121：cmTC_d4371/fast] 错误 2



Performing C SOURCE FILE Test CMAKE_HAVE_LIBC_PTHREAD failed with the following output:
Change Dir: /home/rm/catkin_livox_ros_driver2/src/NEXTE_Sentry_Nav/build/CMakeFiles/CMakeTmp

Run Build Command(s):/usr/bin/make cmTC_58a21/fast && /usr/bin/make -f CMakeFiles/cmTC_58a21.dir/build.make CMakeFiles/cmTC_58a21.dir/build
make[1]: 进入目录“/home/rm/catkin_livox_ros_driver2/src/NEXTE_Sentry_Nav/build/CMakeFiles/CMakeTmp”
Building C object CMakeFiles/cmTC_58a21.dir/src.c.o
/usr/bin/cc   -DCMAKE_HAVE_LIBC_PTHREAD   -o CMakeFiles/cmTC_58a21.dir/src.c.o   -c /home/rm/catkin_livox_ros_driver2/src/NEXTE_Sentry_Nav/build/CMakeFiles/CMakeTmp/src.c
Linking C executable cmTC_58a21
/usr/bin/cmake -E cmake_link_script CMakeFiles/cmTC_58a21.dir/link.txt --verbose=1
/usr/bin/cc  -DCMAKE_HAVE_LIBC_PTHREAD    -rdynamic CMakeFiles/cmTC_58a21.dir/src.c.o  -o cmTC_58a21 
/usr/bin/ld: CMakeFiles/cmTC_58a21.dir/src.c.o: in function `main':
src.c:(.text+0x46): undefined reference to `pthread_create'
/usr/bin/ld: src.c:(.text+0x52): undefined reference to `pthread_detach'
/usr/bin/ld: src.c:(.text+0x63): undefined reference to `pthread_join'
collect2: error: ld returned 1 exit status
make[1]: *** [CMakeFiles/cmTC_58a21.dir/build.make:87：cmTC_58a21] 错误 1
make[1]: 离开目录“/home/rm/catkin_livox_ros_driver2/src/NEXTE_Sentry_Nav/build/CMakeFiles/CMakeTmp”
make: *** [Makefile:121：cmTC_58a21/fast] 错误 2


Source file was:
#include <pthread.h>

void* test_func(void* data)
{
  return data;
}

int main(void)
{
  pthread_t thread;
  pthread_create(&thread, NULL, test_func, NULL);
  pthread_detach(thread);
  pthread_join(thread, NULL);
  pthread_atfork(NULL, NULL, NULL);
  pthread_exit(NULL);

  return 0;
}

Determining if the function pthread_create exists in the pthreads failed with the following output:
Change Dir: /home/rm/catkin_livox_ros_driver2/src/NEXTE_Sentry_Nav/build/CMakeFiles/CMakeTmp

Run Build Command(s):/usr/bin/make cmTC_65b4c/fast && /usr/bin/make -f CMakeFiles/cmTC_65b4c.dir/build.make CMakeFiles/cmTC_65b4c.dir/build
make[1]: 进入目录“/home/rm/catkin_livox_ros_driver2/src/NEXTE_Sentry_Nav/build/CMakeFiles/CMakeTmp”
Building C object CMakeFiles/cmTC_65b4c.dir/CheckFunctionExists.c.o
/usr/bin/cc   -DCHECK_FUNCTION_EXISTS=pthread_create   -o CMakeFiles/cmTC_65b4c.dir/CheckFunctionExists.c.o   -c /usr/share/cmake-3.16/Modules/CheckFunctionExists.c
Linking C executable cmTC_65b4c
/usr/bin/cmake -E cmake_link_script CMakeFiles/cmTC_65b4c.dir/link.txt --verbose=1
/usr/bin/cc  -DCHECK_FUNCTION_EXISTS=pthread_create    -rdynamic CMakeFiles/cmTC_65b4c.dir/CheckFunctionExists.c.o  -o cmTC_65b4c  -lpthreads 
/usr/bin/ld: 找不到 -lpthreads
collect2: error: ld returned 1 exit status
make[1]: *** [CMakeFiles/cmTC_65b4c.dir/build.make:87：cmTC_65b4c] 错误 1
make[1]: 离开目录“/home/rm/catkin_livox_ros_driver2/src/NEXTE_Sentry_Nav/build/CMakeFiles/CMakeTmp”
make: *** [Makefile:121：cmTC_65b4c/fast] 错误 2



Performing C SOURCE FILE Test CMAKE_HAVE_LIBC_PTHREAD failed with the following output:
Change Dir: /home/rm/catkin_livox_ros_driver2/src/NEXTE_Sentry_Nav/build/CMakeFiles/CMakeTmp

Run Build Command(s):/usr/bin/make cmTC_0035c/fast && /usr/bin/make -f CMakeFiles/cmTC_0035c.dir/build.make CMakeFiles/cmTC_0035c.dir/build
make[1]: 进入目录“/home/rm/catkin_livox_ros_driver2/src/NEXTE_Sentry_Nav/build/CMakeFiles/CMakeTmp”
Building C object CMakeFiles/cmTC_0035c.dir/src.c.o
/usr/bin/cc   -DCMAKE_HAVE_LIBC_PTHREAD   -o CMakeFiles/cmTC_0035c.dir/src.c.o   -c /home/rm/catkin_livox_ros_driver2/src/NEXTE_Sentry_Nav/build/CMakeFiles/CMakeTmp/src.c
Linking C executable cmTC_0035c
/usr/bin/cmake -E cmake_link_script CMakeFiles/cmTC_0035c.dir/link.txt --verbose=1
/usr/bin/cc  -DCMAKE_HAVE_LIBC_PTHREAD    -rdynamic CMakeFiles/cmTC_0035c.dir/src.c.o  -o cmTC_0035c 
/usr/bin/ld: CMakeFiles/cmTC_0035c.dir/src.c.o: in function `main':
src.c:(.text+0x46): undefined reference to `pthread_create'
/usr/bin/ld: src.c:(.text+0x52): undefined reference to `pthread_detach'
/usr/bin/ld: src.c:(.text+0x63): undefined reference to `pthread_join'
collect2: error: ld returned 1 exit status
make[1]: *** [CMakeFiles/cmTC_0035c.dir/build.make:87：cmTC_0035c] 错误 1
make[1]: 离开目录“/home/rm/catkin_livox_ros_driver2/src/NEXTE_Sentry_Nav/build/CMakeFiles/CMakeTmp”
make: *** [Makefile:121：cmTC_0035c/fast] 错误 2


Source file was:
#include <pthread.h>

void* test_func(void* data)
{
  return data;
}

int main(void)
{
  pthread_t thread;
  pthread_create(&thread, NULL, test_func, NULL);
  pthread_detach(thread);
  pthread_join(thread, NULL);
  pthread_atfork(NULL, NULL, NULL);
  pthread_exit(NULL);

  return 0;
}

Determining if the function pthread_create exists in the pthreads failed with the following output:
Change Dir: /home/rm/catkin_livox_ros_driver2/src/NEXTE_Sentry_Nav/build/CMakeFiles/CMakeTmp

Run Build Command(s):/usr/bin/make cmTC_61c91/fast && /usr/bin/make -f CMakeFiles/cmTC_61c91.dir/build.make CMakeFiles/cmTC_61c91.dir/build
make[1]: 进入目录“/home/rm/catkin_livox_ros_driver2/src/NEXTE_Sentry_Nav/build/CMakeFiles/CMakeTmp”
Building C object CMakeFiles/cmTC_61c91.dir/CheckFunctionExists.c.o
/usr/bin/cc   -DCHECK_FUNCTION_EXISTS=pthread_create   -o CMakeFiles/cmTC_61c91.dir/CheckFunctionExists.c.o   -c /usr/share/cmake-3.16/Modules/CheckFunctionExists.c
Linking C executable cmTC_61c91
/usr/bin/cmake -E cmake_link_script CMakeFiles/cmTC_61c91.dir/link.txt --verbose=1
/usr/bin/cc  -DCHECK_FUNCTION_EXISTS=pthread_create    -rdynamic CMakeFiles/cmTC_61c91.dir/CheckFunctionExists.c.o  -o cmTC_61c91  -lpthreads 
/usr/bin/ld: 找不到 -lpthreads
collect2: error: ld returned 1 exit status
make[1]: *** [CMakeFiles/cmTC_61c91.dir/build.make:87：cmTC_61c91] 错误 1
make[1]: 离开目录“/home/rm/catkin_livox_ros_driver2/src/NEXTE_Sentry_Nav/build/CMakeFiles/CMakeTmp”
make: *** [Makefile:121：cmTC_61c91/fast] 错误 2



Performing C SOURCE FILE Test CMAKE_HAVE_LIBC_PTHREAD failed with the following output:
Change Dir: /home/rm/catkin_livox_ros_driver2/src/NEXTE_Sentry_Nav/build/CMakeFiles/CMakeTmp

Run Build Command(s):/usr/bin/make cmTC_64cdf/fast && /usr/bin/make -f CMakeFiles/cmTC_64cdf.dir/build.make CMakeFiles/cmTC_64cdf.dir/build
make[1]: 进入目录“/home/rm/catkin_livox_ros_driver2/src/NEXTE_Sentry_Nav/build/CMakeFiles/CMakeTmp”
Building C object CMakeFiles/cmTC_64cdf.dir/src.c.o
/usr/bin/cc   -DCMAKE_HAVE_LIBC_PTHREAD   -o CMakeFiles/cmTC_64cdf.dir/src.c.o   -c /home/rm/catkin_livox_ros_driver2/src/NEXTE_Sentry_Nav/build/CMakeFiles/CMakeTmp/src.c
Linking C executable cmTC_64cdf
/usr/bin/cmake -E cmake_link_script CMakeFiles/cmTC_64cdf.dir/link.txt --verbose=1
/usr/bin/cc  -DCMAKE_HAVE_LIBC_PTHREAD    -rdynamic CMakeFiles/cmTC_64cdf.dir/src.c.o  -o cmTC_64cdf 
/usr/bin/ld: CMakeFiles/cmTC_64cdf.dir/src.c.o: in function `main':
src.c:(.text+0x46): undefined reference to `pthread_create'
/usr/bin/ld: src.c:(.text+0x52): undefined reference to `pthread_detach'
/usr/bin/ld: src.c:(.text+0x63): undefined reference to `pthread_join'
collect2: error: ld returned 1 exit status
make[1]: *** [CMakeFiles/cmTC_64cdf.dir/build.make:87：cmTC_64cdf] 错误 1
make[1]: 离开目录“/home/rm/catkin_livox_ros_driver2/src/NEXTE_Sentry_Nav/build/CMakeFiles/CMakeTmp”
make: *** [Makefile:121：cmTC_64cdf/fast] 错误 2


Source file was:
#include <pthread.h>

void* test_func(void* data)
{
  return data;
}

int main(void)
{
  pthread_t thread;
  pthread_create(&thread, NULL, test_func, NULL);
  pthread_detach(thread);
  pthread_join(thread, NULL);
  pthread_atfork(NULL, NULL, NULL);
  pthread_exit(NULL);

  return 0;
}

Determining if the function pthread_create exists in the pthreads failed with the following output:
Change Dir: /home/rm/catkin_livox_ros_driver2/src/NEXTE_Sentry_Nav/build/CMakeFiles/CMakeTmp

Run Build Command(s):/usr/bin/make cmTC_4290f/fast && /usr/bin/make -f CMakeFiles/cmTC_4290f.dir/build.make CMakeFiles/cmTC_4290f.dir/build
make[1]: 进入目录“/home/rm/catkin_livox_ros_driver2/src/NEXTE_Sentry_Nav/build/CMakeFiles/CMakeTmp”
Building C object CMakeFiles/cmTC_4290f.dir/CheckFunctionExists.c.o
/usr/bin/cc   -DCHECK_FUNCTION_EXISTS=pthread_create   -o CMakeFiles/cmTC_4290f.dir/CheckFunctionExists.c.o   -c /usr/share/cmake-3.16/Modules/CheckFunctionExists.c
Linking C executable cmTC_4290f
/usr/bin/cmake -E cmake_link_script CMakeFiles/cmTC_4290f.dir/link.txt --verbose=1
/usr/bin/cc  -DCHECK_FUNCTION_EXISTS=pthread_create    -rdynamic CMakeFiles/cmTC_4290f.dir/CheckFunctionExists.c.o  -o cmTC_4290f  -lpthreads 
/usr/bin/ld: 找不到 -lpthreads
collect2: error: ld returned 1 exit status
make[1]: *** [CMakeFiles/cmTC_4290f.dir/build.make:87：cmTC_4290f] 错误 1
make[1]: 离开目录“/home/rm/catkin_livox_ros_driver2/src/NEXTE_Sentry_Nav/build/CMakeFiles/CMakeTmp”
make: *** [Makefile:121：cmTC_4290f/fast] 错误 2



Performing C SOURCE FILE Test CMAKE_HAVE_LIBC_PTHREAD failed with the following output:
Change Dir: /home/rm/catkin_livox_ros_driver2/src/NEXTE_Sentry_Nav/build/CMakeFiles/CMakeTmp

Run Build Command(s):/usr/bin/make cmTC_8a196/fast && /usr/bin/make -f CMakeFiles/cmTC_8a196.dir/build.make CMakeFiles/cmTC_8a196.dir/build
make[1]: 进入目录“/home/rm/catkin_livox_ros_driver2/src/NEXTE_Sentry_Nav/build/CMakeFiles/CMakeTmp”
Building C object CMakeFiles/cmTC_8a196.dir/src.c.o
/usr/bin/cc   -DCMAKE_HAVE_LIBC_PTHREAD   -o CMakeFiles/cmTC_8a196.dir/src.c.o   -c /home/rm/catkin_livox_ros_driver2/src/NEXTE_Sentry_Nav/build/CMakeFiles/CMakeTmp/src.c
Linking C executable cmTC_8a196
/usr/bin/cmake -E cmake_link_script CMakeFiles/cmTC_8a196.dir/link.txt --verbose=1
/usr/bin/cc  -DCMAKE_HAVE_LIBC_PTHREAD    -rdynamic CMakeFiles/cmTC_8a196.dir/src.c.o  -o cmTC_8a196 
/usr/bin/ld: CMakeFiles/cmTC_8a196.dir/src.c.o: in function `main':
src.c:(.text+0x46): undefined reference to `pthread_create'
/usr/bin/ld: src.c:(.text+0x52): undefined reference to `pthread_detach'
/usr/bin/ld: src.c:(.text+0x63): undefined reference to `pthread_join'
collect2: error: ld returned 1 exit status
make[1]: *** [CMakeFiles/cmTC_8a196.dir/build.make:87：cmTC_8a196] 错误 1
make[1]: 离开目录“/home/rm/catkin_livox_ros_driver2/src/NEXTE_Sentry_Nav/build/CMakeFiles/CMakeTmp”
make: *** [Makefile:121：cmTC_8a196/fast] 错误 2


Source file was:
#include <pthread.h>

void* test_func(void* data)
{
  return data;
}

int main(void)
{
  pthread_t thread;
  pthread_create(&thread, NULL, test_func, NULL);
  pthread_detach(thread);
  pthread_join(thread, NULL);
  pthread_atfork(NULL, NULL, NULL);
  pthread_exit(NULL);

  return 0;
}

Determining if the function pthread_create exists in the pthreads failed with the following output:
Change Dir: /home/rm/catkin_livox_ros_driver2/src/NEXTE_Sentry_Nav/build/CMakeFiles/CMakeTmp

Run Build Command(s):/usr/bin/make cmTC_bda5f/fast && /usr/bin/make -f CMakeFiles/cmTC_bda5f.dir/build.make CMakeFiles/cmTC_bda5f.dir/build
make[1]: 进入目录“/home/rm/catkin_livox_ros_driver2/src/NEXTE_Sentry_Nav/build/CMakeFiles/CMakeTmp”
Building C object CMakeFiles/cmTC_bda5f.dir/CheckFunctionExists.c.o
/usr/bin/cc   -DCHECK_FUNCTION_EXISTS=pthread_create   -o CMakeFiles/cmTC_bda5f.dir/CheckFunctionExists.c.o   -c /usr/share/cmake-3.16/Modules/CheckFunctionExists.c
Linking C executable cmTC_bda5f
/usr/bin/cmake -E cmake_link_script CMakeFiles/cmTC_bda5f.dir/link.txt --verbose=1
/usr/bin/cc  -DCHECK_FUNCTION_EXISTS=pthread_create    -rdynamic CMakeFiles/cmTC_bda5f.dir/CheckFunctionExists.c.o  -o cmTC_bda5f  -lpthreads 
/usr/bin/ld: 找不到 -lpthreads
collect2: error: ld returned 1 exit status
make[1]: *** [CMakeFiles/cmTC_bda5f.dir/build.make:87：cmTC_bda5f] 错误 1
make[1]: 离开目录“/home/rm/catkin_livox_ros_driver2/src/NEXTE_Sentry_Nav/build/CMakeFiles/CMakeTmp”
make: *** [Makefile:121：cmTC_bda5f/fast] 错误 2



Performing C SOURCE FILE Test CMAKE_HAVE_LIBC_PTHREAD failed with the following output:
Change Dir: /home/rm/catkin_livox_ros_driver2/src/NEXTE_Sentry_Nav/build/CMakeFiles/CMakeTmp

Run Build Command(s):/usr/bin/make cmTC_4c0a9/fast && /usr/bin/make -f CMakeFiles/cmTC_4c0a9.dir/build.make CMakeFiles/cmTC_4c0a9.dir/build
make[1]: 进入目录“/home/rm/catkin_livox_ros_driver2/src/NEXTE_Sentry_Nav/build/CMakeFiles/CMakeTmp”
Building C object CMakeFiles/cmTC_4c0a9.dir/src.c.o
/usr/bin/cc   -DCMAKE_HAVE_LIBC_PTHREAD   -o CMakeFiles/cmTC_4c0a9.dir/src.c.o   -c /home/rm/catkin_livox_ros_driver2/src/NEXTE_Sentry_Nav/build/CMakeFiles/CMakeTmp/src.c
Linking C executable cmTC_4c0a9
/usr/bin/cmake -E cmake_link_script CMakeFiles/cmTC_4c0a9.dir/link.txt --verbose=1
/usr/bin/cc  -DCMAKE_HAVE_LIBC_PTHREAD    -rdynamic CMakeFiles/cmTC_4c0a9.dir/src.c.o  -o cmTC_4c0a9 
/usr/bin/ld: CMakeFiles/cmTC_4c0a9.dir/src.c.o: in function `main':
src.c:(.text+0x46): undefined reference to `pthread_create'
/usr/bin/ld: src.c:(.text+0x52): undefined reference to `pthread_detach'
/usr/bin/ld: src.c:(.text+0x63): undefined reference to `pthread_join'
collect2: error: ld returned 1 exit status
make[1]: *** [CMakeFiles/cmTC_4c0a9.dir/build.make:87：cmTC_4c0a9] 错误 1
make[1]: 离开目录“/home/rm/catkin_livox_ros_driver2/src/NEXTE_Sentry_Nav/build/CMakeFiles/CMakeTmp”
make: *** [Makefile:121：cmTC_4c0a9/fast] 错误 2


Source file was:
#include <pthread.h>

void* test_func(void* data)
{
  return data;
}

int main(void)
{
  pthread_t thread;
  pthread_create(&thread, NULL, test_func, NULL);
  pthread_detach(thread);
  pthread_join(thread, NULL);
  pthread_atfork(NULL, NULL, NULL);
  pthread_exit(NULL);

  return 0;
}

Determining if the function pthread_create exists in the pthreads failed with the following output:
Change Dir: /home/rm/catkin_livox_ros_driver2/src/NEXTE_Sentry_Nav/build/CMakeFiles/CMakeTmp

Run Build Command(s):/usr/bin/make cmTC_5f71e/fast && /usr/bin/make -f CMakeFiles/cmTC_5f71e.dir/build.make CMakeFiles/cmTC_5f71e.dir/build
make[1]: 进入目录“/home/rm/catkin_livox_ros_driver2/src/NEXTE_Sentry_Nav/build/CMakeFiles/CMakeTmp”
Building C object CMakeFiles/cmTC_5f71e.dir/CheckFunctionExists.c.o
/usr/bin/cc   -DCHECK_FUNCTION_EXISTS=pthread_create   -o CMakeFiles/cmTC_5f71e.dir/CheckFunctionExists.c.o   -c /usr/share/cmake-3.16/Modules/CheckFunctionExists.c
Linking C executable cmTC_5f71e
/usr/bin/cmake -E cmake_link_script CMakeFiles/cmTC_5f71e.dir/link.txt --verbose=1
/usr/bin/cc  -DCHECK_FUNCTION_EXISTS=pthread_create    -rdynamic CMakeFiles/cmTC_5f71e.dir/CheckFunctionExists.c.o  -o cmTC_5f71e  -lpthreads 
/usr/bin/ld: 找不到 -lpthreads
collect2: error: ld returned 1 exit status
make[1]: *** [CMakeFiles/cmTC_5f71e.dir/build.make:87：cmTC_5f71e] 错误 1
make[1]: 离开目录“/home/rm/catkin_livox_ros_driver2/src/NEXTE_Sentry_Nav/build/CMakeFiles/CMakeTmp”
make: *** [Makefile:121：cmTC_5f71e/fast] 错误 2



Performing C SOURCE FILE Test CMAKE_HAVE_LIBC_PTHREAD failed with the following output:
Change Dir: /home/rm/catkin_livox_ros_driver2/src/NEXTE_Sentry_Nav/build/CMakeFiles/CMakeTmp

Run Build Command(s):/usr/bin/make cmTC_1ea9a/fast && /usr/bin/make -f CMakeFiles/cmTC_1ea9a.dir/build.make CMakeFiles/cmTC_1ea9a.dir/build
make[1]: 进入目录“/home/rm/catkin_livox_ros_driver2/src/NEXTE_Sentry_Nav/build/CMakeFiles/CMakeTmp”
Building C object CMakeFiles/cmTC_1ea9a.dir/src.c.o
/usr/bin/cc   -DCMAKE_HAVE_LIBC_PTHREAD   -o CMakeFiles/cmTC_1ea9a.dir/src.c.o   -c /home/rm/catkin_livox_ros_driver2/src/NEXTE_Sentry_Nav/build/CMakeFiles/CMakeTmp/src.c
Linking C executable cmTC_1ea9a
/usr/bin/cmake -E cmake_link_script CMakeFiles/cmTC_1ea9a.dir/link.txt --verbose=1
/usr/bin/cc  -DCMAKE_HAVE_LIBC_PTHREAD    -rdynamic CMakeFiles/cmTC_1ea9a.dir/src.c.o  -o cmTC_1ea9a 
/usr/bin/ld: CMakeFiles/cmTC_1ea9a.dir/src.c.o: in function `main':
src.c:(.text+0x46): undefined reference to `pthread_create'
/usr/bin/ld: src.c:(.text+0x52): undefined reference to `pthread_detach'
/usr/bin/ld: src.c:(.text+0x63): undefined reference to `pthread_join'
collect2: error: ld returned 1 exit status
make[1]: *** [CMakeFiles/cmTC_1ea9a.dir/build.make:87：cmTC_1ea9a] 错误 1
make[1]: 离开目录“/home/rm/catkin_livox_ros_driver2/src/NEXTE_Sentry_Nav/build/CMakeFiles/CMakeTmp”
make: *** [Makefile:121：cmTC_1ea9a/fast] 错误 2


Source file was:
#include <pthread.h>

void* test_func(void* data)
{
  return data;
}

int main(void)
{
  pthread_t thread;
  pthread_create(&thread, NULL, test_func, NULL);
  pthread_detach(thread);
  pthread_join(thread, NULL);
  pthread_atfork(NULL, NULL, NULL);
  pthread_exit(NULL);

  return 0;
}

Determining if the function pthread_create exists in the pthreads failed with the following output:
Change Dir: /home/rm/catkin_livox_ros_driver2/src/NEXTE_Sentry_Nav/build/CMakeFiles/CMakeTmp

Run Build Command(s):/usr/bin/make cmTC_724d2/fast && /usr/bin/make -f CMakeFiles/cmTC_724d2.dir/build.make CMakeFiles/cmTC_724d2.dir/build
make[1]: 进入目录“/home/rm/catkin_livox_ros_driver2/src/NEXTE_Sentry_Nav/build/CMakeFiles/CMakeTmp”
Building C object CMakeFiles/cmTC_724d2.dir/CheckFunctionExists.c.o
/usr/bin/cc   -DCHECK_FUNCTION_EXISTS=pthread_create   -o CMakeFiles/cmTC_724d2.dir/CheckFunctionExists.c.o   -c /usr/share/cmake-3.16/Modules/CheckFunctionExists.c
Linking C executable cmTC_724d2
/usr/bin/cmake -E cmake_link_script CMakeFiles/cmTC_724d2.dir/link.txt --verbose=1
/usr/bin/cc  -DCHECK_FUNCTION_EXISTS=pthread_create    -rdynamic CMakeFiles/cmTC_724d2.dir/CheckFunctionExists.c.o  -o cmTC_724d2  -lpthreads 
/usr/bin/ld: 找不到 -lpthreads
collect2: error: ld returned 1 exit status
make[1]: *** [CMakeFiles/cmTC_724d2.dir/build.make:87：cmTC_724d2] 错误 1
make[1]: 离开目录“/home/rm/catkin_livox_ros_driver2/src/NEXTE_Sentry_Nav/build/CMakeFiles/CMakeTmp”
make: *** [Makefile:121：cmTC_724d2/fast] 错误 2



Performing C SOURCE FILE Test CMAKE_HAVE_LIBC_PTHREAD failed with the following output:
Change Dir: /home/rm/catkin_livox_ros_driver2/src/NEXTE_Sentry_Nav/build/CMakeFiles/CMakeTmp

Run Build Command(s):/usr/bin/make cmTC_1a7bb/fast && /usr/bin/make -f CMakeFiles/cmTC_1a7bb.dir/build.make CMakeFiles/cmTC_1a7bb.dir/build
make[1]: 进入目录“/home/rm/catkin_livox_ros_driver2/src/NEXTE_Sentry_Nav/build/CMakeFiles/CMakeTmp”
Building C object CMakeFiles/cmTC_1a7bb.dir/src.c.o
/usr/bin/cc   -DCMAKE_HAVE_LIBC_PTHREAD   -o CMakeFiles/cmTC_1a7bb.dir/src.c.o   -c /home/rm/catkin_livox_ros_driver2/src/NEXTE_Sentry_Nav/build/CMakeFiles/CMakeTmp/src.c
Linking C executable cmTC_1a7bb
/usr/bin/cmake -E cmake_link_script CMakeFiles/cmTC_1a7bb.dir/link.txt --verbose=1
/usr/bin/cc  -DCMAKE_HAVE_LIBC_PTHREAD    -rdynamic CMakeFiles/cmTC_1a7bb.dir/src.c.o  -o cmTC_1a7bb 
/usr/bin/ld: CMakeFiles/cmTC_1a7bb.dir/src.c.o: in function `main':
src.c:(.text+0x46): undefined reference to `pthread_create'
/usr/bin/ld: src.c:(.text+0x52): undefined reference to `pthread_detach'
/usr/bin/ld: src.c:(.text+0x63): undefined reference to `pthread_join'
collect2: error: ld returned 1 exit status
make[1]: *** [CMakeFiles/cmTC_1a7bb.dir/build.make:87：cmTC_1a7bb] 错误 1
make[1]: 离开目录“/home/rm/catkin_livox_ros_driver2/src/NEXTE_Sentry_Nav/build/CMakeFiles/CMakeTmp”
make: *** [Makefile:121：cmTC_1a7bb/fast] 错误 2


Source file was:
#include <pthread.h>

void* test_func(void* data)
{
  return data;
}

int main(void)
{
  pthread_t thread;
  pthread_create(&thread, NULL, test_func, NULL);
  pthread_detach(thread);
  pthread_join(thread, NULL);
  pthread_atfork(NULL, NULL, NULL);
  pthread_exit(NULL);

  return 0;
}

Determining if the function pthread_create exists in the pthreads failed with the following output:
Change Dir: /home/rm/catkin_livox_ros_driver2/src/NEXTE_Sentry_Nav/build/CMakeFiles/CMakeTmp

Run Build Command(s):/usr/bin/make cmTC_bf260/fast && /usr/bin/make -f CMakeFiles/cmTC_bf260.dir/build.make CMakeFiles/cmTC_bf260.dir/build
make[1]: 进入目录“/home/rm/catkin_livox_ros_driver2/src/NEXTE_Sentry_Nav/build/CMakeFiles/CMakeTmp”
Building C object CMakeFiles/cmTC_bf260.dir/CheckFunctionExists.c.o
/usr/bin/cc   -DCHECK_FUNCTION_EXISTS=pthread_create   -o CMakeFiles/cmTC_bf260.dir/CheckFunctionExists.c.o   -c /usr/share/cmake-3.16/Modules/CheckFunctionExists.c
Linking C executable cmTC_bf260
/usr/bin/cmake -E cmake_link_script CMakeFiles/cmTC_bf260.dir/link.txt --verbose=1
/usr/bin/cc  -DCHECK_FUNCTION_EXISTS=pthread_create    -rdynamic CMakeFiles/cmTC_bf260.dir/CheckFunctionExists.c.o  -o cmTC_bf260  -lpthreads 
/usr/bin/ld: 找不到 -lpthreads
collect2: error: ld returned 1 exit status
make[1]: *** [CMakeFiles/cmTC_bf260.dir/build.make:87：cmTC_bf260] 错误 1
make[1]: 离开目录“/home/rm/catkin_livox_ros_driver2/src/NEXTE_Sentry_Nav/build/CMakeFiles/CMakeTmp”
make: *** [Makefile:121：cmTC_bf260/fast] 错误 2



Performing C SOURCE FILE Test CMAKE_HAVE_LIBC_PTHREAD failed with the following output:
Change Dir: /home/rm/catkin_livox_ros_driver2/src/NEXTE_Sentry_Nav/build/CMakeFiles/CMakeTmp

Run Build Command(s):/usr/bin/make cmTC_8e6a4/fast && /usr/bin/make -f CMakeFiles/cmTC_8e6a4.dir/build.make CMakeFiles/cmTC_8e6a4.dir/build
make[1]: 进入目录“/home/rm/catkin_livox_ros_driver2/src/NEXTE_Sentry_Nav/build/CMakeFiles/CMakeTmp”
Building C object CMakeFiles/cmTC_8e6a4.dir/src.c.o
/usr/bin/cc   -DCMAKE_HAVE_LIBC_PTHREAD   -o CMakeFiles/cmTC_8e6a4.dir/src.c.o   -c /home/rm/catkin_livox_ros_driver2/src/NEXTE_Sentry_Nav/build/CMakeFiles/CMakeTmp/src.c
Linking C executable cmTC_8e6a4
/usr/bin/cmake -E cmake_link_script CMakeFiles/cmTC_8e6a4.dir/link.txt --verbose=1
/usr/bin/cc  -DCMAKE_HAVE_LIBC_PTHREAD    -rdynamic CMakeFiles/cmTC_8e6a4.dir/src.c.o  -o cmTC_8e6a4 
/usr/bin/ld: CMakeFiles/cmTC_8e6a4.dir/src.c.o: in function `main':
src.c:(.text+0x46): undefined reference to `pthread_create'
/usr/bin/ld: src.c:(.text+0x52): undefined reference to `pthread_detach'
/usr/bin/ld: src.c:(.text+0x63): undefined reference to `pthread_join'
collect2: error: ld returned 1 exit status
make[1]: *** [CMakeFiles/cmTC_8e6a4.dir/build.make:87：cmTC_8e6a4] 错误 1
make[1]: 离开目录“/home/rm/catkin_livox_ros_driver2/src/NEXTE_Sentry_Nav/build/CMakeFiles/CMakeTmp”
make: *** [Makefile:121：cmTC_8e6a4/fast] 错误 2


Source file was:
#include <pthread.h>

void* test_func(void* data)
{
  return data;
}

int main(void)
{
  pthread_t thread;
  pthread_create(&thread, NULL, test_func, NULL);
  pthread_detach(thread);
  pthread_join(thread, NULL);
  pthread_atfork(NULL, NULL, NULL);
  pthread_exit(NULL);

  return 0;
}

Determining if the function pthread_create exists in the pthreads failed with the following output:
Change Dir: /home/rm/catkin_livox_ros_driver2/src/NEXTE_Sentry_Nav/build/CMakeFiles/CMakeTmp

Run Build Command(s):/usr/bin/make cmTC_89fc4/fast && /usr/bin/make -f CMakeFiles/cmTC_89fc4.dir/build.make CMakeFiles/cmTC_89fc4.dir/build
make[1]: 进入目录“/home/rm/catkin_livox_ros_driver2/src/NEXTE_Sentry_Nav/build/CMakeFiles/CMakeTmp”
Building C object CMakeFiles/cmTC_89fc4.dir/CheckFunctionExists.c.o
/usr/bin/cc   -DCHECK_FUNCTION_EXISTS=pthread_create   -o CMakeFiles/cmTC_89fc4.dir/CheckFunctionExists.c.o   -c /usr/share/cmake-3.16/Modules/CheckFunctionExists.c
Linking C executable cmTC_89fc4
/usr/bin/cmake -E cmake_link_script CMakeFiles/cmTC_89fc4.dir/link.txt --verbose=1
/usr/bin/cc  -DCHECK_FUNCTION_EXISTS=pthread_create    -rdynamic CMakeFiles/cmTC_89fc4.dir/CheckFunctionExists.c.o  -o cmTC_89fc4  -lpthreads 
/usr/bin/ld: 找不到 -lpthreads
collect2: error: ld returned 1 exit status
make[1]: *** [CMakeFiles/cmTC_89fc4.dir/build.make:87：cmTC_89fc4] 错误 1
make[1]: 离开目录“/home/rm/catkin_livox_ros_driver2/src/NEXTE_Sentry_Nav/build/CMakeFiles/CMakeTmp”
make: *** [Makefile:121：cmTC_89fc4/fast] 错误 2



Performing C SOURCE FILE Test CMAKE_HAVE_LIBC_PTHREAD failed with the following output:
Change Dir: /home/rm/catkin_livox_ros_driver2/src/NEXTE_Sentry_Nav/build/CMakeFiles/CMakeTmp

Run Build Command(s):/usr/bin/make cmTC_888ac/fast && /usr/bin/make -f CMakeFiles/cmTC_888ac.dir/build.make CMakeFiles/cmTC_888ac.dir/build
make[1]: 进入目录“/home/rm/catkin_livox_ros_driver2/src/NEXTE_Sentry_Nav/build/CMakeFiles/CMakeTmp”
Building C object CMakeFiles/cmTC_888ac.dir/src.c.o
/usr/bin/cc   -DCMAKE_HAVE_LIBC_PTHREAD   -o CMakeFiles/cmTC_888ac.dir/src.c.o   -c /home/rm/catkin_livox_ros_driver2/src/NEXTE_Sentry_Nav/build/CMakeFiles/CMakeTmp/src.c
Linking C executable cmTC_888ac
/usr/bin/cmake -E cmake_link_script CMakeFiles/cmTC_888ac.dir/link.txt --verbose=1
/usr/bin/cc  -DCMAKE_HAVE_LIBC_PTHREAD    -rdynamic CMakeFiles/cmTC_888ac.dir/src.c.o  -o cmTC_888ac 
/usr/bin/ld: CMakeFiles/cmTC_888ac.dir/src.c.o: in function `main':
src.c:(.text+0x46): undefined reference to `pthread_create'
/usr/bin/ld: src.c:(.text+0x52): undefined reference to `pthread_detach'
/usr/bin/ld: src.c:(.text+0x63): undefined reference to `pthread_join'
collect2: error: ld returned 1 exit status
make[1]: *** [CMakeFiles/cmTC_888ac.dir/build.make:87：cmTC_888ac] 错误 1
make[1]: 离开目录“/home/rm/catkin_livox_ros_driver2/src/NEXTE_Sentry_Nav/build/CMakeFiles/CMakeTmp”
make: *** [Makefile:121：cmTC_888ac/fast] 错误 2


Source file was:
#include <pthread.h>

void* test_func(void* data)
{
  return data;
}

int main(void)
{
  pthread_t thread;
  pthread_create(&thread, NULL, test_func, NULL);
  pthread_detach(thread);
  pthread_join(thread, NULL);
  pthread_atfork(NULL, NULL, NULL);
  pthread_exit(NULL);

  return 0;
}

Determining if the function pthread_create exists in the pthreads failed with the following output:
Change Dir: /home/rm/catkin_livox_ros_driver2/src/NEXTE_Sentry_Nav/build/CMakeFiles/CMakeTmp

Run Build Command(s):/usr/bin/make cmTC_24708/fast && /usr/bin/make -f CMakeFiles/cmTC_24708.dir/build.make CMakeFiles/cmTC_24708.dir/build
make[1]: 进入目录“/home/rm/catkin_livox_ros_driver2/src/NEXTE_Sentry_Nav/build/CMakeFiles/CMakeTmp”
Building C object CMakeFiles/cmTC_24708.dir/CheckFunctionExists.c.o
/usr/bin/cc   -DCHECK_FUNCTION_EXISTS=pthread_create   -o CMakeFiles/cmTC_24708.dir/CheckFunctionExists.c.o   -c /usr/share/cmake-3.16/Modules/CheckFunctionExists.c
Linking C executable cmTC_24708
/usr/bin/cmake -E cmake_link_script CMakeFiles/cmTC_24708.dir/link.txt --verbose=1
/usr/bin/cc  -DCHECK_FUNCTION_EXISTS=pthread_create    -rdynamic CMakeFiles/cmTC_24708.dir/CheckFunctionExists.c.o  -o cmTC_24708  -lpthreads 
/usr/bin/ld: 找不到 -lpthreads
collect2: error: ld returned 1 exit status
make[1]: *** [CMakeFiles/cmTC_24708.dir/build.make:87：cmTC_24708] 错误 1
make[1]: 离开目录“/home/rm/catkin_livox_ros_driver2/src/NEXTE_Sentry_Nav/build/CMakeFiles/CMakeTmp”
make: *** [Makefile:121：cmTC_24708/fast] 错误 2



Performing C SOURCE FILE Test CMAKE_HAVE_LIBC_PTHREAD failed with the following output:
Change Dir: /home/rm/catkin_livox_ros_driver2/src/NEXTE_Sentry_Nav/build/CMakeFiles/CMakeTmp

Run Build Command(s):/usr/bin/make cmTC_382da/fast && /usr/bin/make -f CMakeFiles/cmTC_382da.dir/build.make CMakeFiles/cmTC_382da.dir/build
make[1]: 进入目录“/home/rm/catkin_livox_ros_driver2/src/NEXTE_Sentry_Nav/build/CMakeFiles/CMakeTmp”
Building C object CMakeFiles/cmTC_382da.dir/src.c.o
/usr/bin/cc   -DCMAKE_HAVE_LIBC_PTHREAD   -o CMakeFiles/cmTC_382da.dir/src.c.o   -c /home/rm/catkin_livox_ros_driver2/src/NEXTE_Sentry_Nav/build/CMakeFiles/CMakeTmp/src.c
Linking C executable cmTC_382da
/usr/bin/cmake -E cmake_link_script CMakeFiles/cmTC_382da.dir/link.txt --verbose=1
/usr/bin/cc  -DCMAKE_HAVE_LIBC_PTHREAD    -rdynamic CMakeFiles/cmTC_382da.dir/src.c.o  -o cmTC_382da 
/usr/bin/ld: CMakeFiles/cmTC_382da.dir/src.c.o: in function `main':
src.c:(.text+0x46): undefined reference to `pthread_create'
/usr/bin/ld: src.c:(.text+0x52): undefined reference to `pthread_detach'
/usr/bin/ld: src.c:(.text+0x63): undefined reference to `pthread_join'
collect2: error: ld returned 1 exit status
make[1]: *** [CMakeFiles/cmTC_382da.dir/build.make:87：cmTC_382da] 错误 1
make[1]: 离开目录“/home/rm/catkin_livox_ros_driver2/src/NEXTE_Sentry_Nav/build/CMakeFiles/CMakeTmp”
make: *** [Makefile:121：cmTC_382da/fast] 错误 2


Source file was:
#include <pthread.h>

void* test_func(void* data)
{
  return data;
}

int main(void)
{
  pthread_t thread;
  pthread_create(&thread, NULL, test_func, NULL);
  pthread_detach(thread);
  pthread_join(thread, NULL);
  pthread_atfork(NULL, NULL, NULL);
  pthread_exit(NULL);

  return 0;
}

Determining if the function pthread_create exists in the pthreads failed with the following output:
Change Dir: /home/rm/catkin_livox_ros_driver2/src/NEXTE_Sentry_Nav/build/CMakeFiles/CMakeTmp

Run Build Command(s):/usr/bin/make cmTC_b2958/fast && /usr/bin/make -f CMakeFiles/cmTC_b2958.dir/build.make CMakeFiles/cmTC_b2958.dir/build
make[1]: 进入目录“/home/rm/catkin_livox_ros_driver2/src/NEXTE_Sentry_Nav/build/CMakeFiles/CMakeTmp”
Building C object CMakeFiles/cmTC_b2958.dir/CheckFunctionExists.c.o
/usr/bin/cc   -DCHECK_FUNCTION_EXISTS=pthread_create   -o CMakeFiles/cmTC_b2958.dir/CheckFunctionExists.c.o   -c /usr/share/cmake-3.16/Modules/CheckFunctionExists.c
Linking C executable cmTC_b2958
/usr/bin/cmake -E cmake_link_script CMakeFiles/cmTC_b2958.dir/link.txt --verbose=1
/usr/bin/cc  -DCHECK_FUNCTION_EXISTS=pthread_create    -rdynamic CMakeFiles/cmTC_b2958.dir/CheckFunctionExists.c.o  -o cmTC_b2958  -lpthreads 
/usr/bin/ld: 找不到 -lpthreads
collect2: error: ld returned 1 exit status
make[1]: *** [CMakeFiles/cmTC_b2958.dir/build.make:87：cmTC_b2958] 错误 1
make[1]: 离开目录“/home/rm/catkin_livox_ros_driver2/src/NEXTE_Sentry_Nav/build/CMakeFiles/CMakeTmp”
make: *** [Makefile:121：cmTC_b2958/fast] 错误 2



Performing C SOURCE FILE Test CMAKE_HAVE_LIBC_PTHREAD failed with the following output:
Change Dir: /home/rm/catkin_livox_ros_driver2/src/NEXTE_Sentry_Nav/build/CMakeFiles/CMakeTmp

Run Build Command(s):/usr/bin/make cmTC_148dc/fast && /usr/bin/make -f CMakeFiles/cmTC_148dc.dir/build.make CMakeFiles/cmTC_148dc.dir/build
make[1]: 进入目录“/home/rm/catkin_livox_ros_driver2/src/NEXTE_Sentry_Nav/build/CMakeFiles/CMakeTmp”
Building C object CMakeFiles/cmTC_148dc.dir/src.c.o
/usr/bin/cc   -DCMAKE_HAVE_LIBC_PTHREAD   -o CMakeFiles/cmTC_148dc.dir/src.c.o   -c /home/rm/catkin_livox_ros_driver2/src/NEXTE_Sentry_Nav/build/CMakeFiles/CMakeTmp/src.c
Linking C executable cmTC_148dc
/usr/bin/cmake -E cmake_link_script CMakeFiles/cmTC_148dc.dir/link.txt --verbose=1
/usr/bin/cc  -DCMAKE_HAVE_LIBC_PTHREAD    -rdynamic CMakeFiles/cmTC_148dc.dir/src.c.o  -o cmTC_148dc 
/usr/bin/ld: CMakeFiles/cmTC_148dc.dir/src.c.o: in function `main':
src.c:(.text+0x46): undefined reference to `pthread_create'
/usr/bin/ld: src.c:(.text+0x52): undefined reference to `pthread_detach'
/usr/bin/ld: src.c:(.text+0x63): undefined reference to `pthread_join'
collect2: error: ld returned 1 exit status
make[1]: *** [CMakeFiles/cmTC_148dc.dir/build.make:87：cmTC_148dc] 错误 1
make[1]: 离开目录“/home/rm/catkin_livox_ros_driver2/src/NEXTE_Sentry_Nav/build/CMakeFiles/CMakeTmp”
make: *** [Makefile:121：cmTC_148dc/fast] 错误 2


Source file was:
#include <pthread.h>

void* test_func(void* data)
{
  return data;
}

int main(void)
{
  pthread_t thread;
  pthread_create(&thread, NULL, test_func, NULL);
  pthread_detach(thread);
  pthread_join(thread, NULL);
  pthread_atfork(NULL, NULL, NULL);
  pthread_exit(NULL);

  return 0;
}

Determining if the function pthread_create exists in the pthreads failed with the following output:
Change Dir: /home/rm/catkin_livox_ros_driver2/src/NEXTE_Sentry_Nav/build/CMakeFiles/CMakeTmp

Run Build Command(s):/usr/bin/make cmTC_89743/fast && /usr/bin/make -f CMakeFiles/cmTC_89743.dir/build.make CMakeFiles/cmTC_89743.dir/build
make[1]: 进入目录“/home/rm/catkin_livox_ros_driver2/src/NEXTE_Sentry_Nav/build/CMakeFiles/CMakeTmp”
Building C object CMakeFiles/cmTC_89743.dir/CheckFunctionExists.c.o
/usr/bin/cc   -DCHECK_FUNCTION_EXISTS=pthread_create   -o CMakeFiles/cmTC_89743.dir/CheckFunctionExists.c.o   -c /usr/share/cmake-3.16/Modules/CheckFunctionExists.c
Linking C executable cmTC_89743
/usr/bin/cmake -E cmake_link_script CMakeFiles/cmTC_89743.dir/link.txt --verbose=1
/usr/bin/cc  -DCHECK_FUNCTION_EXISTS=pthread_create    -rdynamic CMakeFiles/cmTC_89743.dir/CheckFunctionExists.c.o  -o cmTC_89743  -lpthreads 
/usr/bin/ld: 找不到 -lpthreads
collect2: error: ld returned 1 exit status
make[1]: *** [CMakeFiles/cmTC_89743.dir/build.make:87：cmTC_89743] 错误 1
make[1]: 离开目录“/home/rm/catkin_livox_ros_driver2/src/NEXTE_Sentry_Nav/build/CMakeFiles/CMakeTmp”
make: *** [Makefile:121：cmTC_89743/fast] 错误 2



Performing C SOURCE FILE Test CMAKE_HAVE_LIBC_PTHREAD failed with the following output:
Change Dir: /home/rm/catkin_livox_ros_driver2/src/NEXTE_Sentry_Nav/build/CMakeFiles/CMakeTmp

Run Build Command(s):/usr/bin/make cmTC_957a1/fast && /usr/bin/make -f CMakeFiles/cmTC_957a1.dir/build.make CMakeFiles/cmTC_957a1.dir/build
make[1]: 进入目录“/home/rm/catkin_livox_ros_driver2/src/NEXTE_Sentry_Nav/build/CMakeFiles/CMakeTmp”
Building C object CMakeFiles/cmTC_957a1.dir/src.c.o
/usr/bin/cc   -DCMAKE_HAVE_LIBC_PTHREAD   -o CMakeFiles/cmTC_957a1.dir/src.c.o   -c /home/rm/catkin_livox_ros_driver2/src/NEXTE_Sentry_Nav/build/CMakeFiles/CMakeTmp/src.c
Linking C executable cmTC_957a1
/usr/bin/cmake -E cmake_link_script CMakeFiles/cmTC_957a1.dir/link.txt --verbose=1
/usr/bin/cc  -DCMAKE_HAVE_LIBC_PTHREAD    -rdynamic CMakeFiles/cmTC_957a1.dir/src.c.o  -o cmTC_957a1 
/usr/bin/ld: CMakeFiles/cmTC_957a1.dir/src.c.o: in function `main':
src.c:(.text+0x46): undefined reference to `pthread_create'
/usr/bin/ld: src.c:(.text+0x52): undefined reference to `pthread_detach'
/usr/bin/ld: src.c:(.text+0x63): undefined reference to `pthread_join'
collect2: error: ld returned 1 exit status
make[1]: *** [CMakeFiles/cmTC_957a1.dir/build.make:87：cmTC_957a1] 错误 1
make[1]: 离开目录“/home/rm/catkin_livox_ros_driver2/src/NEXTE_Sentry_Nav/build/CMakeFiles/CMakeTmp”
make: *** [Makefile:121：cmTC_957a1/fast] 错误 2


Source file was:
#include <pthread.h>

void* test_func(void* data)
{
  return data;
}

int main(void)
{
  pthread_t thread;
  pthread_create(&thread, NULL, test_func, NULL);
  pthread_detach(thread);
  pthread_join(thread, NULL);
  pthread_atfork(NULL, NULL, NULL);
  pthread_exit(NULL);

  return 0;
}

Determining if the function pthread_create exists in the pthreads failed with the following output:
Change Dir: /home/rm/catkin_livox_ros_driver2/src/NEXTE_Sentry_Nav/build/CMakeFiles/CMakeTmp

Run Build Command(s):/usr/bin/make cmTC_0b7c6/fast && /usr/bin/make -f CMakeFiles/cmTC_0b7c6.dir/build.make CMakeFiles/cmTC_0b7c6.dir/build
make[1]: 进入目录“/home/rm/catkin_livox_ros_driver2/src/NEXTE_Sentry_Nav/build/CMakeFiles/CMakeTmp”
Building C object CMakeFiles/cmTC_0b7c6.dir/CheckFunctionExists.c.o
/usr/bin/cc   -DCHECK_FUNCTION_EXISTS=pthread_create   -o CMakeFiles/cmTC_0b7c6.dir/CheckFunctionExists.c.o   -c /usr/share/cmake-3.16/Modules/CheckFunctionExists.c
Linking C executable cmTC_0b7c6
/usr/bin/cmake -E cmake_link_script CMakeFiles/cmTC_0b7c6.dir/link.txt --verbose=1
/usr/bin/cc  -DCHECK_FUNCTION_EXISTS=pthread_create    -rdynamic CMakeFiles/cmTC_0b7c6.dir/CheckFunctionExists.c.o  -o cmTC_0b7c6  -lpthreads 
/usr/bin/ld: 找不到 -lpthreads
collect2: error: ld returned 1 exit status
make[1]: *** [CMakeFiles/cmTC_0b7c6.dir/build.make:87：cmTC_0b7c6] 错误 1
make[1]: 离开目录“/home/rm/catkin_livox_ros_driver2/src/NEXTE_Sentry_Nav/build/CMakeFiles/CMakeTmp”
make: *** [Makefile:121：cmTC_0b7c6/fast] 错误 2



Performing C SOURCE FILE Test CMAKE_HAVE_LIBC_PTHREAD failed with the following output:
Change Dir: /home/rm/catkin_livox_ros_driver2/src/NEXTE_Sentry_Nav/build/CMakeFiles/CMakeTmp

Run Build Command(s):/usr/bin/make cmTC_f0427/fast && /usr/bin/make -f CMakeFiles/cmTC_f0427.dir/build.make CMakeFiles/cmTC_f0427.dir/build
make[1]: 进入目录“/home/rm/catkin_livox_ros_driver2/src/NEXTE_Sentry_Nav/build/CMakeFiles/CMakeTmp”
Building C object CMakeFiles/cmTC_f0427.dir/src.c.o
/usr/bin/cc   -DCMAKE_HAVE_LIBC_PTHREAD   -o CMakeFiles/cmTC_f0427.dir/src.c.o   -c /home/rm/catkin_livox_ros_driver2/src/NEXTE_Sentry_Nav/build/CMakeFiles/CMakeTmp/src.c
Linking C executable cmTC_f0427
/usr/bin/cmake -E cmake_link_script CMakeFiles/cmTC_f0427.dir/link.txt --verbose=1
/usr/bin/cc  -DCMAKE_HAVE_LIBC_PTHREAD    -rdynamic CMakeFiles/cmTC_f0427.dir/src.c.o  -o cmTC_f0427 
/usr/bin/ld: CMakeFiles/cmTC_f0427.dir/src.c.o: in function `main':
src.c:(.text+0x46): undefined reference to `pthread_create'
/usr/bin/ld: src.c:(.text+0x52): undefined reference to `pthread_detach'
/usr/bin/ld: src.c:(.text+0x63): undefined reference to `pthread_join'
collect2: error: ld returned 1 exit status
make[1]: *** [CMakeFiles/cmTC_f0427.dir/build.make:87：cmTC_f0427] 错误 1
make[1]: 离开目录“/home/rm/catkin_livox_ros_driver2/src/NEXTE_Sentry_Nav/build/CMakeFiles/CMakeTmp”
make: *** [Makefile:121：cmTC_f0427/fast] 错误 2


Source file was:
#include <pthread.h>

void* test_func(void* data)
{
  return data;
}

int main(void)
{
  pthread_t thread;
  pthread_create(&thread, NULL, test_func, NULL);
  pthread_detach(thread);
  pthread_join(thread, NULL);
  pthread_atfork(NULL, NULL, NULL);
  pthread_exit(NULL);

  return 0;
}

Determining if the function pthread_create exists in the pthreads failed with the following output:
Change Dir: /home/rm/catkin_livox_ros_driver2/src/NEXTE_Sentry_Nav/build/CMakeFiles/CMakeTmp

Run Build Command(s):/usr/bin/make cmTC_4b86d/fast && /usr/bin/make -f CMakeFiles/cmTC_4b86d.dir/build.make CMakeFiles/cmTC_4b86d.dir/build
make[1]: 进入目录“/home/rm/catkin_livox_ros_driver2/src/NEXTE_Sentry_Nav/build/CMakeFiles/CMakeTmp”
Building C object CMakeFiles/cmTC_4b86d.dir/CheckFunctionExists.c.o
/usr/bin/cc   -DCHECK_FUNCTION_EXISTS=pthread_create   -o CMakeFiles/cmTC_4b86d.dir/CheckFunctionExists.c.o   -c /usr/share/cmake-3.16/Modules/CheckFunctionExists.c
Linking C executable cmTC_4b86d
/usr/bin/cmake -E cmake_link_script CMakeFiles/cmTC_4b86d.dir/link.txt --verbose=1
/usr/bin/cc  -DCHECK_FUNCTION_EXISTS=pthread_create    -rdynamic CMakeFiles/cmTC_4b86d.dir/CheckFunctionExists.c.o  -o cmTC_4b86d  -lpthreads 
/usr/bin/ld: 找不到 -lpthreads
collect2: error: ld returned 1 exit status
make[1]: *** [CMakeFiles/cmTC_4b86d.dir/build.make:87：cmTC_4b86d] 错误 1
make[1]: 离开目录“/home/rm/catkin_livox_ros_driver2/src/NEXTE_Sentry_Nav/build/CMakeFiles/CMakeTmp”
make: *** [Makefile:121：cmTC_4b86d/fast] 错误 2



Performing C SOURCE FILE Test CMAKE_HAVE_LIBC_PTHREAD failed with the following output:
Change Dir: /home/rm/catkin_livox_ros_driver2/src/NEXTE_Sentry_Nav/build/CMakeFiles/CMakeTmp

Run Build Command(s):/usr/bin/make cmTC_1bed6/fast && /usr/bin/make -f CMakeFiles/cmTC_1bed6.dir/build.make CMakeFiles/cmTC_1bed6.dir/build
make[1]: 进入目录“/home/rm/catkin_livox_ros_driver2/src/NEXTE_Sentry_Nav/build/CMakeFiles/CMakeTmp”
Building C object CMakeFiles/cmTC_1bed6.dir/src.c.o
/usr/bin/cc   -DCMAKE_HAVE_LIBC_PTHREAD   -o CMakeFiles/cmTC_1bed6.dir/src.c.o   -c /home/rm/catkin_livox_ros_driver2/src/NEXTE_Sentry_Nav/build/CMakeFiles/CMakeTmp/src.c
Linking C executable cmTC_1bed6
/usr/bin/cmake -E cmake_link_script CMakeFiles/cmTC_1bed6.dir/link.txt --verbose=1
/usr/bin/cc  -DCMAKE_HAVE_LIBC_PTHREAD    -rdynamic CMakeFiles/cmTC_1bed6.dir/src.c.o  -o cmTC_1bed6 
/usr/bin/ld: CMakeFiles/cmTC_1bed6.dir/src.c.o: in function `main':
src.c:(.text+0x46): undefined reference to `pthread_create'
/usr/bin/ld: src.c:(.text+0x52): undefined reference to `pthread_detach'
/usr/bin/ld: src.c:(.text+0x63): undefined reference to `pthread_join'
collect2: error: ld returned 1 exit status
make[1]: *** [CMakeFiles/cmTC_1bed6.dir/build.make:87：cmTC_1bed6] 错误 1
make[1]: 离开目录“/home/rm/catkin_livox_ros_driver2/src/NEXTE_Sentry_Nav/build/CMakeFiles/CMakeTmp”
make: *** [Makefile:121：cmTC_1bed6/fast] 错误 2


Source file was:
#include <pthread.h>

void* test_func(void* data)
{
  return data;
}

int main(void)
{
  pthread_t thread;
  pthread_create(&thread, NULL, test_func, NULL);
  pthread_detach(thread);
  pthread_join(thread, NULL);
  pthread_atfork(NULL, NULL, NULL);
  pthread_exit(NULL);

  return 0;
}

Determining if the function pthread_create exists in the pthreads failed with the following output:
Change Dir: /home/rm/catkin_livox_ros_driver2/src/NEXTE_Sentry_Nav/build/CMakeFiles/CMakeTmp

Run Build Command(s):/usr/bin/make cmTC_7aa2b/fast && /usr/bin/make -f CMakeFiles/cmTC_7aa2b.dir/build.make CMakeFiles/cmTC_7aa2b.dir/build
make[1]: 进入目录“/home/rm/catkin_livox_ros_driver2/src/NEXTE_Sentry_Nav/build/CMakeFiles/CMakeTmp”
Building C object CMakeFiles/cmTC_7aa2b.dir/CheckFunctionExists.c.o
/usr/bin/cc   -DCHECK_FUNCTION_EXISTS=pthread_create   -o CMakeFiles/cmTC_7aa2b.dir/CheckFunctionExists.c.o   -c /usr/share/cmake-3.16/Modules/CheckFunctionExists.c
Linking C executable cmTC_7aa2b
/usr/bin/cmake -E cmake_link_script CMakeFiles/cmTC_7aa2b.dir/link.txt --verbose=1
/usr/bin/cc  -DCHECK_FUNCTION_EXISTS=pthread_create    -rdynamic CMakeFiles/cmTC_7aa2b.dir/CheckFunctionExists.c.o  -o cmTC_7aa2b  -lpthreads 
/usr/bin/ld: 找不到 -lpthreads
collect2: error: ld returned 1 exit status
make[1]: *** [CMakeFiles/cmTC_7aa2b.dir/build.make:87：cmTC_7aa2b] 错误 1
make[1]: 离开目录“/home/rm/catkin_livox_ros_driver2/src/NEXTE_Sentry_Nav/build/CMakeFiles/CMakeTmp”
make: *** [Makefile:121：cmTC_7aa2b/fast] 错误 2



Performing C SOURCE FILE Test CMAKE_HAVE_LIBC_PTHREAD failed with the following output:
Change Dir: /home/rm/catkin_livox_ros_driver2/src/NEXTE_Sentry_Nav/build/CMakeFiles/CMakeTmp

Run Build Command(s):/usr/bin/make cmTC_802b7/fast && /usr/bin/make -f CMakeFiles/cmTC_802b7.dir/build.make CMakeFiles/cmTC_802b7.dir/build
make[1]: 进入目录“/home/rm/catkin_livox_ros_driver2/src/NEXTE_Sentry_Nav/build/CMakeFiles/CMakeTmp”
Building C object CMakeFiles/cmTC_802b7.dir/src.c.o
/usr/bin/cc   -DCMAKE_HAVE_LIBC_PTHREAD   -o CMakeFiles/cmTC_802b7.dir/src.c.o   -c /home/rm/catkin_livox_ros_driver2/src/NEXTE_Sentry_Nav/build/CMakeFiles/CMakeTmp/src.c
Linking C executable cmTC_802b7
/usr/bin/cmake -E cmake_link_script CMakeFiles/cmTC_802b7.dir/link.txt --verbose=1
/usr/bin/cc  -DCMAKE_HAVE_LIBC_PTHREAD    -rdynamic CMakeFiles/cmTC_802b7.dir/src.c.o  -o cmTC_802b7 
/usr/bin/ld: CMakeFiles/cmTC_802b7.dir/src.c.o: in function `main':
src.c:(.text+0x46): undefined reference to `pthread_create'
/usr/bin/ld: src.c:(.text+0x52): undefined reference to `pthread_detach'
/usr/bin/ld: src.c:(.text+0x63): undefined reference to `pthread_join'
collect2: error: ld returned 1 exit status
make[1]: *** [CMakeFiles/cmTC_802b7.dir/build.make:87：cmTC_802b7] 错误 1
make[1]: 离开目录“/home/rm/catkin_livox_ros_driver2/src/NEXTE_Sentry_Nav/build/CMakeFiles/CMakeTmp”
make: *** [Makefile:121：cmTC_802b7/fast] 错误 2


Source file was:
#include <pthread.h>

void* test_func(void* data)
{
  return data;
}

int main(void)
{
  pthread_t thread;
  pthread_create(&thread, NULL, test_func, NULL);
  pthread_detach(thread);
  pthread_join(thread, NULL);
  pthread_atfork(NULL, NULL, NULL);
  pthread_exit(NULL);

  return 0;
}

Determining if the function pthread_create exists in the pthreads failed with the following output:
Change Dir: /home/rm/catkin_livox_ros_driver2/src/NEXTE_Sentry_Nav/build/CMakeFiles/CMakeTmp

Run Build Command(s):/usr/bin/make cmTC_19cab/fast && /usr/bin/make -f CMakeFiles/cmTC_19cab.dir/build.make CMakeFiles/cmTC_19cab.dir/build
make[1]: 进入目录“/home/rm/catkin_livox_ros_driver2/src/NEXTE_Sentry_Nav/build/CMakeFiles/CMakeTmp”
Building C object CMakeFiles/cmTC_19cab.dir/CheckFunctionExists.c.o
/usr/bin/cc   -DCHECK_FUNCTION_EXISTS=pthread_create   -o CMakeFiles/cmTC_19cab.dir/CheckFunctionExists.c.o   -c /usr/share/cmake-3.16/Modules/CheckFunctionExists.c
Linking C executable cmTC_19cab
/usr/bin/cmake -E cmake_link_script CMakeFiles/cmTC_19cab.dir/link.txt --verbose=1
/usr/bin/cc  -DCHECK_FUNCTION_EXISTS=pthread_create    -rdynamic CMakeFiles/cmTC_19cab.dir/CheckFunctionExists.c.o  -o cmTC_19cab  -lpthreads 
/usr/bin/ld: 找不到 -lpthreads
collect2: error: ld returned 1 exit status
make[1]: *** [CMakeFiles/cmTC_19cab.dir/build.make:87：cmTC_19cab] 错误 1
make[1]: 离开目录“/home/rm/catkin_livox_ros_driver2/src/NEXTE_Sentry_Nav/build/CMakeFiles/CMakeTmp”
make: *** [Makefile:121：cmTC_19cab/fast] 错误 2



Performing C SOURCE FILE Test CMAKE_HAVE_LIBC_PTHREAD failed with the following output:
Change Dir: /home/rm/catkin_livox_ros_driver2/src/NEXTE_Sentry_Nav/build/CMakeFiles/CMakeTmp

Run Build Command(s):/usr/bin/make cmTC_603db/fast && /usr/bin/make -f CMakeFiles/cmTC_603db.dir/build.make CMakeFiles/cmTC_603db.dir/build
make[1]: 进入目录“/home/rm/catkin_livox_ros_driver2/src/NEXTE_Sentry_Nav/build/CMakeFiles/CMakeTmp”
Building C object CMakeFiles/cmTC_603db.dir/src.c.o
/usr/bin/cc   -DCMAKE_HAVE_LIBC_PTHREAD   -o CMakeFiles/cmTC_603db.dir/src.c.o   -c /home/rm/catkin_livox_ros_driver2/src/NEXTE_Sentry_Nav/build/CMakeFiles/CMakeTmp/src.c
Linking C executable cmTC_603db
/usr/bin/cmake -E cmake_link_script CMakeFiles/cmTC_603db.dir/link.txt --verbose=1
/usr/bin/cc  -DCMAKE_HAVE_LIBC_PTHREAD    -rdynamic CMakeFiles/cmTC_603db.dir/src.c.o  -o cmTC_603db 
/usr/bin/ld: CMakeFiles/cmTC_603db.dir/src.c.o: in function `main':
src.c:(.text+0x46): undefined reference to `pthread_create'
/usr/bin/ld: src.c:(.text+0x52): undefined reference to `pthread_detach'
/usr/bin/ld: src.c:(.text+0x63): undefined reference to `pthread_join'
collect2: error: ld returned 1 exit status
make[1]: *** [CMakeFiles/cmTC_603db.dir/build.make:87：cmTC_603db] 错误 1
make[1]: 离开目录“/home/rm/catkin_livox_ros_driver2/src/NEXTE_Sentry_Nav/build/CMakeFiles/CMakeTmp”
make: *** [Makefile:121：cmTC_603db/fast] 错误 2


Source file was:
#include <pthread.h>

void* test_func(void* data)
{
  return data;
}

int main(void)
{
  pthread_t thread;
  pthread_create(&thread, NULL, test_func, NULL);
  pthread_detach(thread);
  pthread_join(thread, NULL);
  pthread_atfork(NULL, NULL, NULL);
  pthread_exit(NULL);

  return 0;
}

Determining if the function pthread_create exists in the pthreads failed with the following output:
Change Dir: /home/rm/catkin_livox_ros_driver2/src/NEXTE_Sentry_Nav/build/CMakeFiles/CMakeTmp

Run Build Command(s):/usr/bin/make cmTC_0573b/fast && /usr/bin/make -f CMakeFiles/cmTC_0573b.dir/build.make CMakeFiles/cmTC_0573b.dir/build
make[1]: 进入目录“/home/rm/catkin_livox_ros_driver2/src/NEXTE_Sentry_Nav/build/CMakeFiles/CMakeTmp”
Building C object CMakeFiles/cmTC_0573b.dir/CheckFunctionExists.c.o
/usr/bin/cc   -DCHECK_FUNCTION_EXISTS=pthread_create   -o CMakeFiles/cmTC_0573b.dir/CheckFunctionExists.c.o   -c /usr/share/cmake-3.16/Modules/CheckFunctionExists.c
Linking C executable cmTC_0573b
/usr/bin/cmake -E cmake_link_script CMakeFiles/cmTC_0573b.dir/link.txt --verbose=1
/usr/bin/cc  -DCHECK_FUNCTION_EXISTS=pthread_create    -rdynamic CMakeFiles/cmTC_0573b.dir/CheckFunctionExists.c.o  -o cmTC_0573b  -lpthreads 
/usr/bin/ld: 找不到 -lpthreads
collect2: error: ld returned 1 exit status
make[1]: *** [CMakeFiles/cmTC_0573b.dir/build.make:87：cmTC_0573b] 错误 1
make[1]: 离开目录“/home/rm/catkin_livox_ros_driver2/src/NEXTE_Sentry_Nav/build/CMakeFiles/CMakeTmp”
make: *** [Makefile:121：cmTC_0573b/fast] 错误 2



Performing C SOURCE FILE Test CMAKE_HAVE_LIBC_PTHREAD failed with the following output:
Change Dir: /home/rm/catkin_livox_ros_driver2/src/NEXTE_Sentry_Nav/build/CMakeFiles/CMakeTmp

Run Build Command(s):/usr/bin/make cmTC_7d392/fast && /usr/bin/make -f CMakeFiles/cmTC_7d392.dir/build.make CMakeFiles/cmTC_7d392.dir/build
make[1]: 进入目录“/home/rm/catkin_livox_ros_driver2/src/NEXTE_Sentry_Nav/build/CMakeFiles/CMakeTmp”
Building C object CMakeFiles/cmTC_7d392.dir/src.c.o
/usr/bin/cc   -DCMAKE_HAVE_LIBC_PTHREAD   -o CMakeFiles/cmTC_7d392.dir/src.c.o   -c /home/rm/catkin_livox_ros_driver2/src/NEXTE_Sentry_Nav/build/CMakeFiles/CMakeTmp/src.c
Linking C executable cmTC_7d392
/usr/bin/cmake -E cmake_link_script CMakeFiles/cmTC_7d392.dir/link.txt --verbose=1
/usr/bin/cc  -DCMAKE_HAVE_LIBC_PTHREAD    -rdynamic CMakeFiles/cmTC_7d392.dir/src.c.o  -o cmTC_7d392 
/usr/bin/ld: CMakeFiles/cmTC_7d392.dir/src.c.o: in function `main':
src.c:(.text+0x46): undefined reference to `pthread_create'
/usr/bin/ld: src.c:(.text+0x52): undefined reference to `pthread_detach'
/usr/bin/ld: src.c:(.text+0x63): undefined reference to `pthread_join'
collect2: error: ld returned 1 exit status
make[1]: *** [CMakeFiles/cmTC_7d392.dir/build.make:87：cmTC_7d392] 错误 1
make[1]: 离开目录“/home/rm/catkin_livox_ros_driver2/src/NEXTE_Sentry_Nav/build/CMakeFiles/CMakeTmp”
make: *** [Makefile:121：cmTC_7d392/fast] 错误 2


Source file was:
#include <pthread.h>

void* test_func(void* data)
{
  return data;
}

int main(void)
{
  pthread_t thread;
  pthread_create(&thread, NULL, test_func, NULL);
  pthread_detach(thread);
  pthread_join(thread, NULL);
  pthread_atfork(NULL, NULL, NULL);
  pthread_exit(NULL);

  return 0;
}

Determining if the function pthread_create exists in the pthreads failed with the following output:
Change Dir: /home/rm/catkin_livox_ros_driver2/src/NEXTE_Sentry_Nav/build/CMakeFiles/CMakeTmp

Run Build Command(s):/usr/bin/make cmTC_dd797/fast && /usr/bin/make -f CMakeFiles/cmTC_dd797.dir/build.make CMakeFiles/cmTC_dd797.dir/build
make[1]: 进入目录“/home/rm/catkin_livox_ros_driver2/src/NEXTE_Sentry_Nav/build/CMakeFiles/CMakeTmp”
Building C object CMakeFiles/cmTC_dd797.dir/CheckFunctionExists.c.o
/usr/bin/cc   -DCHECK_FUNCTION_EXISTS=pthread_create   -o CMakeFiles/cmTC_dd797.dir/CheckFunctionExists.c.o   -c /usr/share/cmake-3.16/Modules/CheckFunctionExists.c
Linking C executable cmTC_dd797
/usr/bin/cmake -E cmake_link_script CMakeFiles/cmTC_dd797.dir/link.txt --verbose=1
/usr/bin/cc  -DCHECK_FUNCTION_EXISTS=pthread_create    -rdynamic CMakeFiles/cmTC_dd797.dir/CheckFunctionExists.c.o  -o cmTC_dd797  -lpthreads 
/usr/bin/ld: 找不到 -lpthreads
collect2: error: ld returned 1 exit status
make[1]: *** [CMakeFiles/cmTC_dd797.dir/build.make:87：cmTC_dd797] 错误 1
make[1]: 离开目录“/home/rm/catkin_livox_ros_driver2/src/NEXTE_Sentry_Nav/build/CMakeFiles/CMakeTmp”
make: *** [Makefile:121：cmTC_dd797/fast] 错误 2



Performing C SOURCE FILE Test CMAKE_HAVE_LIBC_PTHREAD failed with the following output:
Change Dir: /home/rm/catkin_livox_ros_driver2/src/NEXTE_Sentry_Nav/build/CMakeFiles/CMakeTmp

Run Build Command(s):/usr/bin/make cmTC_90192/fast && /usr/bin/make -f CMakeFiles/cmTC_90192.dir/build.make CMakeFiles/cmTC_90192.dir/build
make[1]: 进入目录“/home/rm/catkin_livox_ros_driver2/src/NEXTE_Sentry_Nav/build/CMakeFiles/CMakeTmp”
Building C object CMakeFiles/cmTC_90192.dir/src.c.o
/usr/bin/cc   -DCMAKE_HAVE_LIBC_PTHREAD   -o CMakeFiles/cmTC_90192.dir/src.c.o   -c /home/rm/catkin_livox_ros_driver2/src/NEXTE_Sentry_Nav/build/CMakeFiles/CMakeTmp/src.c
Linking C executable cmTC_90192
/usr/bin/cmake -E cmake_link_script CMakeFiles/cmTC_90192.dir/link.txt --verbose=1
/usr/bin/cc  -DCMAKE_HAVE_LIBC_PTHREAD    -rdynamic CMakeFiles/cmTC_90192.dir/src.c.o  -o cmTC_90192 
/usr/bin/ld: CMakeFiles/cmTC_90192.dir/src.c.o: in function `main':
src.c:(.text+0x46): undefined reference to `pthread_create'
/usr/bin/ld: src.c:(.text+0x52): undefined reference to `pthread_detach'
/usr/bin/ld: src.c:(.text+0x63): undefined reference to `pthread_join'
collect2: error: ld returned 1 exit status
make[1]: *** [CMakeFiles/cmTC_90192.dir/build.make:87：cmTC_90192] 错误 1
make[1]: 离开目录“/home/rm/catkin_livox_ros_driver2/src/NEXTE_Sentry_Nav/build/CMakeFiles/CMakeTmp”
make: *** [Makefile:121：cmTC_90192/fast] 错误 2


Source file was:
#include <pthread.h>

void* test_func(void* data)
{
  return data;
}

int main(void)
{
  pthread_t thread;
  pthread_create(&thread, NULL, test_func, NULL);
  pthread_detach(thread);
  pthread_join(thread, NULL);
  pthread_atfork(NULL, NULL, NULL);
  pthread_exit(NULL);

  return 0;
}

Determining if the function pthread_create exists in the pthreads failed with the following output:
Change Dir: /home/rm/catkin_livox_ros_driver2/src/NEXTE_Sentry_Nav/build/CMakeFiles/CMakeTmp

Run Build Command(s):/usr/bin/make cmTC_be563/fast && /usr/bin/make -f CMakeFiles/cmTC_be563.dir/build.make CMakeFiles/cmTC_be563.dir/build
make[1]: 进入目录“/home/rm/catkin_livox_ros_driver2/src/NEXTE_Sentry_Nav/build/CMakeFiles/CMakeTmp”
Building C object CMakeFiles/cmTC_be563.dir/CheckFunctionExists.c.o
/usr/bin/cc   -DCHECK_FUNCTION_EXISTS=pthread_create   -o CMakeFiles/cmTC_be563.dir/CheckFunctionExists.c.o   -c /usr/share/cmake-3.16/Modules/CheckFunctionExists.c
Linking C executable cmTC_be563
/usr/bin/cmake -E cmake_link_script CMakeFiles/cmTC_be563.dir/link.txt --verbose=1
/usr/bin/cc  -DCHECK_FUNCTION_EXISTS=pthread_create    -rdynamic CMakeFiles/cmTC_be563.dir/CheckFunctionExists.c.o  -o cmTC_be563  -lpthreads 
/usr/bin/ld: 找不到 -lpthreads
collect2: error: ld returned 1 exit status
make[1]: *** [CMakeFiles/cmTC_be563.dir/build.make:87：cmTC_be563] 错误 1
make[1]: 离开目录“/home/rm/catkin_livox_ros_driver2/src/NEXTE_Sentry_Nav/build/CMakeFiles/CMakeTmp”
make: *** [Makefile:121：cmTC_be563/fast] 错误 2



Performing C SOURCE FILE Test CMAKE_HAVE_LIBC_PTHREAD failed with the following output:
Change Dir: /home/rm/catkin_livox_ros_driver2/src/NEXTE_Sentry_Nav/build/CMakeFiles/CMakeTmp

Run Build Command(s):/usr/bin/make cmTC_67496/fast && /usr/bin/make -f CMakeFiles/cmTC_67496.dir/build.make CMakeFiles/cmTC_67496.dir/build
make[1]: 进入目录“/home/rm/catkin_livox_ros_driver2/src/NEXTE_Sentry_Nav/build/CMakeFiles/CMakeTmp”
Building C object CMakeFiles/cmTC_67496.dir/src.c.o
/usr/bin/cc   -DCMAKE_HAVE_LIBC_PTHREAD   -o CMakeFiles/cmTC_67496.dir/src.c.o   -c /home/rm/catkin_livox_ros_driver2/src/NEXTE_Sentry_Nav/build/CMakeFiles/CMakeTmp/src.c
Linking C executable cmTC_67496
/usr/bin/cmake -E cmake_link_script CMakeFiles/cmTC_67496.dir/link.txt --verbose=1
/usr/bin/cc  -DCMAKE_HAVE_LIBC_PTHREAD    -rdynamic CMakeFiles/cmTC_67496.dir/src.c.o  -o cmTC_67496 
/usr/bin/ld: CMakeFiles/cmTC_67496.dir/src.c.o: in function `main':
src.c:(.text+0x46): undefined reference to `pthread_create'
/usr/bin/ld: src.c:(.text+0x52): undefined reference to `pthread_detach'
/usr/bin/ld: src.c:(.text+0x63): undefined reference to `pthread_join'
collect2: error: ld returned 1 exit status
make[1]: *** [CMakeFiles/cmTC_67496.dir/build.make:87：cmTC_67496] 错误 1
make[1]: 离开目录“/home/rm/catkin_livox_ros_driver2/src/NEXTE_Sentry_Nav/build/CMakeFiles/CMakeTmp”
make: *** [Makefile:121：cmTC_67496/fast] 错误 2


Source file was:
#include <pthread.h>

void* test_func(void* data)
{
  return data;
}

int main(void)
{
  pthread_t thread;
  pthread_create(&thread, NULL, test_func, NULL);
  pthread_detach(thread);
  pthread_join(thread, NULL);
  pthread_atfork(NULL, NULL, NULL);
  pthread_exit(NULL);

  return 0;
}

Determining if the function pthread_create exists in the pthreads failed with the following output:
Change Dir: /home/rm/catkin_livox_ros_driver2/src/NEXTE_Sentry_Nav/build/CMakeFiles/CMakeTmp

Run Build Command(s):/usr/bin/make cmTC_fc907/fast && /usr/bin/make -f CMakeFiles/cmTC_fc907.dir/build.make CMakeFiles/cmTC_fc907.dir/build
make[1]: 进入目录“/home/rm/catkin_livox_ros_driver2/src/NEXTE_Sentry_Nav/build/CMakeFiles/CMakeTmp”
Building C object CMakeFiles/cmTC_fc907.dir/CheckFunctionExists.c.o
/usr/bin/cc   -DCHECK_FUNCTION_EXISTS=pthread_create   -o CMakeFiles/cmTC_fc907.dir/CheckFunctionExists.c.o   -c /usr/share/cmake-3.16/Modules/CheckFunctionExists.c
Linking C executable cmTC_fc907
/usr/bin/cmake -E cmake_link_script CMakeFiles/cmTC_fc907.dir/link.txt --verbose=1
/usr/bin/cc  -DCHECK_FUNCTION_EXISTS=pthread_create    -rdynamic CMakeFiles/cmTC_fc907.dir/CheckFunctionExists.c.o  -o cmTC_fc907  -lpthreads 
/usr/bin/ld: 找不到 -lpthreads
collect2: error: ld returned 1 exit status
make[1]: *** [CMakeFiles/cmTC_fc907.dir/build.make:87：cmTC_fc907] 错误 1
make[1]: 离开目录“/home/rm/catkin_livox_ros_driver2/src/NEXTE_Sentry_Nav/build/CMakeFiles/CMakeTmp”
make: *** [Makefile:121：cmTC_fc907/fast] 错误 2



Performing C SOURCE FILE Test CMAKE_HAVE_LIBC_PTHREAD failed with the following output:
Change Dir: /home/rm/catkin_livox_ros_driver2/src/NEXTE_Sentry_Nav/build/CMakeFiles/CMakeTmp

Run Build Command(s):/usr/bin/make cmTC_2305c/fast && /usr/bin/make -f CMakeFiles/cmTC_2305c.dir/build.make CMakeFiles/cmTC_2305c.dir/build
make[1]: 进入目录“/home/rm/catkin_livox_ros_driver2/src/NEXTE_Sentry_Nav/build/CMakeFiles/CMakeTmp”
Building C object CMakeFiles/cmTC_2305c.dir/src.c.o
/usr/bin/cc   -DCMAKE_HAVE_LIBC_PTHREAD   -o CMakeFiles/cmTC_2305c.dir/src.c.o   -c /home/rm/catkin_livox_ros_driver2/src/NEXTE_Sentry_Nav/build/CMakeFiles/CMakeTmp/src.c
Linking C executable cmTC_2305c
/usr/bin/cmake -E cmake_link_script CMakeFiles/cmTC_2305c.dir/link.txt --verbose=1
/usr/bin/cc  -DCMAKE_HAVE_LIBC_PTHREAD    -rdynamic CMakeFiles/cmTC_2305c.dir/src.c.o  -o cmTC_2305c 
/usr/bin/ld: CMakeFiles/cmTC_2305c.dir/src.c.o: in function `main':
src.c:(.text+0x46): undefined reference to `pthread_create'
/usr/bin/ld: src.c:(.text+0x52): undefined reference to `pthread_detach'
/usr/bin/ld: src.c:(.text+0x63): undefined reference to `pthread_join'
collect2: error: ld returned 1 exit status
make[1]: *** [CMakeFiles/cmTC_2305c.dir/build.make:87：cmTC_2305c] 错误 1
make[1]: 离开目录“/home/rm/catkin_livox_ros_driver2/src/NEXTE_Sentry_Nav/build/CMakeFiles/CMakeTmp”
make: *** [Makefile:121：cmTC_2305c/fast] 错误 2


Source file was:
#include <pthread.h>

void* test_func(void* data)
{
  return data;
}

int main(void)
{
  pthread_t thread;
  pthread_create(&thread, NULL, test_func, NULL);
  pthread_detach(thread);
  pthread_join(thread, NULL);
  pthread_atfork(NULL, NULL, NULL);
  pthread_exit(NULL);

  return 0;
}

Determining if the function pthread_create exists in the pthreads failed with the following output:
Change Dir: /home/rm/catkin_livox_ros_driver2/src/NEXTE_Sentry_Nav/build/CMakeFiles/CMakeTmp

Run Build Command(s):/usr/bin/make cmTC_ff4b0/fast && /usr/bin/make -f CMakeFiles/cmTC_ff4b0.dir/build.make CMakeFiles/cmTC_ff4b0.dir/build
make[1]: 进入目录“/home/rm/catkin_livox_ros_driver2/src/NEXTE_Sentry_Nav/build/CMakeFiles/CMakeTmp”
Building C object CMakeFiles/cmTC_ff4b0.dir/CheckFunctionExists.c.o
/usr/bin/cc   -DCHECK_FUNCTION_EXISTS=pthread_create   -o CMakeFiles/cmTC_ff4b0.dir/CheckFunctionExists.c.o   -c /usr/share/cmake-3.16/Modules/CheckFunctionExists.c
Linking C executable cmTC_ff4b0
/usr/bin/cmake -E cmake_link_script CMakeFiles/cmTC_ff4b0.dir/link.txt --verbose=1
/usr/bin/cc  -DCHECK_FUNCTION_EXISTS=pthread_create    -rdynamic CMakeFiles/cmTC_ff4b0.dir/CheckFunctionExists.c.o  -o cmTC_ff4b0  -lpthreads 
/usr/bin/ld: 找不到 -lpthreads
collect2: error: ld returned 1 exit status
make[1]: *** [CMakeFiles/cmTC_ff4b0.dir/build.make:87：cmTC_ff4b0] 错误 1
make[1]: 离开目录“/home/rm/catkin_livox_ros_driver2/src/NEXTE_Sentry_Nav/build/CMakeFiles/CMakeTmp”
make: *** [Makefile:121：cmTC_ff4b0/fast] 错误 2



Performing C SOURCE FILE Test CMAKE_HAVE_LIBC_PTHREAD failed with the following output:
Change Dir: /home/rm/catkin_livox_ros_driver2/src/NEXTE_Sentry_Nav/build/CMakeFiles/CMakeTmp

Run Build Command(s):/usr/bin/make cmTC_4d742/fast && /usr/bin/make -f CMakeFiles/cmTC_4d742.dir/build.make CMakeFiles/cmTC_4d742.dir/build
make[1]: 进入目录“/home/rm/catkin_livox_ros_driver2/src/NEXTE_Sentry_Nav/build/CMakeFiles/CMakeTmp”
Building C object CMakeFiles/cmTC_4d742.dir/src.c.o
/usr/bin/cc   -DCMAKE_HAVE_LIBC_PTHREAD   -o CMakeFiles/cmTC_4d742.dir/src.c.o   -c /home/rm/catkin_livox_ros_driver2/src/NEXTE_Sentry_Nav/build/CMakeFiles/CMakeTmp/src.c
Linking C executable cmTC_4d742
/usr/bin/cmake -E cmake_link_script CMakeFiles/cmTC_4d742.dir/link.txt --verbose=1
/usr/bin/cc  -DCMAKE_HAVE_LIBC_PTHREAD    -rdynamic CMakeFiles/cmTC_4d742.dir/src.c.o  -o cmTC_4d742 
/usr/bin/ld: CMakeFiles/cmTC_4d742.dir/src.c.o: in function `main':
src.c:(.text+0x46): undefined reference to `pthread_create'
/usr/bin/ld: src.c:(.text+0x52): undefined reference to `pthread_detach'
/usr/bin/ld: src.c:(.text+0x63): undefined reference to `pthread_join'
collect2: error: ld returned 1 exit status
make[1]: *** [CMakeFiles/cmTC_4d742.dir/build.make:87：cmTC_4d742] 错误 1
make[1]: 离开目录“/home/rm/catkin_livox_ros_driver2/src/NEXTE_Sentry_Nav/build/CMakeFiles/CMakeTmp”
make: *** [Makefile:121：cmTC_4d742/fast] 错误 2


Source file was:
#include <pthread.h>

void* test_func(void* data)
{
  return data;
}

int main(void)
{
  pthread_t thread;
  pthread_create(&thread, NULL, test_func, NULL);
  pthread_detach(thread);
  pthread_join(thread, NULL);
  pthread_atfork(NULL, NULL, NULL);
  pthread_exit(NULL);

  return 0;
}

Determining if the function pthread_create exists in the pthreads failed with the following output:
Change Dir: /home/rm/catkin_livox_ros_driver2/src/NEXTE_Sentry_Nav/build/CMakeFiles/CMakeTmp

Run Build Command(s):/usr/bin/make cmTC_ee790/fast && /usr/bin/make -f CMakeFiles/cmTC_ee790.dir/build.make CMakeFiles/cmTC_ee790.dir/build
make[1]: 进入目录“/home/rm/catkin_livox_ros_driver2/src/NEXTE_Sentry_Nav/build/CMakeFiles/CMakeTmp”
Building C object CMakeFiles/cmTC_ee790.dir/CheckFunctionExists.c.o
/usr/bin/cc   -DCHECK_FUNCTION_EXISTS=pthread_create   -o CMakeFiles/cmTC_ee790.dir/CheckFunctionExists.c.o   -c /usr/share/cmake-3.16/Modules/CheckFunctionExists.c
Linking C executable cmTC_ee790
/usr/bin/cmake -E cmake_link_script CMakeFiles/cmTC_ee790.dir/link.txt --verbose=1
/usr/bin/cc  -DCHECK_FUNCTION_EXISTS=pthread_create    -rdynamic CMakeFiles/cmTC_ee790.dir/CheckFunctionExists.c.o  -o cmTC_ee790  -lpthreads 
/usr/bin/ld: 找不到 -lpthreads
collect2: error: ld returned 1 exit status
make[1]: *** [CMakeFiles/cmTC_ee790.dir/build.make:87：cmTC_ee790] 错误 1
make[1]: 离开目录“/home/rm/catkin_livox_ros_driver2/src/NEXTE_Sentry_Nav/build/CMakeFiles/CMakeTmp”
make: *** [Makefile:121：cmTC_ee790/fast] 错误 2



Performing C SOURCE FILE Test CMAKE_HAVE_LIBC_PTHREAD failed with the following output:
Change Dir: /home/rm/catkin_livox_ros_driver2/src/NEXTE_Sentry_Nav/build/CMakeFiles/CMakeTmp

Run Build Command(s):/usr/bin/make cmTC_f1c65/fast && /usr/bin/make -f CMakeFiles/cmTC_f1c65.dir/build.make CMakeFiles/cmTC_f1c65.dir/build
make[1]: 进入目录“/home/rm/catkin_livox_ros_driver2/src/NEXTE_Sentry_Nav/build/CMakeFiles/CMakeTmp”
Building C object CMakeFiles/cmTC_f1c65.dir/src.c.o
/usr/bin/cc   -DCMAKE_HAVE_LIBC_PTHREAD   -o CMakeFiles/cmTC_f1c65.dir/src.c.o   -c /home/rm/catkin_livox_ros_driver2/src/NEXTE_Sentry_Nav/build/CMakeFiles/CMakeTmp/src.c
Linking C executable cmTC_f1c65
/usr/bin/cmake -E cmake_link_script CMakeFiles/cmTC_f1c65.dir/link.txt --verbose=1
/usr/bin/cc  -DCMAKE_HAVE_LIBC_PTHREAD    -rdynamic CMakeFiles/cmTC_f1c65.dir/src.c.o  -o cmTC_f1c65 
/usr/bin/ld: CMakeFiles/cmTC_f1c65.dir/src.c.o: in function `main':
src.c:(.text+0x46): undefined reference to `pthread_create'
/usr/bin/ld: src.c:(.text+0x52): undefined reference to `pthread_detach'
/usr/bin/ld: src.c:(.text+0x63): undefined reference to `pthread_join'
collect2: error: ld returned 1 exit status
make[1]: *** [CMakeFiles/cmTC_f1c65.dir/build.make:87：cmTC_f1c65] 错误 1
make[1]: 离开目录“/home/rm/catkin_livox_ros_driver2/src/NEXTE_Sentry_Nav/build/CMakeFiles/CMakeTmp”
make: *** [Makefile:121：cmTC_f1c65/fast] 错误 2


Source file was:
#include <pthread.h>

void* test_func(void* data)
{
  return data;
}

int main(void)
{
  pthread_t thread;
  pthread_create(&thread, NULL, test_func, NULL);
  pthread_detach(thread);
  pthread_join(thread, NULL);
  pthread_atfork(NULL, NULL, NULL);
  pthread_exit(NULL);

  return 0;
}

Determining if the function pthread_create exists in the pthreads failed with the following output:
Change Dir: /home/rm/catkin_livox_ros_driver2/src/NEXTE_Sentry_Nav/build/CMakeFiles/CMakeTmp

Run Build Command(s):/usr/bin/make cmTC_614cd/fast && /usr/bin/make -f CMakeFiles/cmTC_614cd.dir/build.make CMakeFiles/cmTC_614cd.dir/build
make[1]: 进入目录“/home/rm/catkin_livox_ros_driver2/src/NEXTE_Sentry_Nav/build/CMakeFiles/CMakeTmp”
Building C object CMakeFiles/cmTC_614cd.dir/CheckFunctionExists.c.o
/usr/bin/cc   -DCHECK_FUNCTION_EXISTS=pthread_create   -o CMakeFiles/cmTC_614cd.dir/CheckFunctionExists.c.o   -c /usr/share/cmake-3.16/Modules/CheckFunctionExists.c
Linking C executable cmTC_614cd
/usr/bin/cmake -E cmake_link_script CMakeFiles/cmTC_614cd.dir/link.txt --verbose=1
/usr/bin/cc  -DCHECK_FUNCTION_EXISTS=pthread_create    -rdynamic CMakeFiles/cmTC_614cd.dir/CheckFunctionExists.c.o  -o cmTC_614cd  -lpthreads 
/usr/bin/ld: 找不到 -lpthreads
collect2: error: ld returned 1 exit status
make[1]: *** [CMakeFiles/cmTC_614cd.dir/build.make:87：cmTC_614cd] 错误 1
make[1]: 离开目录“/home/rm/catkin_livox_ros_driver2/src/NEXTE_Sentry_Nav/build/CMakeFiles/CMakeTmp”
make: *** [Makefile:121：cmTC_614cd/fast] 错误 2



Performing C SOURCE FILE Test CMAKE_HAVE_LIBC_PTHREAD failed with the following output:
Change Dir: /home/rm/catkin_livox_ros_driver2/src/NEXTE_Sentry_Nav/build/CMakeFiles/CMakeTmp

Run Build Command(s):/usr/bin/make cmTC_daf51/fast && /usr/bin/make -f CMakeFiles/cmTC_daf51.dir/build.make CMakeFiles/cmTC_daf51.dir/build
make[1]: 进入目录“/home/rm/catkin_livox_ros_driver2/src/NEXTE_Sentry_Nav/build/CMakeFiles/CMakeTmp”
Building C object CMakeFiles/cmTC_daf51.dir/src.c.o
/usr/bin/cc   -DCMAKE_HAVE_LIBC_PTHREAD   -o CMakeFiles/cmTC_daf51.dir/src.c.o   -c /home/rm/catkin_livox_ros_driver2/src/NEXTE_Sentry_Nav/build/CMakeFiles/CMakeTmp/src.c
Linking C executable cmTC_daf51
/usr/bin/cmake -E cmake_link_script CMakeFiles/cmTC_daf51.dir/link.txt --verbose=1
/usr/bin/cc  -DCMAKE_HAVE_LIBC_PTHREAD    -rdynamic CMakeFiles/cmTC_daf51.dir/src.c.o  -o cmTC_daf51 
/usr/bin/ld: CMakeFiles/cmTC_daf51.dir/src.c.o: in function `main':
src.c:(.text+0x46): undefined reference to `pthread_create'
/usr/bin/ld: src.c:(.text+0x52): undefined reference to `pthread_detach'
/usr/bin/ld: src.c:(.text+0x63): undefined reference to `pthread_join'
collect2: error: ld returned 1 exit status
make[1]: *** [CMakeFiles/cmTC_daf51.dir/build.make:87：cmTC_daf51] 错误 1
make[1]: 离开目录“/home/rm/catkin_livox_ros_driver2/src/NEXTE_Sentry_Nav/build/CMakeFiles/CMakeTmp”
make: *** [Makefile:121：cmTC_daf51/fast] 错误 2


Source file was:
#include <pthread.h>

void* test_func(void* data)
{
  return data;
}

int main(void)
{
  pthread_t thread;
  pthread_create(&thread, NULL, test_func, NULL);
  pthread_detach(thread);
  pthread_join(thread, NULL);
  pthread_atfork(NULL, NULL, NULL);
  pthread_exit(NULL);

  return 0;
}

Determining if the function pthread_create exists in the pthreads failed with the following output:
Change Dir: /home/rm/catkin_livox_ros_driver2/src/NEXTE_Sentry_Nav/build/CMakeFiles/CMakeTmp

Run Build Command(s):/usr/bin/make cmTC_3f1c6/fast && /usr/bin/make -f CMakeFiles/cmTC_3f1c6.dir/build.make CMakeFiles/cmTC_3f1c6.dir/build
make[1]: 进入目录“/home/rm/catkin_livox_ros_driver2/src/NEXTE_Sentry_Nav/build/CMakeFiles/CMakeTmp”
Building C object CMakeFiles/cmTC_3f1c6.dir/CheckFunctionExists.c.o
/usr/bin/cc   -DCHECK_FUNCTION_EXISTS=pthread_create   -o CMakeFiles/cmTC_3f1c6.dir/CheckFunctionExists.c.o   -c /usr/share/cmake-3.16/Modules/CheckFunctionExists.c
Linking C executable cmTC_3f1c6
/usr/bin/cmake -E cmake_link_script CMakeFiles/cmTC_3f1c6.dir/link.txt --verbose=1
/usr/bin/cc  -DCHECK_FUNCTION_EXISTS=pthread_create    -rdynamic CMakeFiles/cmTC_3f1c6.dir/CheckFunctionExists.c.o  -o cmTC_3f1c6  -lpthreads 
/usr/bin/ld: 找不到 -lpthreads
collect2: error: ld returned 1 exit status
make[1]: *** [CMakeFiles/cmTC_3f1c6.dir/build.make:87：cmTC_3f1c6] 错误 1
make[1]: 离开目录“/home/rm/catkin_livox_ros_driver2/src/NEXTE_Sentry_Nav/build/CMakeFiles/CMakeTmp”
make: *** [Makefile:121：cmTC_3f1c6/fast] 错误 2



Performing C SOURCE FILE Test CMAKE_HAVE_LIBC_PTHREAD failed with the following output:
Change Dir: /home/rm/catkin_livox_ros_driver2/src/NEXTE_Sentry_Nav/build/CMakeFiles/CMakeTmp

Run Build Command(s):/usr/bin/make cmTC_e6716/fast && /usr/bin/make -f CMakeFiles/cmTC_e6716.dir/build.make CMakeFiles/cmTC_e6716.dir/build
make[1]: 进入目录“/home/rm/catkin_livox_ros_driver2/src/NEXTE_Sentry_Nav/build/CMakeFiles/CMakeTmp”
Building C object CMakeFiles/cmTC_e6716.dir/src.c.o
/usr/bin/cc   -DCMAKE_HAVE_LIBC_PTHREAD   -o CMakeFiles/cmTC_e6716.dir/src.c.o   -c /home/rm/catkin_livox_ros_driver2/src/NEXTE_Sentry_Nav/build/CMakeFiles/CMakeTmp/src.c
Linking C executable cmTC_e6716
/usr/bin/cmake -E cmake_link_script CMakeFiles/cmTC_e6716.dir/link.txt --verbose=1
/usr/bin/cc  -DCMAKE_HAVE_LIBC_PTHREAD    -rdynamic CMakeFiles/cmTC_e6716.dir/src.c.o  -o cmTC_e6716 
/usr/bin/ld: CMakeFiles/cmTC_e6716.dir/src.c.o: in function `main':
src.c:(.text+0x46): undefined reference to `pthread_create'
/usr/bin/ld: src.c:(.text+0x52): undefined reference to `pthread_detach'
/usr/bin/ld: src.c:(.text+0x63): undefined reference to `pthread_join'
collect2: error: ld returned 1 exit status
make[1]: *** [CMakeFiles/cmTC_e6716.dir/build.make:87：cmTC_e6716] 错误 1
make[1]: 离开目录“/home/rm/catkin_livox_ros_driver2/src/NEXTE_Sentry_Nav/build/CMakeFiles/CMakeTmp”
make: *** [Makefile:121：cmTC_e6716/fast] 错误 2


Source file was:
#include <pthread.h>

void* test_func(void* data)
{
  return data;
}

int main(void)
{
  pthread_t thread;
  pthread_create(&thread, NULL, test_func, NULL);
  pthread_detach(thread);
  pthread_join(thread, NULL);
  pthread_atfork(NULL, NULL, NULL);
  pthread_exit(NULL);

  return 0;
}

Determining if the function pthread_create exists in the pthreads failed with the following output:
Change Dir: /home/rm/catkin_livox_ros_driver2/src/NEXTE_Sentry_Nav/build/CMakeFiles/CMakeTmp

Run Build Command(s):/usr/bin/make cmTC_cb870/fast && /usr/bin/make -f CMakeFiles/cmTC_cb870.dir/build.make CMakeFiles/cmTC_cb870.dir/build
make[1]: 进入目录“/home/rm/catkin_livox_ros_driver2/src/NEXTE_Sentry_Nav/build/CMakeFiles/CMakeTmp”
Building C object CMakeFiles/cmTC_cb870.dir/CheckFunctionExists.c.o
/usr/bin/cc   -DCHECK_FUNCTION_EXISTS=pthread_create   -o CMakeFiles/cmTC_cb870.dir/CheckFunctionExists.c.o   -c /usr/share/cmake-3.16/Modules/CheckFunctionExists.c
Linking C executable cmTC_cb870
/usr/bin/cmake -E cmake_link_script CMakeFiles/cmTC_cb870.dir/link.txt --verbose=1
/usr/bin/cc  -DCHECK_FUNCTION_EXISTS=pthread_create    -rdynamic CMakeFiles/cmTC_cb870.dir/CheckFunctionExists.c.o  -o cmTC_cb870  -lpthreads 
/usr/bin/ld: 找不到 -lpthreads
collect2: error: ld returned 1 exit status
make[1]: *** [CMakeFiles/cmTC_cb870.dir/build.make:87：cmTC_cb870] 错误 1
make[1]: 离开目录“/home/rm/catkin_livox_ros_driver2/src/NEXTE_Sentry_Nav/build/CMakeFiles/CMakeTmp”
make: *** [Makefile:121：cmTC_cb870/fast] 错误 2



Performing C SOURCE FILE Test CMAKE_HAVE_LIBC_PTHREAD failed with the following output:
Change Dir: /home/rm/catkin_livox_ros_driver2/src/NEXTE_Sentry_Nav/build/CMakeFiles/CMakeTmp

Run Build Command(s):/usr/bin/make cmTC_e1695/fast && /usr/bin/make -f CMakeFiles/cmTC_e1695.dir/build.make CMakeFiles/cmTC_e1695.dir/build
make[1]: 进入目录“/home/rm/catkin_livox_ros_driver2/src/NEXTE_Sentry_Nav/build/CMakeFiles/CMakeTmp”
Building C object CMakeFiles/cmTC_e1695.dir/src.c.o
/usr/bin/cc   -DCMAKE_HAVE_LIBC_PTHREAD   -o CMakeFiles/cmTC_e1695.dir/src.c.o   -c /home/rm/catkin_livox_ros_driver2/src/NEXTE_Sentry_Nav/build/CMakeFiles/CMakeTmp/src.c
Linking C executable cmTC_e1695
/usr/bin/cmake -E cmake_link_script CMakeFiles/cmTC_e1695.dir/link.txt --verbose=1
/usr/bin/cc  -DCMAKE_HAVE_LIBC_PTHREAD    -rdynamic CMakeFiles/cmTC_e1695.dir/src.c.o  -o cmTC_e1695 
/usr/bin/ld: CMakeFiles/cmTC_e1695.dir/src.c.o: in function `main':
src.c:(.text+0x46): undefined reference to `pthread_create'
/usr/bin/ld: src.c:(.text+0x52): undefined reference to `pthread_detach'
/usr/bin/ld: src.c:(.text+0x63): undefined reference to `pthread_join'
collect2: error: ld returned 1 exit status
make[1]: *** [CMakeFiles/cmTC_e1695.dir/build.make:87：cmTC_e1695] 错误 1
make[1]: 离开目录“/home/rm/catkin_livox_ros_driver2/src/NEXTE_Sentry_Nav/build/CMakeFiles/CMakeTmp”
make: *** [Makefile:121：cmTC_e1695/fast] 错误 2


Source file was:
#include <pthread.h>

void* test_func(void* data)
{
  return data;
}

int main(void)
{
  pthread_t thread;
  pthread_create(&thread, NULL, test_func, NULL);
  pthread_detach(thread);
  pthread_join(thread, NULL);
  pthread_atfork(NULL, NULL, NULL);
  pthread_exit(NULL);

  return 0;
}

Determining if the function pthread_create exists in the pthreads failed with the following output:
Change Dir: /home/rm/catkin_livox_ros_driver2/src/NEXTE_Sentry_Nav/build/CMakeFiles/CMakeTmp

Run Build Command(s):/usr/bin/make cmTC_cd71f/fast && /usr/bin/make -f CMakeFiles/cmTC_cd71f.dir/build.make CMakeFiles/cmTC_cd71f.dir/build
make[1]: 进入目录“/home/rm/catkin_livox_ros_driver2/src/NEXTE_Sentry_Nav/build/CMakeFiles/CMakeTmp”
Building C object CMakeFiles/cmTC_cd71f.dir/CheckFunctionExists.c.o
/usr/bin/cc   -DCHECK_FUNCTION_EXISTS=pthread_create   -o CMakeFiles/cmTC_cd71f.dir/CheckFunctionExists.c.o   -c /usr/share/cmake-3.16/Modules/CheckFunctionExists.c
Linking C executable cmTC_cd71f
/usr/bin/cmake -E cmake_link_script CMakeFiles/cmTC_cd71f.dir/link.txt --verbose=1
/usr/bin/cc  -DCHECK_FUNCTION_EXISTS=pthread_create    -rdynamic CMakeFiles/cmTC_cd71f.dir/CheckFunctionExists.c.o  -o cmTC_cd71f  -lpthreads 
/usr/bin/ld: 找不到 -lpthreads
collect2: error: ld returned 1 exit status
make[1]: *** [CMakeFiles/cmTC_cd71f.dir/build.make:87：cmTC_cd71f] 错误 1
make[1]: 离开目录“/home/rm/catkin_livox_ros_driver2/src/NEXTE_Sentry_Nav/build/CMakeFiles/CMakeTmp”
make: *** [Makefile:121：cmTC_cd71f/fast] 错误 2



Performing C SOURCE FILE Test CMAKE_HAVE_LIBC_PTHREAD failed with the following output:
Change Dir: /home/rm/catkin_livox_ros_driver2/src/NEXTE_Sentry_Nav/build/CMakeFiles/CMakeTmp

Run Build Command(s):/usr/bin/make cmTC_f29da/fast && /usr/bin/make -f CMakeFiles/cmTC_f29da.dir/build.make CMakeFiles/cmTC_f29da.dir/build
make[1]: 进入目录“/home/rm/catkin_livox_ros_driver2/src/NEXTE_Sentry_Nav/build/CMakeFiles/CMakeTmp”
Building C object CMakeFiles/cmTC_f29da.dir/src.c.o
/usr/bin/cc   -DCMAKE_HAVE_LIBC_PTHREAD   -o CMakeFiles/cmTC_f29da.dir/src.c.o   -c /home/rm/catkin_livox_ros_driver2/src/NEXTE_Sentry_Nav/build/CMakeFiles/CMakeTmp/src.c
Linking C executable cmTC_f29da
/usr/bin/cmake -E cmake_link_script CMakeFiles/cmTC_f29da.dir/link.txt --verbose=1
/usr/bin/cc  -DCMAKE_HAVE_LIBC_PTHREAD    -rdynamic CMakeFiles/cmTC_f29da.dir/src.c.o  -o cmTC_f29da 
/usr/bin/ld: CMakeFiles/cmTC_f29da.dir/src.c.o: in function `main':
src.c:(.text+0x46): undefined reference to `pthread_create'
/usr/bin/ld: src.c:(.text+0x52): undefined reference to `pthread_detach'
/usr/bin/ld: src.c:(.text+0x63): undefined reference to `pthread_join'
collect2: error: ld returned 1 exit status
make[1]: *** [CMakeFiles/cmTC_f29da.dir/build.make:87：cmTC_f29da] 错误 1
make[1]: 离开目录“/home/rm/catkin_livox_ros_driver2/src/NEXTE_Sentry_Nav/build/CMakeFiles/CMakeTmp”
make: *** [Makefile:121：cmTC_f29da/fast] 错误 2


Source file was:
#include <pthread.h>

void* test_func(void* data)
{
  return data;
}

int main(void)
{
  pthread_t thread;
  pthread_create(&thread, NULL, test_func, NULL);
  pthread_detach(thread);
  pthread_join(thread, NULL);
  pthread_atfork(NULL, NULL, NULL);
  pthread_exit(NULL);

  return 0;
}

Determining if the function pthread_create exists in the pthreads failed with the following output:
Change Dir: /home/rm/catkin_livox_ros_driver2/src/NEXTE_Sentry_Nav/build/CMakeFiles/CMakeTmp

Run Build Command(s):/usr/bin/make cmTC_9ac79/fast && /usr/bin/make -f CMakeFiles/cmTC_9ac79.dir/build.make CMakeFiles/cmTC_9ac79.dir/build
make[1]: 进入目录“/home/rm/catkin_livox_ros_driver2/src/NEXTE_Sentry_Nav/build/CMakeFiles/CMakeTmp”
Building C object CMakeFiles/cmTC_9ac79.dir/CheckFunctionExists.c.o
/usr/bin/cc   -DCHECK_FUNCTION_EXISTS=pthread_create   -o CMakeFiles/cmTC_9ac79.dir/CheckFunctionExists.c.o   -c /usr/share/cmake-3.16/Modules/CheckFunctionExists.c
Linking C executable cmTC_9ac79
/usr/bin/cmake -E cmake_link_script CMakeFiles/cmTC_9ac79.dir/link.txt --verbose=1
/usr/bin/cc  -DCHECK_FUNCTION_EXISTS=pthread_create    -rdynamic CMakeFiles/cmTC_9ac79.dir/CheckFunctionExists.c.o  -o cmTC_9ac79  -lpthreads 
/usr/bin/ld: 找不到 -lpthreads
collect2: error: ld returned 1 exit status
make[1]: *** [CMakeFiles/cmTC_9ac79.dir/build.make:87：cmTC_9ac79] 错误 1
make[1]: 离开目录“/home/rm/catkin_livox_ros_driver2/src/NEXTE_Sentry_Nav/build/CMakeFiles/CMakeTmp”
make: *** [Makefile:121：cmTC_9ac79/fast] 错误 2



Performing C SOURCE FILE Test CMAKE_HAVE_LIBC_PTHREAD failed with the following output:
Change Dir: /home/rm/catkin_livox_ros_driver2/src/NEXTE_Sentry_Nav/build/CMakeFiles/CMakeTmp

Run Build Command(s):/usr/bin/make cmTC_d65f6/fast && /usr/bin/make -f CMakeFiles/cmTC_d65f6.dir/build.make CMakeFiles/cmTC_d65f6.dir/build
make[1]: 进入目录“/home/rm/catkin_livox_ros_driver2/src/NEXTE_Sentry_Nav/build/CMakeFiles/CMakeTmp”
Building C object CMakeFiles/cmTC_d65f6.dir/src.c.o
/usr/bin/cc   -DCMAKE_HAVE_LIBC_PTHREAD   -o CMakeFiles/cmTC_d65f6.dir/src.c.o   -c /home/rm/catkin_livox_ros_driver2/src/NEXTE_Sentry_Nav/build/CMakeFiles/CMakeTmp/src.c
Linking C executable cmTC_d65f6
/usr/bin/cmake -E cmake_link_script CMakeFiles/cmTC_d65f6.dir/link.txt --verbose=1
/usr/bin/cc  -DCMAKE_HAVE_LIBC_PTHREAD    -rdynamic CMakeFiles/cmTC_d65f6.dir/src.c.o  -o cmTC_d65f6 
/usr/bin/ld: CMakeFiles/cmTC_d65f6.dir/src.c.o: in function `main':
src.c:(.text+0x46): undefined reference to `pthread_create'
/usr/bin/ld: src.c:(.text+0x52): undefined reference to `pthread_detach'
/usr/bin/ld: src.c:(.text+0x63): undefined reference to `pthread_join'
collect2: error: ld returned 1 exit status
make[1]: *** [CMakeFiles/cmTC_d65f6.dir/build.make:87：cmTC_d65f6] 错误 1
make[1]: 离开目录“/home/rm/catkin_livox_ros_driver2/src/NEXTE_Sentry_Nav/build/CMakeFiles/CMakeTmp”
make: *** [Makefile:121：cmTC_d65f6/fast] 错误 2


Source file was:
#include <pthread.h>

void* test_func(void* data)
{
  return data;
}

int main(void)
{
  pthread_t thread;
  pthread_create(&thread, NULL, test_func, NULL);
  pthread_detach(thread);
  pthread_join(thread, NULL);
  pthread_atfork(NULL, NULL, NULL);
  pthread_exit(NULL);

  return 0;
}

Determining if the function pthread_create exists in the pthreads failed with the following output:
Change Dir: /home/rm/catkin_livox_ros_driver2/src/NEXTE_Sentry_Nav/build/CMakeFiles/CMakeTmp

Run Build Command(s):/usr/bin/make cmTC_d62c8/fast && /usr/bin/make -f CMakeFiles/cmTC_d62c8.dir/build.make CMakeFiles/cmTC_d62c8.dir/build
make[1]: 进入目录“/home/rm/catkin_livox_ros_driver2/src/NEXTE_Sentry_Nav/build/CMakeFiles/CMakeTmp”
Building C object CMakeFiles/cmTC_d62c8.dir/CheckFunctionExists.c.o
/usr/bin/cc   -DCHECK_FUNCTION_EXISTS=pthread_create   -o CMakeFiles/cmTC_d62c8.dir/CheckFunctionExists.c.o   -c /usr/share/cmake-3.16/Modules/CheckFunctionExists.c
Linking C executable cmTC_d62c8
/usr/bin/cmake -E cmake_link_script CMakeFiles/cmTC_d62c8.dir/link.txt --verbose=1
/usr/bin/cc  -DCHECK_FUNCTION_EXISTS=pthread_create    -rdynamic CMakeFiles/cmTC_d62c8.dir/CheckFunctionExists.c.o  -o cmTC_d62c8  -lpthreads 
/usr/bin/ld: 找不到 -lpthreads
collect2: error: ld returned 1 exit status
make[1]: *** [CMakeFiles/cmTC_d62c8.dir/build.make:87：cmTC_d62c8] 错误 1
make[1]: 离开目录“/home/rm/catkin_livox_ros_driver2/src/NEXTE_Sentry_Nav/build/CMakeFiles/CMakeTmp”
make: *** [Makefile:121：cmTC_d62c8/fast] 错误 2



Performing C SOURCE FILE Test CMAKE_HAVE_LIBC_PTHREAD failed with the following output:
Change Dir: /home/rm/catkin_livox_ros_driver2/src/NEXTE_Sentry_Nav/build/CMakeFiles/CMakeTmp

Run Build Command(s):/usr/bin/make cmTC_fd601/fast && /usr/bin/make -f CMakeFiles/cmTC_fd601.dir/build.make CMakeFiles/cmTC_fd601.dir/build
make[1]: 进入目录“/home/rm/catkin_livox_ros_driver2/src/NEXTE_Sentry_Nav/build/CMakeFiles/CMakeTmp”
Building C object CMakeFiles/cmTC_fd601.dir/src.c.o
/usr/bin/cc   -DCMAKE_HAVE_LIBC_PTHREAD   -o CMakeFiles/cmTC_fd601.dir/src.c.o   -c /home/rm/catkin_livox_ros_driver2/src/NEXTE_Sentry_Nav/build/CMakeFiles/CMakeTmp/src.c
Linking C executable cmTC_fd601
/usr/bin/cmake -E cmake_link_script CMakeFiles/cmTC_fd601.dir/link.txt --verbose=1
/usr/bin/cc  -DCMAKE_HAVE_LIBC_PTHREAD    -rdynamic CMakeFiles/cmTC_fd601.dir/src.c.o  -o cmTC_fd601 
/usr/bin/ld: CMakeFiles/cmTC_fd601.dir/src.c.o: in function `main':
src.c:(.text+0x46): undefined reference to `pthread_create'
/usr/bin/ld: src.c:(.text+0x52): undefined reference to `pthread_detach'
/usr/bin/ld: src.c:(.text+0x63): undefined reference to `pthread_join'
collect2: error: ld returned 1 exit status
make[1]: *** [CMakeFiles/cmTC_fd601.dir/build.make:87：cmTC_fd601] 错误 1
make[1]: 离开目录“/home/rm/catkin_livox_ros_driver2/src/NEXTE_Sentry_Nav/build/CMakeFiles/CMakeTmp”
make: *** [Makefile:121：cmTC_fd601/fast] 错误 2


Source file was:
#include <pthread.h>

void* test_func(void* data)
{
  return data;
}

int main(void)
{
  pthread_t thread;
  pthread_create(&thread, NULL, test_func, NULL);
  pthread_detach(thread);
  pthread_join(thread, NULL);
  pthread_atfork(NULL, NULL, NULL);
  pthread_exit(NULL);

  return 0;
}

Determining if the function pthread_create exists in the pthreads failed with the following output:
Change Dir: /home/rm/catkin_livox_ros_driver2/src/NEXTE_Sentry_Nav/build/CMakeFiles/CMakeTmp

Run Build Command(s):/usr/bin/make cmTC_c3930/fast && /usr/bin/make -f CMakeFiles/cmTC_c3930.dir/build.make CMakeFiles/cmTC_c3930.dir/build
make[1]: 进入目录“/home/rm/catkin_livox_ros_driver2/src/NEXTE_Sentry_Nav/build/CMakeFiles/CMakeTmp”
Building C object CMakeFiles/cmTC_c3930.dir/CheckFunctionExists.c.o
/usr/bin/cc   -DCHECK_FUNCTION_EXISTS=pthread_create   -o CMakeFiles/cmTC_c3930.dir/CheckFunctionExists.c.o   -c /usr/share/cmake-3.16/Modules/CheckFunctionExists.c
Linking C executable cmTC_c3930
/usr/bin/cmake -E cmake_link_script CMakeFiles/cmTC_c3930.dir/link.txt --verbose=1
/usr/bin/cc  -DCHECK_FUNCTION_EXISTS=pthread_create    -rdynamic CMakeFiles/cmTC_c3930.dir/CheckFunctionExists.c.o  -o cmTC_c3930  -lpthreads 
/usr/bin/ld: 找不到 -lpthreads
collect2: error: ld returned 1 exit status
make[1]: *** [CMakeFiles/cmTC_c3930.dir/build.make:87：cmTC_c3930] 错误 1
make[1]: 离开目录“/home/rm/catkin_livox_ros_driver2/src/NEXTE_Sentry_Nav/build/CMakeFiles/CMakeTmp”
make: *** [Makefile:121：cmTC_c3930/fast] 错误 2



Performing C SOURCE FILE Test CMAKE_HAVE_LIBC_PTHREAD failed with the following output:
Change Dir: /home/rm/catkin_livox_ros_driver2/src/NEXTE_Sentry_Nav/build/CMakeFiles/CMakeTmp

Run Build Command(s):/usr/bin/make cmTC_d48f5/fast && /usr/bin/make -f CMakeFiles/cmTC_d48f5.dir/build.make CMakeFiles/cmTC_d48f5.dir/build
make[1]: 进入目录“/home/rm/catkin_livox_ros_driver2/src/NEXTE_Sentry_Nav/build/CMakeFiles/CMakeTmp”
Building C object CMakeFiles/cmTC_d48f5.dir/src.c.o
/usr/bin/cc   -DCMAKE_HAVE_LIBC_PTHREAD   -o CMakeFiles/cmTC_d48f5.dir/src.c.o   -c /home/rm/catkin_livox_ros_driver2/src/NEXTE_Sentry_Nav/build/CMakeFiles/CMakeTmp/src.c
Linking C executable cmTC_d48f5
/usr/bin/cmake -E cmake_link_script CMakeFiles/cmTC_d48f5.dir/link.txt --verbose=1
/usr/bin/cc  -DCMAKE_HAVE_LIBC_PTHREAD    -rdynamic CMakeFiles/cmTC_d48f5.dir/src.c.o  -o cmTC_d48f5 
/usr/bin/ld: CMakeFiles/cmTC_d48f5.dir/src.c.o: in function `main':
src.c:(.text+0x46): undefined reference to `pthread_create'
/usr/bin/ld: src.c:(.text+0x52): undefined reference to `pthread_detach'
/usr/bin/ld: src.c:(.text+0x63): undefined reference to `pthread_join'
collect2: error: ld returned 1 exit status
make[1]: *** [CMakeFiles/cmTC_d48f5.dir/build.make:87：cmTC_d48f5] 错误 1
make[1]: 离开目录“/home/rm/catkin_livox_ros_driver2/src/NEXTE_Sentry_Nav/build/CMakeFiles/CMakeTmp”
make: *** [Makefile:121：cmTC_d48f5/fast] 错误 2


Source file was:
#include <pthread.h>

void* test_func(void* data)
{
  return data;
}

int main(void)
{
  pthread_t thread;
  pthread_create(&thread, NULL, test_func, NULL);
  pthread_detach(thread);
  pthread_join(thread, NULL);
  pthread_atfork(NULL, NULL, NULL);
  pthread_exit(NULL);

  return 0;
}

Determining if the function pthread_create exists in the pthreads failed with the following output:
Change Dir: /home/rm/catkin_livox_ros_driver2/src/NEXTE_Sentry_Nav/build/CMakeFiles/CMakeTmp

Run Build Command(s):/usr/bin/make cmTC_0cd9a/fast && /usr/bin/make -f CMakeFiles/cmTC_0cd9a.dir/build.make CMakeFiles/cmTC_0cd9a.dir/build
make[1]: 进入目录“/home/rm/catkin_livox_ros_driver2/src/NEXTE_Sentry_Nav/build/CMakeFiles/CMakeTmp”
Building C object CMakeFiles/cmTC_0cd9a.dir/CheckFunctionExists.c.o
/usr/bin/cc   -DCHECK_FUNCTION_EXISTS=pthread_create   -o CMakeFiles/cmTC_0cd9a.dir/CheckFunctionExists.c.o   -c /usr/share/cmake-3.16/Modules/CheckFunctionExists.c
Linking C executable cmTC_0cd9a
/usr/bin/cmake -E cmake_link_script CMakeFiles/cmTC_0cd9a.dir/link.txt --verbose=1
/usr/bin/cc  -DCHECK_FUNCTION_EXISTS=pthread_create    -rdynamic CMakeFiles/cmTC_0cd9a.dir/CheckFunctionExists.c.o  -o cmTC_0cd9a  -lpthreads 
/usr/bin/ld: 找不到 -lpthreads
collect2: error: ld returned 1 exit status
make[1]: *** [CMakeFiles/cmTC_0cd9a.dir/build.make:87：cmTC_0cd9a] 错误 1
make[1]: 离开目录“/home/rm/catkin_livox_ros_driver2/src/NEXTE_Sentry_Nav/build/CMakeFiles/CMakeTmp”
make: *** [Makefile:121：cmTC_0cd9a/fast] 错误 2



Performing C SOURCE FILE Test CMAKE_HAVE_LIBC_PTHREAD failed with the following output:
Change Dir: /home/rm/catkin_livox_ros_driver2/src/NEXTE_Sentry_Nav/build/CMakeFiles/CMakeTmp

Run Build Command(s):/usr/bin/make cmTC_82e26/fast && /usr/bin/make -f CMakeFiles/cmTC_82e26.dir/build.make CMakeFiles/cmTC_82e26.dir/build
make[1]: 进入目录“/home/rm/catkin_livox_ros_driver2/src/NEXTE_Sentry_Nav/build/CMakeFiles/CMakeTmp”
Building C object CMakeFiles/cmTC_82e26.dir/src.c.o
/usr/bin/cc   -DCMAKE_HAVE_LIBC_PTHREAD   -o CMakeFiles/cmTC_82e26.dir/src.c.o   -c /home/rm/catkin_livox_ros_driver2/src/NEXTE_Sentry_Nav/build/CMakeFiles/CMakeTmp/src.c
Linking C executable cmTC_82e26
/usr/bin/cmake -E cmake_link_script CMakeFiles/cmTC_82e26.dir/link.txt --verbose=1
/usr/bin/cc  -DCMAKE_HAVE_LIBC_PTHREAD    -rdynamic CMakeFiles/cmTC_82e26.dir/src.c.o  -o cmTC_82e26 
/usr/bin/ld: CMakeFiles/cmTC_82e26.dir/src.c.o: in function `main':
src.c:(.text+0x46): undefined reference to `pthread_create'
/usr/bin/ld: src.c:(.text+0x52): undefined reference to `pthread_detach'
/usr/bin/ld: src.c:(.text+0x63): undefined reference to `pthread_join'
collect2: error: ld returned 1 exit status
make[1]: *** [CMakeFiles/cmTC_82e26.dir/build.make:87：cmTC_82e26] 错误 1
make[1]: 离开目录“/home/rm/catkin_livox_ros_driver2/src/NEXTE_Sentry_Nav/build/CMakeFiles/CMakeTmp”
make: *** [Makefile:121：cmTC_82e26/fast] 错误 2


Source file was:
#include <pthread.h>

void* test_func(void* data)
{
  return data;
}

int main(void)
{
  pthread_t thread;
  pthread_create(&thread, NULL, test_func, NULL);
  pthread_detach(thread);
  pthread_join(thread, NULL);
  pthread_atfork(NULL, NULL, NULL);
  pthread_exit(NULL);

  return 0;
}

Determining if the function pthread_create exists in the pthreads failed with the following output:
Change Dir: /home/rm/catkin_livox_ros_driver2/src/NEXTE_Sentry_Nav/build/CMakeFiles/CMakeTmp

Run Build Command(s):/usr/bin/make cmTC_6486d/fast && /usr/bin/make -f CMakeFiles/cmTC_6486d.dir/build.make CMakeFiles/cmTC_6486d.dir/build
make[1]: 进入目录“/home/rm/catkin_livox_ros_driver2/src/NEXTE_Sentry_Nav/build/CMakeFiles/CMakeTmp”
Building C object CMakeFiles/cmTC_6486d.dir/CheckFunctionExists.c.o
/usr/bin/cc   -DCHECK_FUNCTION_EXISTS=pthread_create   -o CMakeFiles/cmTC_6486d.dir/CheckFunctionExists.c.o   -c /usr/share/cmake-3.16/Modules/CheckFunctionExists.c
Linking C executable cmTC_6486d
/usr/bin/cmake -E cmake_link_script CMakeFiles/cmTC_6486d.dir/link.txt --verbose=1
/usr/bin/cc  -DCHECK_FUNCTION_EXISTS=pthread_create    -rdynamic CMakeFiles/cmTC_6486d.dir/CheckFunctionExists.c.o  -o cmTC_6486d  -lpthreads 
/usr/bin/ld: 找不到 -lpthreads
collect2: error: ld returned 1 exit status
make[1]: *** [CMakeFiles/cmTC_6486d.dir/build.make:87：cmTC_6486d] 错误 1
make[1]: 离开目录“/home/rm/catkin_livox_ros_driver2/src/NEXTE_Sentry_Nav/build/CMakeFiles/CMakeTmp”
make: *** [Makefile:121：cmTC_6486d/fast] 错误 2



Performing C SOURCE FILE Test CMAKE_HAVE_LIBC_PTHREAD failed with the following output:
Change Dir: /home/rm/catkin_livox_ros_driver2/src/NEXTE_Sentry_Nav/build/CMakeFiles/CMakeTmp

Run Build Command(s):/usr/bin/make cmTC_01e46/fast && /usr/bin/make -f CMakeFiles/cmTC_01e46.dir/build.make CMakeFiles/cmTC_01e46.dir/build
make[1]: 进入目录“/home/rm/catkin_livox_ros_driver2/src/NEXTE_Sentry_Nav/build/CMakeFiles/CMakeTmp”
Building C object CMakeFiles/cmTC_01e46.dir/src.c.o
/usr/bin/cc   -DCMAKE_HAVE_LIBC_PTHREAD   -o CMakeFiles/cmTC_01e46.dir/src.c.o   -c /home/rm/catkin_livox_ros_driver2/src/NEXTE_Sentry_Nav/build/CMakeFiles/CMakeTmp/src.c
Linking C executable cmTC_01e46
/usr/bin/cmake -E cmake_link_script CMakeFiles/cmTC_01e46.dir/link.txt --verbose=1
/usr/bin/cc  -DCMAKE_HAVE_LIBC_PTHREAD    -rdynamic CMakeFiles/cmTC_01e46.dir/src.c.o  -o cmTC_01e46 
/usr/bin/ld: CMakeFiles/cmTC_01e46.dir/src.c.o: in function `main':
src.c:(.text+0x46): undefined reference to `pthread_create'
/usr/bin/ld: src.c:(.text+0x52): undefined reference to `pthread_detach'
/usr/bin/ld: src.c:(.text+0x63): undefined reference to `pthread_join'
collect2: error: ld returned 1 exit status
make[1]: *** [CMakeFiles/cmTC_01e46.dir/build.make:87：cmTC_01e46] 错误 1
make[1]: 离开目录“/home/rm/catkin_livox_ros_driver2/src/NEXTE_Sentry_Nav/build/CMakeFiles/CMakeTmp”
make: *** [Makefile:121：cmTC_01e46/fast] 错误 2


Source file was:
#include <pthread.h>

void* test_func(void* data)
{
  return data;
}

int main(void)
{
  pthread_t thread;
  pthread_create(&thread, NULL, test_func, NULL);
  pthread_detach(thread);
  pthread_join(thread, NULL);
  pthread_atfork(NULL, NULL, NULL);
  pthread_exit(NULL);

  return 0;
}

Determining if the function pthread_create exists in the pthreads failed with the following output:
Change Dir: /home/rm/catkin_livox_ros_driver2/src/NEXTE_Sentry_Nav/build/CMakeFiles/CMakeTmp

Run Build Command(s):/usr/bin/make cmTC_85956/fast && /usr/bin/make -f CMakeFiles/cmTC_85956.dir/build.make CMakeFiles/cmTC_85956.dir/build
make[1]: 进入目录“/home/rm/catkin_livox_ros_driver2/src/NEXTE_Sentry_Nav/build/CMakeFiles/CMakeTmp”
Building C object CMakeFiles/cmTC_85956.dir/CheckFunctionExists.c.o
/usr/bin/cc   -DCHECK_FUNCTION_EXISTS=pthread_create   -o CMakeFiles/cmTC_85956.dir/CheckFunctionExists.c.o   -c /usr/share/cmake-3.16/Modules/CheckFunctionExists.c
Linking C executable cmTC_85956
/usr/bin/cmake -E cmake_link_script CMakeFiles/cmTC_85956.dir/link.txt --verbose=1
/usr/bin/cc  -DCHECK_FUNCTION_EXISTS=pthread_create    -rdynamic CMakeFiles/cmTC_85956.dir/CheckFunctionExists.c.o  -o cmTC_85956  -lpthreads 
/usr/bin/ld: 找不到 -lpthreads
collect2: error: ld returned 1 exit status
make[1]: *** [CMakeFiles/cmTC_85956.dir/build.make:87：cmTC_85956] 错误 1
make[1]: 离开目录“/home/rm/catkin_livox_ros_driver2/src/NEXTE_Sentry_Nav/build/CMakeFiles/CMakeTmp”
make: *** [Makefile:121：cmTC_85956/fast] 错误 2



Performing C SOURCE FILE Test CMAKE_HAVE_LIBC_PTHREAD failed with the following output:
Change Dir: /home/rm/catkin_livox_ros_driver2/src/NEXTE_Sentry_Nav/build/CMakeFiles/CMakeTmp

Run Build Command(s):/usr/bin/make cmTC_66d86/fast && /usr/bin/make -f CMakeFiles/cmTC_66d86.dir/build.make CMakeFiles/cmTC_66d86.dir/build
make[1]: 进入目录“/home/rm/catkin_livox_ros_driver2/src/NEXTE_Sentry_Nav/build/CMakeFiles/CMakeTmp”
Building C object CMakeFiles/cmTC_66d86.dir/src.c.o
/usr/bin/cc   -DCMAKE_HAVE_LIBC_PTHREAD   -o CMakeFiles/cmTC_66d86.dir/src.c.o   -c /home/rm/catkin_livox_ros_driver2/src/NEXTE_Sentry_Nav/build/CMakeFiles/CMakeTmp/src.c
Linking C executable cmTC_66d86
/usr/bin/cmake -E cmake_link_script CMakeFiles/cmTC_66d86.dir/link.txt --verbose=1
/usr/bin/cc  -DCMAKE_HAVE_LIBC_PTHREAD    -rdynamic CMakeFiles/cmTC_66d86.dir/src.c.o  -o cmTC_66d86 
/usr/bin/ld: CMakeFiles/cmTC_66d86.dir/src.c.o: in function `main':
src.c:(.text+0x46): undefined reference to `pthread_create'
/usr/bin/ld: src.c:(.text+0x52): undefined reference to `pthread_detach'
/usr/bin/ld: src.c:(.text+0x63): undefined reference to `pthread_join'
collect2: error: ld returned 1 exit status
make[1]: *** [CMakeFiles/cmTC_66d86.dir/build.make:87：cmTC_66d86] 错误 1
make[1]: 离开目录“/home/rm/catkin_livox_ros_driver2/src/NEXTE_Sentry_Nav/build/CMakeFiles/CMakeTmp”
make: *** [Makefile:121：cmTC_66d86/fast] 错误 2


Source file was:
#include <pthread.h>

void* test_func(void* data)
{
  return data;
}

int main(void)
{
  pthread_t thread;
  pthread_create(&thread, NULL, test_func, NULL);
  pthread_detach(thread);
  pthread_join(thread, NULL);
  pthread_atfork(NULL, NULL, NULL);
  pthread_exit(NULL);

  return 0;
}

Determining if the function pthread_create exists in the pthreads failed with the following output:
Change Dir: /home/rm/catkin_livox_ros_driver2/src/NEXTE_Sentry_Nav/build/CMakeFiles/CMakeTmp

Run Build Command(s):/usr/bin/make cmTC_103d2/fast && /usr/bin/make -f CMakeFiles/cmTC_103d2.dir/build.make CMakeFiles/cmTC_103d2.dir/build
make[1]: 进入目录“/home/rm/catkin_livox_ros_driver2/src/NEXTE_Sentry_Nav/build/CMakeFiles/CMakeTmp”
Building C object CMakeFiles/cmTC_103d2.dir/CheckFunctionExists.c.o
/usr/bin/cc   -DCHECK_FUNCTION_EXISTS=pthread_create   -o CMakeFiles/cmTC_103d2.dir/CheckFunctionExists.c.o   -c /usr/share/cmake-3.16/Modules/CheckFunctionExists.c
Linking C executable cmTC_103d2
/usr/bin/cmake -E cmake_link_script CMakeFiles/cmTC_103d2.dir/link.txt --verbose=1
/usr/bin/cc  -DCHECK_FUNCTION_EXISTS=pthread_create    -rdynamic CMakeFiles/cmTC_103d2.dir/CheckFunctionExists.c.o  -o cmTC_103d2  -lpthreads 
/usr/bin/ld: 找不到 -lpthreads
collect2: error: ld returned 1 exit status
make[1]: *** [CMakeFiles/cmTC_103d2.dir/build.make:87：cmTC_103d2] 错误 1
make[1]: 离开目录“/home/rm/catkin_livox_ros_driver2/src/NEXTE_Sentry_Nav/build/CMakeFiles/CMakeTmp”
make: *** [Makefile:121：cmTC_103d2/fast] 错误 2



Performing C SOURCE FILE Test CMAKE_HAVE_LIBC_PTHREAD failed with the following output:
Change Dir: /home/rm/catkin_livox_ros_driver2/src/NEXTE_Sentry_Nav/build/CMakeFiles/CMakeTmp

Run Build Command(s):/usr/bin/make cmTC_c7db1/fast && /usr/bin/make -f CMakeFiles/cmTC_c7db1.dir/build.make CMakeFiles/cmTC_c7db1.dir/build
make[1]: 进入目录“/home/rm/catkin_livox_ros_driver2/src/NEXTE_Sentry_Nav/build/CMakeFiles/CMakeTmp”
Building C object CMakeFiles/cmTC_c7db1.dir/src.c.o
/usr/bin/cc   -DCMAKE_HAVE_LIBC_PTHREAD   -o CMakeFiles/cmTC_c7db1.dir/src.c.o   -c /home/rm/catkin_livox_ros_driver2/src/NEXTE_Sentry_Nav/build/CMakeFiles/CMakeTmp/src.c
Linking C executable cmTC_c7db1
/usr/bin/cmake -E cmake_link_script CMakeFiles/cmTC_c7db1.dir/link.txt --verbose=1
/usr/bin/cc  -DCMAKE_HAVE_LIBC_PTHREAD    -rdynamic CMakeFiles/cmTC_c7db1.dir/src.c.o  -o cmTC_c7db1 
/usr/bin/ld: CMakeFiles/cmTC_c7db1.dir/src.c.o: in function `main':
src.c:(.text+0x46): undefined reference to `pthread_create'
/usr/bin/ld: src.c:(.text+0x52): undefined reference to `pthread_detach'
/usr/bin/ld: src.c:(.text+0x63): undefined reference to `pthread_join'
collect2: error: ld returned 1 exit status
make[1]: *** [CMakeFiles/cmTC_c7db1.dir/build.make:87：cmTC_c7db1] 错误 1
make[1]: 离开目录“/home/rm/catkin_livox_ros_driver2/src/NEXTE_Sentry_Nav/build/CMakeFiles/CMakeTmp”
make: *** [Makefile:121：cmTC_c7db1/fast] 错误 2


Source file was:
#include <pthread.h>

void* test_func(void* data)
{
  return data;
}

int main(void)
{
  pthread_t thread;
  pthread_create(&thread, NULL, test_func, NULL);
  pthread_detach(thread);
  pthread_join(thread, NULL);
  pthread_atfork(NULL, NULL, NULL);
  pthread_exit(NULL);

  return 0;
}

Determining if the function pthread_create exists in the pthreads failed with the following output:
Change Dir: /home/rm/catkin_livox_ros_driver2/src/NEXTE_Sentry_Nav/build/CMakeFiles/CMakeTmp

Run Build Command(s):/usr/bin/make cmTC_cd83b/fast && /usr/bin/make -f CMakeFiles/cmTC_cd83b.dir/build.make CMakeFiles/cmTC_cd83b.dir/build
make[1]: 进入目录“/home/rm/catkin_livox_ros_driver2/src/NEXTE_Sentry_Nav/build/CMakeFiles/CMakeTmp”
Building C object CMakeFiles/cmTC_cd83b.dir/CheckFunctionExists.c.o
/usr/bin/cc   -DCHECK_FUNCTION_EXISTS=pthread_create   -o CMakeFiles/cmTC_cd83b.dir/CheckFunctionExists.c.o   -c /usr/share/cmake-3.16/Modules/CheckFunctionExists.c
Linking C executable cmTC_cd83b
/usr/bin/cmake -E cmake_link_script CMakeFiles/cmTC_cd83b.dir/link.txt --verbose=1
/usr/bin/cc  -DCHECK_FUNCTION_EXISTS=pthread_create    -rdynamic CMakeFiles/cmTC_cd83b.dir/CheckFunctionExists.c.o  -o cmTC_cd83b  -lpthreads 
/usr/bin/ld: 找不到 -lpthreads
collect2: error: ld returned 1 exit status
make[1]: *** [CMakeFiles/cmTC_cd83b.dir/build.make:87：cmTC_cd83b] 错误 1
make[1]: 离开目录“/home/rm/catkin_livox_ros_driver2/src/NEXTE_Sentry_Nav/build/CMakeFiles/CMakeTmp”
make: *** [Makefile:121：cmTC_cd83b/fast] 错误 2



Performing C SOURCE FILE Test CMAKE_HAVE_LIBC_PTHREAD failed with the following output:
Change Dir: /home/rm/catkin_livox_ros_driver2/src/NEXTE_Sentry_Nav/build/CMakeFiles/CMakeTmp

Run Build Command(s):/usr/bin/make cmTC_18893/fast && /usr/bin/make -f CMakeFiles/cmTC_18893.dir/build.make CMakeFiles/cmTC_18893.dir/build
make[1]: 进入目录“/home/rm/catkin_livox_ros_driver2/src/NEXTE_Sentry_Nav/build/CMakeFiles/CMakeTmp”
Building C object CMakeFiles/cmTC_18893.dir/src.c.o
/usr/bin/cc   -DCMAKE_HAVE_LIBC_PTHREAD   -o CMakeFiles/cmTC_18893.dir/src.c.o   -c /home/rm/catkin_livox_ros_driver2/src/NEXTE_Sentry_Nav/build/CMakeFiles/CMakeTmp/src.c
Linking C executable cmTC_18893
/usr/bin/cmake -E cmake_link_script CMakeFiles/cmTC_18893.dir/link.txt --verbose=1
/usr/bin/cc  -DCMAKE_HAVE_LIBC_PTHREAD    -rdynamic CMakeFiles/cmTC_18893.dir/src.c.o  -o cmTC_18893 
/usr/bin/ld: CMakeFiles/cmTC_18893.dir/src.c.o: in function `main':
src.c:(.text+0x46): undefined reference to `pthread_create'
/usr/bin/ld: src.c:(.text+0x52): undefined reference to `pthread_detach'
/usr/bin/ld: src.c:(.text+0x63): undefined reference to `pthread_join'
collect2: error: ld returned 1 exit status
make[1]: *** [CMakeFiles/cmTC_18893.dir/build.make:87：cmTC_18893] 错误 1
make[1]: 离开目录“/home/rm/catkin_livox_ros_driver2/src/NEXTE_Sentry_Nav/build/CMakeFiles/CMakeTmp”
make: *** [Makefile:121：cmTC_18893/fast] 错误 2


Source file was:
#include <pthread.h>

void* test_func(void* data)
{
  return data;
}

int main(void)
{
  pthread_t thread;
  pthread_create(&thread, NULL, test_func, NULL);
  pthread_detach(thread);
  pthread_join(thread, NULL);
  pthread_atfork(NULL, NULL, NULL);
  pthread_exit(NULL);

  return 0;
}

Determining if the function pthread_create exists in the pthreads failed with the following output:
Change Dir: /home/rm/catkin_livox_ros_driver2/src/NEXTE_Sentry_Nav/build/CMakeFiles/CMakeTmp

Run Build Command(s):/usr/bin/make cmTC_a1577/fast && /usr/bin/make -f CMakeFiles/cmTC_a1577.dir/build.make CMakeFiles/cmTC_a1577.dir/build
make[1]: 进入目录“/home/rm/catkin_livox_ros_driver2/src/NEXTE_Sentry_Nav/build/CMakeFiles/CMakeTmp”
Building C object CMakeFiles/cmTC_a1577.dir/CheckFunctionExists.c.o
/usr/bin/cc   -DCHECK_FUNCTION_EXISTS=pthread_create   -o CMakeFiles/cmTC_a1577.dir/CheckFunctionExists.c.o   -c /usr/share/cmake-3.16/Modules/CheckFunctionExists.c
Linking C executable cmTC_a1577
/usr/bin/cmake -E cmake_link_script CMakeFiles/cmTC_a1577.dir/link.txt --verbose=1
/usr/bin/cc  -DCHECK_FUNCTION_EXISTS=pthread_create    -rdynamic CMakeFiles/cmTC_a1577.dir/CheckFunctionExists.c.o  -o cmTC_a1577  -lpthreads 
/usr/bin/ld: 找不到 -lpthreads
collect2: error: ld returned 1 exit status
make[1]: *** [CMakeFiles/cmTC_a1577.dir/build.make:87：cmTC_a1577] 错误 1
make[1]: 离开目录“/home/rm/catkin_livox_ros_driver2/src/NEXTE_Sentry_Nav/build/CMakeFiles/CMakeTmp”
make: *** [Makefile:121：cmTC_a1577/fast] 错误 2



Performing C SOURCE FILE Test CMAKE_HAVE_LIBC_PTHREAD failed with the following output:
Change Dir: /home/rm/catkin_livox_ros_driver2/src/NEXTE_Sentry_Nav/build/CMakeFiles/CMakeTmp

Run Build Command(s):/usr/bin/make cmTC_26c25/fast && /usr/bin/make -f CMakeFiles/cmTC_26c25.dir/build.make CMakeFiles/cmTC_26c25.dir/build
make[1]: 进入目录“/home/rm/catkin_livox_ros_driver2/src/NEXTE_Sentry_Nav/build/CMakeFiles/CMakeTmp”
Building C object CMakeFiles/cmTC_26c25.dir/src.c.o
/usr/bin/cc   -DCMAKE_HAVE_LIBC_PTHREAD   -o CMakeFiles/cmTC_26c25.dir/src.c.o   -c /home/rm/catkin_livox_ros_driver2/src/NEXTE_Sentry_Nav/build/CMakeFiles/CMakeTmp/src.c
Linking C executable cmTC_26c25
/usr/bin/cmake -E cmake_link_script CMakeFiles/cmTC_26c25.dir/link.txt --verbose=1
/usr/bin/cc  -DCMAKE_HAVE_LIBC_PTHREAD    -rdynamic CMakeFiles/cmTC_26c25.dir/src.c.o  -o cmTC_26c25 
/usr/bin/ld: CMakeFiles/cmTC_26c25.dir/src.c.o: in function `main':
src.c:(.text+0x46): undefined reference to `pthread_create'
/usr/bin/ld: src.c:(.text+0x52): undefined reference to `pthread_detach'
/usr/bin/ld: src.c:(.text+0x63): undefined reference to `pthread_join'
collect2: error: ld returned 1 exit status
make[1]: *** [CMakeFiles/cmTC_26c25.dir/build.make:87：cmTC_26c25] 错误 1
make[1]: 离开目录“/home/rm/catkin_livox_ros_driver2/src/NEXTE_Sentry_Nav/build/CMakeFiles/CMakeTmp”
make: *** [Makefile:121：cmTC_26c25/fast] 错误 2


Source file was:
#include <pthread.h>

void* test_func(void* data)
{
  return data;
}

int main(void)
{
  pthread_t thread;
  pthread_create(&thread, NULL, test_func, NULL);
  pthread_detach(thread);
  pthread_join(thread, NULL);
  pthread_atfork(NULL, NULL, NULL);
  pthread_exit(NULL);

  return 0;
}

Determining if the function pthread_create exists in the pthreads failed with the following output:
Change Dir: /home/rm/catkin_livox_ros_driver2/src/NEXTE_Sentry_Nav/build/CMakeFiles/CMakeTmp

Run Build Command(s):/usr/bin/make cmTC_d423e/fast && /usr/bin/make -f CMakeFiles/cmTC_d423e.dir/build.make CMakeFiles/cmTC_d423e.dir/build
make[1]: 进入目录“/home/rm/catkin_livox_ros_driver2/src/NEXTE_Sentry_Nav/build/CMakeFiles/CMakeTmp”
Building C object CMakeFiles/cmTC_d423e.dir/CheckFunctionExists.c.o
/usr/bin/cc   -DCHECK_FUNCTION_EXISTS=pthread_create   -o CMakeFiles/cmTC_d423e.dir/CheckFunctionExists.c.o   -c /usr/share/cmake-3.16/Modules/CheckFunctionExists.c
Linking C executable cmTC_d423e
/usr/bin/cmake -E cmake_link_script CMakeFiles/cmTC_d423e.dir/link.txt --verbose=1
/usr/bin/cc  -DCHECK_FUNCTION_EXISTS=pthread_create    -rdynamic CMakeFiles/cmTC_d423e.dir/CheckFunctionExists.c.o  -o cmTC_d423e  -lpthreads 
/usr/bin/ld: 找不到 -lpthreads
collect2: error: ld returned 1 exit status
make[1]: *** [CMakeFiles/cmTC_d423e.dir/build.make:87：cmTC_d423e] 错误 1
make[1]: 离开目录“/home/rm/catkin_livox_ros_driver2/src/NEXTE_Sentry_Nav/build/CMakeFiles/CMakeTmp”
make: *** [Makefile:121：cmTC_d423e/fast] 错误 2



Performing C SOURCE FILE Test CMAKE_HAVE_LIBC_PTHREAD failed with the following output:
Change Dir: /home/rm/catkin_livox_ros_driver2/src/NEXTE_Sentry_Nav/build/CMakeFiles/CMakeTmp

Run Build Command(s):/usr/bin/make cmTC_a7829/fast && /usr/bin/make -f CMakeFiles/cmTC_a7829.dir/build.make CMakeFiles/cmTC_a7829.dir/build
make[1]: 进入目录“/home/rm/catkin_livox_ros_driver2/src/NEXTE_Sentry_Nav/build/CMakeFiles/CMakeTmp”
Building C object CMakeFiles/cmTC_a7829.dir/src.c.o
/usr/bin/cc   -DCMAKE_HAVE_LIBC_PTHREAD   -o CMakeFiles/cmTC_a7829.dir/src.c.o   -c /home/rm/catkin_livox_ros_driver2/src/NEXTE_Sentry_Nav/build/CMakeFiles/CMakeTmp/src.c
Linking C executable cmTC_a7829
/usr/bin/cmake -E cmake_link_script CMakeFiles/cmTC_a7829.dir/link.txt --verbose=1
/usr/bin/cc  -DCMAKE_HAVE_LIBC_PTHREAD    -rdynamic CMakeFiles/cmTC_a7829.dir/src.c.o  -o cmTC_a7829 
/usr/bin/ld: CMakeFiles/cmTC_a7829.dir/src.c.o: in function `main':
src.c:(.text+0x46): undefined reference to `pthread_create'
/usr/bin/ld: src.c:(.text+0x52): undefined reference to `pthread_detach'
/usr/bin/ld: src.c:(.text+0x63): undefined reference to `pthread_join'
collect2: error: ld returned 1 exit status
make[1]: *** [CMakeFiles/cmTC_a7829.dir/build.make:87：cmTC_a7829] 错误 1
make[1]: 离开目录“/home/rm/catkin_livox_ros_driver2/src/NEXTE_Sentry_Nav/build/CMakeFiles/CMakeTmp”
make: *** [Makefile:121：cmTC_a7829/fast] 错误 2


Source file was:
#include <pthread.h>

void* test_func(void* data)
{
  return data;
}

int main(void)
{
  pthread_t thread;
  pthread_create(&thread, NULL, test_func, NULL);
  pthread_detach(thread);
  pthread_join(thread, NULL);
  pthread_atfork(NULL, NULL, NULL);
  pthread_exit(NULL);

  return 0;
}

Determining if the function pthread_create exists in the pthreads failed with the following output:
Change Dir: /home/rm/catkin_livox_ros_driver2/src/NEXTE_Sentry_Nav/build/CMakeFiles/CMakeTmp

Run Build Command(s):/usr/bin/make cmTC_c51a4/fast && /usr/bin/make -f CMakeFiles/cmTC_c51a4.dir/build.make CMakeFiles/cmTC_c51a4.dir/build
make[1]: 进入目录“/home/rm/catkin_livox_ros_driver2/src/NEXTE_Sentry_Nav/build/CMakeFiles/CMakeTmp”
Building C object CMakeFiles/cmTC_c51a4.dir/CheckFunctionExists.c.o
/usr/bin/cc   -DCHECK_FUNCTION_EXISTS=pthread_create   -o CMakeFiles/cmTC_c51a4.dir/CheckFunctionExists.c.o   -c /usr/share/cmake-3.16/Modules/CheckFunctionExists.c
Linking C executable cmTC_c51a4
/usr/bin/cmake -E cmake_link_script CMakeFiles/cmTC_c51a4.dir/link.txt --verbose=1
/usr/bin/cc  -DCHECK_FUNCTION_EXISTS=pthread_create    -rdynamic CMakeFiles/cmTC_c51a4.dir/CheckFunctionExists.c.o  -o cmTC_c51a4  -lpthreads 
/usr/bin/ld: 找不到 -lpthreads
collect2: error: ld returned 1 exit status
make[1]: *** [CMakeFiles/cmTC_c51a4.dir/build.make:87：cmTC_c51a4] 错误 1
make[1]: 离开目录“/home/rm/catkin_livox_ros_driver2/src/NEXTE_Sentry_Nav/build/CMakeFiles/CMakeTmp”
make: *** [Makefile:121：cmTC_c51a4/fast] 错误 2



Performing C SOURCE FILE Test CMAKE_HAVE_LIBC_PTHREAD failed with the following output:
Change Dir: /home/rm/catkin_livox_ros_driver2/src/NEXTE_Sentry_Nav/build/CMakeFiles/CMakeTmp

Run Build Command(s):/usr/bin/make cmTC_241ed/fast && /usr/bin/make -f CMakeFiles/cmTC_241ed.dir/build.make CMakeFiles/cmTC_241ed.dir/build
make[1]: 进入目录“/home/rm/catkin_livox_ros_driver2/src/NEXTE_Sentry_Nav/build/CMakeFiles/CMakeTmp”
Building C object CMakeFiles/cmTC_241ed.dir/src.c.o
/usr/bin/cc   -DCMAKE_HAVE_LIBC_PTHREAD   -o CMakeFiles/cmTC_241ed.dir/src.c.o   -c /home/rm/catkin_livox_ros_driver2/src/NEXTE_Sentry_Nav/build/CMakeFiles/CMakeTmp/src.c
Linking C executable cmTC_241ed
/usr/bin/cmake -E cmake_link_script CMakeFiles/cmTC_241ed.dir/link.txt --verbose=1
/usr/bin/cc  -DCMAKE_HAVE_LIBC_PTHREAD    -rdynamic CMakeFiles/cmTC_241ed.dir/src.c.o  -o cmTC_241ed 
/usr/bin/ld: CMakeFiles/cmTC_241ed.dir/src.c.o: in function `main':
src.c:(.text+0x46): undefined reference to `pthread_create'
/usr/bin/ld: src.c:(.text+0x52): undefined reference to `pthread_detach'
/usr/bin/ld: src.c:(.text+0x63): undefined reference to `pthread_join'
collect2: error: ld returned 1 exit status
make[1]: *** [CMakeFiles/cmTC_241ed.dir/build.make:87：cmTC_241ed] 错误 1
make[1]: 离开目录“/home/rm/catkin_livox_ros_driver2/src/NEXTE_Sentry_Nav/build/CMakeFiles/CMakeTmp”
make: *** [Makefile:121：cmTC_241ed/fast] 错误 2


Source file was:
#include <pthread.h>

void* test_func(void* data)
{
  return data;
}

int main(void)
{
  pthread_t thread;
  pthread_create(&thread, NULL, test_func, NULL);
  pthread_detach(thread);
  pthread_join(thread, NULL);
  pthread_atfork(NULL, NULL, NULL);
  pthread_exit(NULL);

  return 0;
}

Determining if the function pthread_create exists in the pthreads failed with the following output:
Change Dir: /home/rm/catkin_livox_ros_driver2/src/NEXTE_Sentry_Nav/build/CMakeFiles/CMakeTmp

Run Build Command(s):/usr/bin/make cmTC_fee59/fast && /usr/bin/make -f CMakeFiles/cmTC_fee59.dir/build.make CMakeFiles/cmTC_fee59.dir/build
make[1]: 进入目录“/home/rm/catkin_livox_ros_driver2/src/NEXTE_Sentry_Nav/build/CMakeFiles/CMakeTmp”
Building C object CMakeFiles/cmTC_fee59.dir/CheckFunctionExists.c.o
/usr/bin/cc   -DCHECK_FUNCTION_EXISTS=pthread_create   -o CMakeFiles/cmTC_fee59.dir/CheckFunctionExists.c.o   -c /usr/share/cmake-3.16/Modules/CheckFunctionExists.c
Linking C executable cmTC_fee59
/usr/bin/cmake -E cmake_link_script CMakeFiles/cmTC_fee59.dir/link.txt --verbose=1
/usr/bin/cc  -DCHECK_FUNCTION_EXISTS=pthread_create    -rdynamic CMakeFiles/cmTC_fee59.dir/CheckFunctionExists.c.o  -o cmTC_fee59  -lpthreads 
/usr/bin/ld: 找不到 -lpthreads
collect2: error: ld returned 1 exit status
make[1]: *** [CMakeFiles/cmTC_fee59.dir/build.make:87：cmTC_fee59] 错误 1
make[1]: 离开目录“/home/rm/catkin_livox_ros_driver2/src/NEXTE_Sentry_Nav/build/CMakeFiles/CMakeTmp”
make: *** [Makefile:121：cmTC_fee59/fast] 错误 2



Performing C SOURCE FILE Test CMAKE_HAVE_LIBC_PTHREAD failed with the following output:
Change Dir: /home/rm/catkin_livox_ros_driver2/src/NEXTE_Sentry_Nav/build/CMakeFiles/CMakeTmp

Run Build Command(s):/usr/bin/make cmTC_8f014/fast && /usr/bin/make -f CMakeFiles/cmTC_8f014.dir/build.make CMakeFiles/cmTC_8f014.dir/build
make[1]: 进入目录“/home/rm/catkin_livox_ros_driver2/src/NEXTE_Sentry_Nav/build/CMakeFiles/CMakeTmp”
Building C object CMakeFiles/cmTC_8f014.dir/src.c.o
/usr/bin/cc   -DCMAKE_HAVE_LIBC_PTHREAD   -o CMakeFiles/cmTC_8f014.dir/src.c.o   -c /home/rm/catkin_livox_ros_driver2/src/NEXTE_Sentry_Nav/build/CMakeFiles/CMakeTmp/src.c
Linking C executable cmTC_8f014
/usr/bin/cmake -E cmake_link_script CMakeFiles/cmTC_8f014.dir/link.txt --verbose=1
/usr/bin/cc  -DCMAKE_HAVE_LIBC_PTHREAD    -rdynamic CMakeFiles/cmTC_8f014.dir/src.c.o  -o cmTC_8f014 
/usr/bin/ld: CMakeFiles/cmTC_8f014.dir/src.c.o: in function `main':
src.c:(.text+0x46): undefined reference to `pthread_create'
/usr/bin/ld: src.c:(.text+0x52): undefined reference to `pthread_detach'
/usr/bin/ld: src.c:(.text+0x63): undefined reference to `pthread_join'
collect2: error: ld returned 1 exit status
make[1]: *** [CMakeFiles/cmTC_8f014.dir/build.make:87：cmTC_8f014] 错误 1
make[1]: 离开目录“/home/rm/catkin_livox_ros_driver2/src/NEXTE_Sentry_Nav/build/CMakeFiles/CMakeTmp”
make: *** [Makefile:121：cmTC_8f014/fast] 错误 2


Source file was:
#include <pthread.h>

void* test_func(void* data)
{
  return data;
}

int main(void)
{
  pthread_t thread;
  pthread_create(&thread, NULL, test_func, NULL);
  pthread_detach(thread);
  pthread_join(thread, NULL);
  pthread_atfork(NULL, NULL, NULL);
  pthread_exit(NULL);

  return 0;
}

Determining if the function pthread_create exists in the pthreads failed with the following output:
Change Dir: /home/rm/catkin_livox_ros_driver2/src/NEXTE_Sentry_Nav/build/CMakeFiles/CMakeTmp

Run Build Command(s):/usr/bin/make cmTC_b6f06/fast && /usr/bin/make -f CMakeFiles/cmTC_b6f06.dir/build.make CMakeFiles/cmTC_b6f06.dir/build
make[1]: 进入目录“/home/rm/catkin_livox_ros_driver2/src/NEXTE_Sentry_Nav/build/CMakeFiles/CMakeTmp”
Building C object CMakeFiles/cmTC_b6f06.dir/CheckFunctionExists.c.o
/usr/bin/cc   -DCHECK_FUNCTION_EXISTS=pthread_create   -o CMakeFiles/cmTC_b6f06.dir/CheckFunctionExists.c.o   -c /usr/share/cmake-3.16/Modules/CheckFunctionExists.c
Linking C executable cmTC_b6f06
/usr/bin/cmake -E cmake_link_script CMakeFiles/cmTC_b6f06.dir/link.txt --verbose=1
/usr/bin/cc  -DCHECK_FUNCTION_EXISTS=pthread_create    -rdynamic CMakeFiles/cmTC_b6f06.dir/CheckFunctionExists.c.o  -o cmTC_b6f06  -lpthreads 
/usr/bin/ld: 找不到 -lpthreads
collect2: error: ld returned 1 exit status
make[1]: *** [CMakeFiles/cmTC_b6f06.dir/build.make:87：cmTC_b6f06] 错误 1
make[1]: 离开目录“/home/rm/catkin_livox_ros_driver2/src/NEXTE_Sentry_Nav/build/CMakeFiles/CMakeTmp”
make: *** [Makefile:121：cmTC_b6f06/fast] 错误 2



Performing C SOURCE FILE Test CMAKE_HAVE_LIBC_PTHREAD failed with the following output:
Change Dir: /home/rm/catkin_livox_ros_driver2/src/NEXTE_Sentry_Nav/build/CMakeFiles/CMakeTmp

Run Build Command(s):/usr/bin/make cmTC_c2315/fast && /usr/bin/make -f CMakeFiles/cmTC_c2315.dir/build.make CMakeFiles/cmTC_c2315.dir/build
make[1]: 进入目录“/home/rm/catkin_livox_ros_driver2/src/NEXTE_Sentry_Nav/build/CMakeFiles/CMakeTmp”
Building C object CMakeFiles/cmTC_c2315.dir/src.c.o
/usr/bin/cc   -DCMAKE_HAVE_LIBC_PTHREAD   -o CMakeFiles/cmTC_c2315.dir/src.c.o   -c /home/rm/catkin_livox_ros_driver2/src/NEXTE_Sentry_Nav/build/CMakeFiles/CMakeTmp/src.c
Linking C executable cmTC_c2315
/usr/bin/cmake -E cmake_link_script CMakeFiles/cmTC_c2315.dir/link.txt --verbose=1
/usr/bin/cc  -DCMAKE_HAVE_LIBC_PTHREAD    -rdynamic CMakeFiles/cmTC_c2315.dir/src.c.o  -o cmTC_c2315 
/usr/bin/ld: CMakeFiles/cmTC_c2315.dir/src.c.o: in function `main':
src.c:(.text+0x46): undefined reference to `pthread_create'
/usr/bin/ld: src.c:(.text+0x52): undefined reference to `pthread_detach'
/usr/bin/ld: src.c:(.text+0x63): undefined reference to `pthread_join'
collect2: error: ld returned 1 exit status
make[1]: *** [CMakeFiles/cmTC_c2315.dir/build.make:87：cmTC_c2315] 错误 1
make[1]: 离开目录“/home/rm/catkin_livox_ros_driver2/src/NEXTE_Sentry_Nav/build/CMakeFiles/CMakeTmp”
make: *** [Makefile:121：cmTC_c2315/fast] 错误 2


Source file was:
#include <pthread.h>

void* test_func(void* data)
{
  return data;
}

int main(void)
{
  pthread_t thread;
  pthread_create(&thread, NULL, test_func, NULL);
  pthread_detach(thread);
  pthread_join(thread, NULL);
  pthread_atfork(NULL, NULL, NULL);
  pthread_exit(NULL);

  return 0;
}

Determining if the function pthread_create exists in the pthreads failed with the following output:
Change Dir: /home/rm/catkin_livox_ros_driver2/src/NEXTE_Sentry_Nav/build/CMakeFiles/CMakeTmp

Run Build Command(s):/usr/bin/make cmTC_ae1cd/fast && /usr/bin/make -f CMakeFiles/cmTC_ae1cd.dir/build.make CMakeFiles/cmTC_ae1cd.dir/build
make[1]: 进入目录“/home/rm/catkin_livox_ros_driver2/src/NEXTE_Sentry_Nav/build/CMakeFiles/CMakeTmp”
Building C object CMakeFiles/cmTC_ae1cd.dir/CheckFunctionExists.c.o
/usr/bin/cc   -DCHECK_FUNCTION_EXISTS=pthread_create   -o CMakeFiles/cmTC_ae1cd.dir/CheckFunctionExists.c.o   -c /usr/share/cmake-3.16/Modules/CheckFunctionExists.c
Linking C executable cmTC_ae1cd
/usr/bin/cmake -E cmake_link_script CMakeFiles/cmTC_ae1cd.dir/link.txt --verbose=1
/usr/bin/cc  -DCHECK_FUNCTION_EXISTS=pthread_create    -rdynamic CMakeFiles/cmTC_ae1cd.dir/CheckFunctionExists.c.o  -o cmTC_ae1cd  -lpthreads 
/usr/bin/ld: 找不到 -lpthreads
collect2: error: ld returned 1 exit status
make[1]: *** [CMakeFiles/cmTC_ae1cd.dir/build.make:87：cmTC_ae1cd] 错误 1
make[1]: 离开目录“/home/rm/catkin_livox_ros_driver2/src/NEXTE_Sentry_Nav/build/CMakeFiles/CMakeTmp”
make: *** [Makefile:121：cmTC_ae1cd/fast] 错误 2



Performing C SOURCE FILE Test CMAKE_HAVE_LIBC_PTHREAD failed with the following output:
Change Dir: /home/rm/catkin_livox_ros_driver2/src/NEXTE_Sentry_Nav/build/CMakeFiles/CMakeTmp

Run Build Command(s):/usr/bin/make cmTC_47758/fast && /usr/bin/make -f CMakeFiles/cmTC_47758.dir/build.make CMakeFiles/cmTC_47758.dir/build
make[1]: 进入目录“/home/rm/catkin_livox_ros_driver2/src/NEXTE_Sentry_Nav/build/CMakeFiles/CMakeTmp”
Building C object CMakeFiles/cmTC_47758.dir/src.c.o
/usr/bin/cc   -DCMAKE_HAVE_LIBC_PTHREAD   -o CMakeFiles/cmTC_47758.dir/src.c.o   -c /home/rm/catkin_livox_ros_driver2/src/NEXTE_Sentry_Nav/build/CMakeFiles/CMakeTmp/src.c
Linking C executable cmTC_47758
/usr/bin/cmake -E cmake_link_script CMakeFiles/cmTC_47758.dir/link.txt --verbose=1
/usr/bin/cc  -DCMAKE_HAVE_LIBC_PTHREAD    -rdynamic CMakeFiles/cmTC_47758.dir/src.c.o  -o cmTC_47758 
/usr/bin/ld: CMakeFiles/cmTC_47758.dir/src.c.o: in function `main':
src.c:(.text+0x46): undefined reference to `pthread_create'
/usr/bin/ld: src.c:(.text+0x52): undefined reference to `pthread_detach'
/usr/bin/ld: src.c:(.text+0x63): undefined reference to `pthread_join'
collect2: error: ld returned 1 exit status
make[1]: *** [CMakeFiles/cmTC_47758.dir/build.make:87：cmTC_47758] 错误 1
make[1]: 离开目录“/home/rm/catkin_livox_ros_driver2/src/NEXTE_Sentry_Nav/build/CMakeFiles/CMakeTmp”
make: *** [Makefile:121：cmTC_47758/fast] 错误 2


Source file was:
#include <pthread.h>

void* test_func(void* data)
{
  return data;
}

int main(void)
{
  pthread_t thread;
  pthread_create(&thread, NULL, test_func, NULL);
  pthread_detach(thread);
  pthread_join(thread, NULL);
  pthread_atfork(NULL, NULL, NULL);
  pthread_exit(NULL);

  return 0;
}

Determining if the function pthread_create exists in the pthreads failed with the following output:
Change Dir: /home/rm/catkin_livox_ros_driver2/src/NEXTE_Sentry_Nav/build/CMakeFiles/CMakeTmp

Run Build Command(s):/usr/bin/make cmTC_609d9/fast && /usr/bin/make -f CMakeFiles/cmTC_609d9.dir/build.make CMakeFiles/cmTC_609d9.dir/build
make[1]: 进入目录“/home/rm/catkin_livox_ros_driver2/src/NEXTE_Sentry_Nav/build/CMakeFiles/CMakeTmp”
Building C object CMakeFiles/cmTC_609d9.dir/CheckFunctionExists.c.o
/usr/bin/cc   -DCHECK_FUNCTION_EXISTS=pthread_create   -o CMakeFiles/cmTC_609d9.dir/CheckFunctionExists.c.o   -c /usr/share/cmake-3.16/Modules/CheckFunctionExists.c
Linking C executable cmTC_609d9
/usr/bin/cmake -E cmake_link_script CMakeFiles/cmTC_609d9.dir/link.txt --verbose=1
/usr/bin/cc  -DCHECK_FUNCTION_EXISTS=pthread_create    -rdynamic CMakeFiles/cmTC_609d9.dir/CheckFunctionExists.c.o  -o cmTC_609d9  -lpthreads 
/usr/bin/ld: 找不到 -lpthreads
collect2: error: ld returned 1 exit status
make[1]: *** [CMakeFiles/cmTC_609d9.dir/build.make:87：cmTC_609d9] 错误 1
make[1]: 离开目录“/home/rm/catkin_livox_ros_driver2/src/NEXTE_Sentry_Nav/build/CMakeFiles/CMakeTmp”
make: *** [Makefile:121：cmTC_609d9/fast] 错误 2



Performing C SOURCE FILE Test CMAKE_HAVE_LIBC_PTHREAD failed with the following output:
Change Dir: /home/rm/catkin_livox_ros_driver2/src/NEXTE_Sentry_Nav/build/CMakeFiles/CMakeTmp

Run Build Command(s):/usr/bin/make cmTC_2f70b/fast && /usr/bin/make -f CMakeFiles/cmTC_2f70b.dir/build.make CMakeFiles/cmTC_2f70b.dir/build
make[1]: 进入目录“/home/rm/catkin_livox_ros_driver2/src/NEXTE_Sentry_Nav/build/CMakeFiles/CMakeTmp”
Building C object CMakeFiles/cmTC_2f70b.dir/src.c.o
/usr/bin/cc   -DCMAKE_HAVE_LIBC_PTHREAD   -o CMakeFiles/cmTC_2f70b.dir/src.c.o   -c /home/rm/catkin_livox_ros_driver2/src/NEXTE_Sentry_Nav/build/CMakeFiles/CMakeTmp/src.c
Linking C executable cmTC_2f70b
/usr/bin/cmake -E cmake_link_script CMakeFiles/cmTC_2f70b.dir/link.txt --verbose=1
/usr/bin/cc  -DCMAKE_HAVE_LIBC_PTHREAD    -rdynamic CMakeFiles/cmTC_2f70b.dir/src.c.o  -o cmTC_2f70b 
/usr/bin/ld: CMakeFiles/cmTC_2f70b.dir/src.c.o: in function `main':
src.c:(.text+0x46): undefined reference to `pthread_create'
/usr/bin/ld: src.c:(.text+0x52): undefined reference to `pthread_detach'
/usr/bin/ld: src.c:(.text+0x63): undefined reference to `pthread_join'
collect2: error: ld returned 1 exit status
make[1]: *** [CMakeFiles/cmTC_2f70b.dir/build.make:87：cmTC_2f70b] 错误 1
make[1]: 离开目录“/home/rm/catkin_livox_ros_driver2/src/NEXTE_Sentry_Nav/build/CMakeFiles/CMakeTmp”
make: *** [Makefile:121：cmTC_2f70b/fast] 错误 2


Source file was:
#include <pthread.h>

void* test_func(void* data)
{
  return data;
}

int main(void)
{
  pthread_t thread;
  pthread_create(&thread, NULL, test_func, NULL);
  pthread_detach(thread);
  pthread_join(thread, NULL);
  pthread_atfork(NULL, NULL, NULL);
  pthread_exit(NULL);

  return 0;
}

Determining if the function pthread_create exists in the pthreads failed with the following output:
Change Dir: /home/rm/catkin_livox_ros_driver2/src/NEXTE_Sentry_Nav/build/CMakeFiles/CMakeTmp

Run Build Command(s):/usr/bin/make cmTC_bf405/fast && /usr/bin/make -f CMakeFiles/cmTC_bf405.dir/build.make CMakeFiles/cmTC_bf405.dir/build
make[1]: 进入目录“/home/rm/catkin_livox_ros_driver2/src/NEXTE_Sentry_Nav/build/CMakeFiles/CMakeTmp”
Building C object CMakeFiles/cmTC_bf405.dir/CheckFunctionExists.c.o
/usr/bin/cc   -DCHECK_FUNCTION_EXISTS=pthread_create   -o CMakeFiles/cmTC_bf405.dir/CheckFunctionExists.c.o   -c /usr/share/cmake-3.16/Modules/CheckFunctionExists.c
Linking C executable cmTC_bf405
/usr/bin/cmake -E cmake_link_script CMakeFiles/cmTC_bf405.dir/link.txt --verbose=1
/usr/bin/cc  -DCHECK_FUNCTION_EXISTS=pthread_create    -rdynamic CMakeFiles/cmTC_bf405.dir/CheckFunctionExists.c.o  -o cmTC_bf405  -lpthreads 
/usr/bin/ld: 找不到 -lpthreads
collect2: error: ld returned 1 exit status
make[1]: *** [CMakeFiles/cmTC_bf405.dir/build.make:87：cmTC_bf405] 错误 1
make[1]: 离开目录“/home/rm/catkin_livox_ros_driver2/src/NEXTE_Sentry_Nav/build/CMakeFiles/CMakeTmp”
make: *** [Makefile:121：cmTC_bf405/fast] 错误 2



Performing C SOURCE FILE Test CMAKE_HAVE_LIBC_PTHREAD failed with the following output:
Change Dir: /home/rm/catkin_livox_ros_driver2/src/NEXTE_Sentry_Nav/build/CMakeFiles/CMakeTmp

Run Build Command(s):/usr/bin/make cmTC_0b5c5/fast && /usr/bin/make -f CMakeFiles/cmTC_0b5c5.dir/build.make CMakeFiles/cmTC_0b5c5.dir/build
make[1]: 进入目录“/home/rm/catkin_livox_ros_driver2/src/NEXTE_Sentry_Nav/build/CMakeFiles/CMakeTmp”
Building C object CMakeFiles/cmTC_0b5c5.dir/src.c.o
/usr/bin/cc   -DCMAKE_HAVE_LIBC_PTHREAD   -o CMakeFiles/cmTC_0b5c5.dir/src.c.o   -c /home/rm/catkin_livox_ros_driver2/src/NEXTE_Sentry_Nav/build/CMakeFiles/CMakeTmp/src.c
Linking C executable cmTC_0b5c5
/usr/bin/cmake -E cmake_link_script CMakeFiles/cmTC_0b5c5.dir/link.txt --verbose=1
/usr/bin/cc  -DCMAKE_HAVE_LIBC_PTHREAD    -rdynamic CMakeFiles/cmTC_0b5c5.dir/src.c.o  -o cmTC_0b5c5 
/usr/bin/ld: CMakeFiles/cmTC_0b5c5.dir/src.c.o: in function `main':
src.c:(.text+0x46): undefined reference to `pthread_create'
/usr/bin/ld: src.c:(.text+0x52): undefined reference to `pthread_detach'
/usr/bin/ld: src.c:(.text+0x63): undefined reference to `pthread_join'
collect2: error: ld returned 1 exit status
make[1]: *** [CMakeFiles/cmTC_0b5c5.dir/build.make:87：cmTC_0b5c5] 错误 1
make[1]: 离开目录“/home/rm/catkin_livox_ros_driver2/src/NEXTE_Sentry_Nav/build/CMakeFiles/CMakeTmp”
make: *** [Makefile:121：cmTC_0b5c5/fast] 错误 2


Source file was:
#include <pthread.h>

void* test_func(void* data)
{
  return data;
}

int main(void)
{
  pthread_t thread;
  pthread_create(&thread, NULL, test_func, NULL);
  pthread_detach(thread);
  pthread_join(thread, NULL);
  pthread_atfork(NULL, NULL, NULL);
  pthread_exit(NULL);

  return 0;
}

Determining if the function pthread_create exists in the pthreads failed with the following output:
Change Dir: /home/rm/catkin_livox_ros_driver2/src/NEXTE_Sentry_Nav/build/CMakeFiles/CMakeTmp

Run Build Command(s):/usr/bin/make cmTC_41f6c/fast && /usr/bin/make -f CMakeFiles/cmTC_41f6c.dir/build.make CMakeFiles/cmTC_41f6c.dir/build
make[1]: 进入目录“/home/rm/catkin_livox_ros_driver2/src/NEXTE_Sentry_Nav/build/CMakeFiles/CMakeTmp”
Building C object CMakeFiles/cmTC_41f6c.dir/CheckFunctionExists.c.o
/usr/bin/cc   -DCHECK_FUNCTION_EXISTS=pthread_create   -o CMakeFiles/cmTC_41f6c.dir/CheckFunctionExists.c.o   -c /usr/share/cmake-3.16/Modules/CheckFunctionExists.c
Linking C executable cmTC_41f6c
/usr/bin/cmake -E cmake_link_script CMakeFiles/cmTC_41f6c.dir/link.txt --verbose=1
/usr/bin/cc  -DCHECK_FUNCTION_EXISTS=pthread_create    -rdynamic CMakeFiles/cmTC_41f6c.dir/CheckFunctionExists.c.o  -o cmTC_41f6c  -lpthreads 
/usr/bin/ld: 找不到 -lpthreads
collect2: error: ld returned 1 exit status
make[1]: *** [CMakeFiles/cmTC_41f6c.dir/build.make:87：cmTC_41f6c] 错误 1
make[1]: 离开目录“/home/rm/catkin_livox_ros_driver2/src/NEXTE_Sentry_Nav/build/CMakeFiles/CMakeTmp”
make: *** [Makefile:121：cmTC_41f6c/fast] 错误 2



Performing C SOURCE FILE Test CMAKE_HAVE_LIBC_PTHREAD failed with the following output:
Change Dir: /home/rm/catkin_livox_ros_driver2/src/NEXTE_Sentry_Nav/build/CMakeFiles/CMakeTmp

Run Build Command(s):/usr/bin/make cmTC_a5dd6/fast && /usr/bin/make -f CMakeFiles/cmTC_a5dd6.dir/build.make CMakeFiles/cmTC_a5dd6.dir/build
make[1]: 进入目录“/home/rm/catkin_livox_ros_driver2/src/NEXTE_Sentry_Nav/build/CMakeFiles/CMakeTmp”
Building C object CMakeFiles/cmTC_a5dd6.dir/src.c.o
/usr/bin/cc   -DCMAKE_HAVE_LIBC_PTHREAD   -o CMakeFiles/cmTC_a5dd6.dir/src.c.o   -c /home/rm/catkin_livox_ros_driver2/src/NEXTE_Sentry_Nav/build/CMakeFiles/CMakeTmp/src.c
Linking C executable cmTC_a5dd6
/usr/bin/cmake -E cmake_link_script CMakeFiles/cmTC_a5dd6.dir/link.txt --verbose=1
/usr/bin/cc  -DCMAKE_HAVE_LIBC_PTHREAD    -rdynamic CMakeFiles/cmTC_a5dd6.dir/src.c.o  -o cmTC_a5dd6 
/usr/bin/ld: CMakeFiles/cmTC_a5dd6.dir/src.c.o: in function `main':
src.c:(.text+0x46): undefined reference to `pthread_create'
/usr/bin/ld: src.c:(.text+0x52): undefined reference to `pthread_detach'
/usr/bin/ld: src.c:(.text+0x63): undefined reference to `pthread_join'
collect2: error: ld returned 1 exit status
make[1]: *** [CMakeFiles/cmTC_a5dd6.dir/build.make:87：cmTC_a5dd6] 错误 1
make[1]: 离开目录“/home/rm/catkin_livox_ros_driver2/src/NEXTE_Sentry_Nav/build/CMakeFiles/CMakeTmp”
make: *** [Makefile:121：cmTC_a5dd6/fast] 错误 2


Source file was:
#include <pthread.h>

void* test_func(void* data)
{
  return data;
}

int main(void)
{
  pthread_t thread;
  pthread_create(&thread, NULL, test_func, NULL);
  pthread_detach(thread);
  pthread_join(thread, NULL);
  pthread_atfork(NULL, NULL, NULL);
  pthread_exit(NULL);

  return 0;
}

Determining if the function pthread_create exists in the pthreads failed with the following output:
Change Dir: /home/rm/catkin_livox_ros_driver2/src/NEXTE_Sentry_Nav/build/CMakeFiles/CMakeTmp

Run Build Command(s):/usr/bin/make cmTC_5da2c/fast && /usr/bin/make -f CMakeFiles/cmTC_5da2c.dir/build.make CMakeFiles/cmTC_5da2c.dir/build
make[1]: 进入目录“/home/rm/catkin_livox_ros_driver2/src/NEXTE_Sentry_Nav/build/CMakeFiles/CMakeTmp”
Building C object CMakeFiles/cmTC_5da2c.dir/CheckFunctionExists.c.o
/usr/bin/cc   -DCHECK_FUNCTION_EXISTS=pthread_create   -o CMakeFiles/cmTC_5da2c.dir/CheckFunctionExists.c.o   -c /usr/share/cmake-3.16/Modules/CheckFunctionExists.c
Linking C executable cmTC_5da2c
/usr/bin/cmake -E cmake_link_script CMakeFiles/cmTC_5da2c.dir/link.txt --verbose=1
/usr/bin/cc  -DCHECK_FUNCTION_EXISTS=pthread_create    -rdynamic CMakeFiles/cmTC_5da2c.dir/CheckFunctionExists.c.o  -o cmTC_5da2c  -lpthreads 
/usr/bin/ld: 找不到 -lpthreads
collect2: error: ld returned 1 exit status
make[1]: *** [CMakeFiles/cmTC_5da2c.dir/build.make:87：cmTC_5da2c] 错误 1
make[1]: 离开目录“/home/rm/catkin_livox_ros_driver2/src/NEXTE_Sentry_Nav/build/CMakeFiles/CMakeTmp”
make: *** [Makefile:121：cmTC_5da2c/fast] 错误 2



Performing C SOURCE FILE Test CMAKE_HAVE_LIBC_PTHREAD failed with the following output:
Change Dir: /home/rm/catkin_livox_ros_driver2/src/NEXTE_Sentry_Nav/build/CMakeFiles/CMakeTmp

Run Build Command(s):/usr/bin/make cmTC_9e338/fast && /usr/bin/make -f CMakeFiles/cmTC_9e338.dir/build.make CMakeFiles/cmTC_9e338.dir/build
make[1]: 进入目录“/home/rm/catkin_livox_ros_driver2/src/NEXTE_Sentry_Nav/build/CMakeFiles/CMakeTmp”
Building C object CMakeFiles/cmTC_9e338.dir/src.c.o
/usr/bin/cc   -DCMAKE_HAVE_LIBC_PTHREAD   -o CMakeFiles/cmTC_9e338.dir/src.c.o   -c /home/rm/catkin_livox_ros_driver2/src/NEXTE_Sentry_Nav/build/CMakeFiles/CMakeTmp/src.c
Linking C executable cmTC_9e338
/usr/bin/cmake -E cmake_link_script CMakeFiles/cmTC_9e338.dir/link.txt --verbose=1
/usr/bin/cc  -DCMAKE_HAVE_LIBC_PTHREAD    -rdynamic CMakeFiles/cmTC_9e338.dir/src.c.o  -o cmTC_9e338 
/usr/bin/ld: CMakeFiles/cmTC_9e338.dir/src.c.o: in function `main':
src.c:(.text+0x46): undefined reference to `pthread_create'
/usr/bin/ld: src.c:(.text+0x52): undefined reference to `pthread_detach'
/usr/bin/ld: src.c:(.text+0x63): undefined reference to `pthread_join'
collect2: error: ld returned 1 exit status
make[1]: *** [CMakeFiles/cmTC_9e338.dir/build.make:87：cmTC_9e338] 错误 1
make[1]: 离开目录“/home/rm/catkin_livox_ros_driver2/src/NEXTE_Sentry_Nav/build/CMakeFiles/CMakeTmp”
make: *** [Makefile:121：cmTC_9e338/fast] 错误 2


Source file was:
#include <pthread.h>

void* test_func(void* data)
{
  return data;
}

int main(void)
{
  pthread_t thread;
  pthread_create(&thread, NULL, test_func, NULL);
  pthread_detach(thread);
  pthread_join(thread, NULL);
  pthread_atfork(NULL, NULL, NULL);
  pthread_exit(NULL);

  return 0;
}

Determining if the function pthread_create exists in the pthreads failed with the following output:
Change Dir: /home/rm/catkin_livox_ros_driver2/src/NEXTE_Sentry_Nav/build/CMakeFiles/CMakeTmp

Run Build Command(s):/usr/bin/make cmTC_0d12e/fast && /usr/bin/make -f CMakeFiles/cmTC_0d12e.dir/build.make CMakeFiles/cmTC_0d12e.dir/build
make[1]: 进入目录“/home/rm/catkin_livox_ros_driver2/src/NEXTE_Sentry_Nav/build/CMakeFiles/CMakeTmp”
Building C object CMakeFiles/cmTC_0d12e.dir/CheckFunctionExists.c.o
/usr/bin/cc   -DCHECK_FUNCTION_EXISTS=pthread_create   -o CMakeFiles/cmTC_0d12e.dir/CheckFunctionExists.c.o   -c /usr/share/cmake-3.16/Modules/CheckFunctionExists.c
Linking C executable cmTC_0d12e
/usr/bin/cmake -E cmake_link_script CMakeFiles/cmTC_0d12e.dir/link.txt --verbose=1
/usr/bin/cc  -DCHECK_FUNCTION_EXISTS=pthread_create    -rdynamic CMakeFiles/cmTC_0d12e.dir/CheckFunctionExists.c.o  -o cmTC_0d12e  -lpthreads 
/usr/bin/ld: 找不到 -lpthreads
collect2: error: ld returned 1 exit status
make[1]: *** [CMakeFiles/cmTC_0d12e.dir/build.make:87：cmTC_0d12e] 错误 1
make[1]: 离开目录“/home/rm/catkin_livox_ros_driver2/src/NEXTE_Sentry_Nav/build/CMakeFiles/CMakeTmp”
make: *** [Makefile:121：cmTC_0d12e/fast] 错误 2



Performing C SOURCE FILE Test CMAKE_HAVE_LIBC_PTHREAD failed with the following output:
Change Dir: /home/rm/catkin_livox_ros_driver2/src/NEXTE_Sentry_Nav/build/CMakeFiles/CMakeTmp

Run Build Command(s):/usr/bin/make cmTC_5fbb9/fast && /usr/bin/make -f CMakeFiles/cmTC_5fbb9.dir/build.make CMakeFiles/cmTC_5fbb9.dir/build
make[1]: 进入目录“/home/rm/catkin_livox_ros_driver2/src/NEXTE_Sentry_Nav/build/CMakeFiles/CMakeTmp”
Building C object CMakeFiles/cmTC_5fbb9.dir/src.c.o
/usr/bin/cc   -DCMAKE_HAVE_LIBC_PTHREAD   -o CMakeFiles/cmTC_5fbb9.dir/src.c.o   -c /home/rm/catkin_livox_ros_driver2/src/NEXTE_Sentry_Nav/build/CMakeFiles/CMakeTmp/src.c
Linking C executable cmTC_5fbb9
/usr/bin/cmake -E cmake_link_script CMakeFiles/cmTC_5fbb9.dir/link.txt --verbose=1
/usr/bin/cc  -DCMAKE_HAVE_LIBC_PTHREAD    -rdynamic CMakeFiles/cmTC_5fbb9.dir/src.c.o  -o cmTC_5fbb9 
/usr/bin/ld: CMakeFiles/cmTC_5fbb9.dir/src.c.o: in function `main':
src.c:(.text+0x46): undefined reference to `pthread_create'
/usr/bin/ld: src.c:(.text+0x52): undefined reference to `pthread_detach'
/usr/bin/ld: src.c:(.text+0x63): undefined reference to `pthread_join'
collect2: error: ld returned 1 exit status
make[1]: *** [CMakeFiles/cmTC_5fbb9.dir/build.make:87：cmTC_5fbb9] 错误 1
make[1]: 离开目录“/home/rm/catkin_livox_ros_driver2/src/NEXTE_Sentry_Nav/build/CMakeFiles/CMakeTmp”
make: *** [Makefile:121：cmTC_5fbb9/fast] 错误 2


Source file was:
#include <pthread.h>

void* test_func(void* data)
{
  return data;
}

int main(void)
{
  pthread_t thread;
  pthread_create(&thread, NULL, test_func, NULL);
  pthread_detach(thread);
  pthread_join(thread, NULL);
  pthread_atfork(NULL, NULL, NULL);
  pthread_exit(NULL);

  return 0;
}

Determining if the function pthread_create exists in the pthreads failed with the following output:
Change Dir: /home/rm/catkin_livox_ros_driver2/src/NEXTE_Sentry_Nav/build/CMakeFiles/CMakeTmp

Run Build Command(s):/usr/bin/make cmTC_cbbd7/fast && /usr/bin/make -f CMakeFiles/cmTC_cbbd7.dir/build.make CMakeFiles/cmTC_cbbd7.dir/build
make[1]: 进入目录“/home/rm/catkin_livox_ros_driver2/src/NEXTE_Sentry_Nav/build/CMakeFiles/CMakeTmp”
Building C object CMakeFiles/cmTC_cbbd7.dir/CheckFunctionExists.c.o
/usr/bin/cc   -DCHECK_FUNCTION_EXISTS=pthread_create   -o CMakeFiles/cmTC_cbbd7.dir/CheckFunctionExists.c.o   -c /usr/share/cmake-3.16/Modules/CheckFunctionExists.c
Linking C executable cmTC_cbbd7
/usr/bin/cmake -E cmake_link_script CMakeFiles/cmTC_cbbd7.dir/link.txt --verbose=1
/usr/bin/cc  -DCHECK_FUNCTION_EXISTS=pthread_create    -rdynamic CMakeFiles/cmTC_cbbd7.dir/CheckFunctionExists.c.o  -o cmTC_cbbd7  -lpthreads 
/usr/bin/ld: 找不到 -lpthreads
collect2: error: ld returned 1 exit status
make[1]: *** [CMakeFiles/cmTC_cbbd7.dir/build.make:87：cmTC_cbbd7] 错误 1
make[1]: 离开目录“/home/rm/catkin_livox_ros_driver2/src/NEXTE_Sentry_Nav/build/CMakeFiles/CMakeTmp”
make: *** [Makefile:121：cmTC_cbbd7/fast] 错误 2



Performing C SOURCE FILE Test CMAKE_HAVE_LIBC_PTHREAD failed with the following output:
Change Dir: /home/rm/catkin_livox_ros_driver2/src/NEXTE_Sentry_Nav/build/CMakeFiles/CMakeTmp

Run Build Command(s):/usr/bin/make cmTC_bac2f/fast && /usr/bin/make -f CMakeFiles/cmTC_bac2f.dir/build.make CMakeFiles/cmTC_bac2f.dir/build
make[1]: 进入目录“/home/rm/catkin_livox_ros_driver2/src/NEXTE_Sentry_Nav/build/CMakeFiles/CMakeTmp”
Building C object CMakeFiles/cmTC_bac2f.dir/src.c.o
/usr/bin/cc   -DCMAKE_HAVE_LIBC_PTHREAD   -o CMakeFiles/cmTC_bac2f.dir/src.c.o   -c /home/rm/catkin_livox_ros_driver2/src/NEXTE_Sentry_Nav/build/CMakeFiles/CMakeTmp/src.c
Linking C executable cmTC_bac2f
/usr/bin/cmake -E cmake_link_script CMakeFiles/cmTC_bac2f.dir/link.txt --verbose=1
/usr/bin/cc  -DCMAKE_HAVE_LIBC_PTHREAD    -rdynamic CMakeFiles/cmTC_bac2f.dir/src.c.o  -o cmTC_bac2f 
/usr/bin/ld: CMakeFiles/cmTC_bac2f.dir/src.c.o: in function `main':
src.c:(.text+0x46): undefined reference to `pthread_create'
/usr/bin/ld: src.c:(.text+0x52): undefined reference to `pthread_detach'
/usr/bin/ld: src.c:(.text+0x63): undefined reference to `pthread_join'
collect2: error: ld returned 1 exit status
make[1]: *** [CMakeFiles/cmTC_bac2f.dir/build.make:87：cmTC_bac2f] 错误 1
make[1]: 离开目录“/home/rm/catkin_livox_ros_driver2/src/NEXTE_Sentry_Nav/build/CMakeFiles/CMakeTmp”
make: *** [Makefile:121：cmTC_bac2f/fast] 错误 2


Source file was:
#include <pthread.h>

void* test_func(void* data)
{
  return data;
}

int main(void)
{
  pthread_t thread;
  pthread_create(&thread, NULL, test_func, NULL);
  pthread_detach(thread);
  pthread_join(thread, NULL);
  pthread_atfork(NULL, NULL, NULL);
  pthread_exit(NULL);

  return 0;
}

Determining if the function pthread_create exists in the pthreads failed with the following output:
Change Dir: /home/rm/catkin_livox_ros_driver2/src/NEXTE_Sentry_Nav/build/CMakeFiles/CMakeTmp

Run Build Command(s):/usr/bin/make cmTC_0f8a0/fast && /usr/bin/make -f CMakeFiles/cmTC_0f8a0.dir/build.make CMakeFiles/cmTC_0f8a0.dir/build
make[1]: 进入目录“/home/rm/catkin_livox_ros_driver2/src/NEXTE_Sentry_Nav/build/CMakeFiles/CMakeTmp”
Building C object CMakeFiles/cmTC_0f8a0.dir/CheckFunctionExists.c.o
/usr/bin/cc   -DCHECK_FUNCTION_EXISTS=pthread_create   -o CMakeFiles/cmTC_0f8a0.dir/CheckFunctionExists.c.o   -c /usr/share/cmake-3.16/Modules/CheckFunctionExists.c
Linking C executable cmTC_0f8a0
/usr/bin/cmake -E cmake_link_script CMakeFiles/cmTC_0f8a0.dir/link.txt --verbose=1
/usr/bin/cc  -DCHECK_FUNCTION_EXISTS=pthread_create    -rdynamic CMakeFiles/cmTC_0f8a0.dir/CheckFunctionExists.c.o  -o cmTC_0f8a0  -lpthreads 
/usr/bin/ld: 找不到 -lpthreads
collect2: error: ld returned 1 exit status
make[1]: *** [CMakeFiles/cmTC_0f8a0.dir/build.make:87：cmTC_0f8a0] 错误 1
make[1]: 离开目录“/home/rm/catkin_livox_ros_driver2/src/NEXTE_Sentry_Nav/build/CMakeFiles/CMakeTmp”
make: *** [Makefile:121：cmTC_0f8a0/fast] 错误 2



Performing C SOURCE FILE Test CMAKE_HAVE_LIBC_PTHREAD failed with the following output:
Change Dir: /home/rm/catkin_livox_ros_driver2/src/NEXTE_Sentry_Nav/build/CMakeFiles/CMakeTmp

Run Build Command(s):/usr/bin/make cmTC_c4583/fast && /usr/bin/make -f CMakeFiles/cmTC_c4583.dir/build.make CMakeFiles/cmTC_c4583.dir/build
make[1]: 进入目录“/home/rm/catkin_livox_ros_driver2/src/NEXTE_Sentry_Nav/build/CMakeFiles/CMakeTmp”
Building C object CMakeFiles/cmTC_c4583.dir/src.c.o
/usr/bin/cc   -DCMAKE_HAVE_LIBC_PTHREAD   -o CMakeFiles/cmTC_c4583.dir/src.c.o   -c /home/rm/catkin_livox_ros_driver2/src/NEXTE_Sentry_Nav/build/CMakeFiles/CMakeTmp/src.c
Linking C executable cmTC_c4583
/usr/bin/cmake -E cmake_link_script CMakeFiles/cmTC_c4583.dir/link.txt --verbose=1
/usr/bin/cc  -DCMAKE_HAVE_LIBC_PTHREAD    -rdynamic CMakeFiles/cmTC_c4583.dir/src.c.o  -o cmTC_c4583 
/usr/bin/ld: CMakeFiles/cmTC_c4583.dir/src.c.o: in function `main':
src.c:(.text+0x46): undefined reference to `pthread_create'
/usr/bin/ld: src.c:(.text+0x52): undefined reference to `pthread_detach'
/usr/bin/ld: src.c:(.text+0x63): undefined reference to `pthread_join'
collect2: error: ld returned 1 exit status
make[1]: *** [CMakeFiles/cmTC_c4583.dir/build.make:87：cmTC_c4583] 错误 1
make[1]: 离开目录“/home/rm/catkin_livox_ros_driver2/src/NEXTE_Sentry_Nav/build/CMakeFiles/CMakeTmp”
make: *** [Makefile:121：cmTC_c4583/fast] 错误 2


Source file was:
#include <pthread.h>

void* test_func(void* data)
{
  return data;
}

int main(void)
{
  pthread_t thread;
  pthread_create(&thread, NULL, test_func, NULL);
  pthread_detach(thread);
  pthread_join(thread, NULL);
  pthread_atfork(NULL, NULL, NULL);
  pthread_exit(NULL);

  return 0;
}

Determining if the function pthread_create exists in the pthreads failed with the following output:
Change Dir: /home/rm/catkin_livox_ros_driver2/src/NEXTE_Sentry_Nav/build/CMakeFiles/CMakeTmp

Run Build Command(s):/usr/bin/make cmTC_5c10d/fast && /usr/bin/make -f CMakeFiles/cmTC_5c10d.dir/build.make CMakeFiles/cmTC_5c10d.dir/build
make[1]: 进入目录“/home/rm/catkin_livox_ros_driver2/src/NEXTE_Sentry_Nav/build/CMakeFiles/CMakeTmp”
Building C object CMakeFiles/cmTC_5c10d.dir/CheckFunctionExists.c.o
/usr/bin/cc   -DCHECK_FUNCTION_EXISTS=pthread_create   -o CMakeFiles/cmTC_5c10d.dir/CheckFunctionExists.c.o   -c /usr/share/cmake-3.16/Modules/CheckFunctionExists.c
Linking C executable cmTC_5c10d
/usr/bin/cmake -E cmake_link_script CMakeFiles/cmTC_5c10d.dir/link.txt --verbose=1
/usr/bin/cc  -DCHECK_FUNCTION_EXISTS=pthread_create    -rdynamic CMakeFiles/cmTC_5c10d.dir/CheckFunctionExists.c.o  -o cmTC_5c10d  -lpthreads 
/usr/bin/ld: 找不到 -lpthreads
collect2: error: ld returned 1 exit status
make[1]: *** [CMakeFiles/cmTC_5c10d.dir/build.make:87：cmTC_5c10d] 错误 1
make[1]: 离开目录“/home/rm/catkin_livox_ros_driver2/src/NEXTE_Sentry_Nav/build/CMakeFiles/CMakeTmp”
make: *** [Makefile:121：cmTC_5c10d/fast] 错误 2



Performing C SOURCE FILE Test CMAKE_HAVE_LIBC_PTHREAD failed with the following output:
Change Dir: /home/rm/catkin_livox_ros_driver2/src/NEXTE_Sentry_Nav/build/CMakeFiles/CMakeTmp

Run Build Command(s):/usr/bin/make cmTC_93513/fast && /usr/bin/make -f CMakeFiles/cmTC_93513.dir/build.make CMakeFiles/cmTC_93513.dir/build
make[1]: 进入目录“/home/rm/catkin_livox_ros_driver2/src/NEXTE_Sentry_Nav/build/CMakeFiles/CMakeTmp”
Building C object CMakeFiles/cmTC_93513.dir/src.c.o
/usr/bin/cc   -DCMAKE_HAVE_LIBC_PTHREAD   -o CMakeFiles/cmTC_93513.dir/src.c.o   -c /home/rm/catkin_livox_ros_driver2/src/NEXTE_Sentry_Nav/build/CMakeFiles/CMakeTmp/src.c
Linking C executable cmTC_93513
/usr/bin/cmake -E cmake_link_script CMakeFiles/cmTC_93513.dir/link.txt --verbose=1
/usr/bin/cc  -DCMAKE_HAVE_LIBC_PTHREAD    -rdynamic CMakeFiles/cmTC_93513.dir/src.c.o  -o cmTC_93513 
/usr/bin/ld: CMakeFiles/cmTC_93513.dir/src.c.o: in function `main':
src.c:(.text+0x46): undefined reference to `pthread_create'
/usr/bin/ld: src.c:(.text+0x52): undefined reference to `pthread_detach'
/usr/bin/ld: src.c:(.text+0x63): undefined reference to `pthread_join'
collect2: error: ld returned 1 exit status
make[1]: *** [CMakeFiles/cmTC_93513.dir/build.make:87：cmTC_93513] 错误 1
make[1]: 离开目录“/home/rm/catkin_livox_ros_driver2/src/NEXTE_Sentry_Nav/build/CMakeFiles/CMakeTmp”
make: *** [Makefile:121：cmTC_93513/fast] 错误 2


Source file was:
#include <pthread.h>

void* test_func(void* data)
{
  return data;
}

int main(void)
{
  pthread_t thread;
  pthread_create(&thread, NULL, test_func, NULL);
  pthread_detach(thread);
  pthread_join(thread, NULL);
  pthread_atfork(NULL, NULL, NULL);
  pthread_exit(NULL);

  return 0;
}

Determining if the function pthread_create exists in the pthreads failed with the following output:
Change Dir: /home/rm/catkin_livox_ros_driver2/src/NEXTE_Sentry_Nav/build/CMakeFiles/CMakeTmp

Run Build Command(s):/usr/bin/make cmTC_f69d1/fast && /usr/bin/make -f CMakeFiles/cmTC_f69d1.dir/build.make CMakeFiles/cmTC_f69d1.dir/build
make[1]: 进入目录“/home/rm/catkin_livox_ros_driver2/src/NEXTE_Sentry_Nav/build/CMakeFiles/CMakeTmp”
Building C object CMakeFiles/cmTC_f69d1.dir/CheckFunctionExists.c.o
/usr/bin/cc   -DCHECK_FUNCTION_EXISTS=pthread_create   -o CMakeFiles/cmTC_f69d1.dir/CheckFunctionExists.c.o   -c /usr/share/cmake-3.16/Modules/CheckFunctionExists.c
Linking C executable cmTC_f69d1
/usr/bin/cmake -E cmake_link_script CMakeFiles/cmTC_f69d1.dir/link.txt --verbose=1
/usr/bin/cc  -DCHECK_FUNCTION_EXISTS=pthread_create    -rdynamic CMakeFiles/cmTC_f69d1.dir/CheckFunctionExists.c.o  -o cmTC_f69d1  -lpthreads 
/usr/bin/ld: 找不到 -lpthreads
collect2: error: ld returned 1 exit status
make[1]: *** [CMakeFiles/cmTC_f69d1.dir/build.make:87：cmTC_f69d1] 错误 1
make[1]: 离开目录“/home/rm/catkin_livox_ros_driver2/src/NEXTE_Sentry_Nav/build/CMakeFiles/CMakeTmp”
make: *** [Makefile:121：cmTC_f69d1/fast] 错误 2



Performing C SOURCE FILE Test CMAKE_HAVE_LIBC_PTHREAD failed with the following output:
Change Dir: /home/rm/catkin_livox_ros_driver2/src/NEXTE_Sentry_Nav/build/CMakeFiles/CMakeTmp

Run Build Command(s):/usr/bin/make cmTC_5bd15/fast && /usr/bin/make -f CMakeFiles/cmTC_5bd15.dir/build.make CMakeFiles/cmTC_5bd15.dir/build
make[1]: 进入目录“/home/rm/catkin_livox_ros_driver2/src/NEXTE_Sentry_Nav/build/CMakeFiles/CMakeTmp”
Building C object CMakeFiles/cmTC_5bd15.dir/src.c.o
/usr/bin/cc   -DCMAKE_HAVE_LIBC_PTHREAD   -o CMakeFiles/cmTC_5bd15.dir/src.c.o   -c /home/rm/catkin_livox_ros_driver2/src/NEXTE_Sentry_Nav/build/CMakeFiles/CMakeTmp/src.c
Linking C executable cmTC_5bd15
/usr/bin/cmake -E cmake_link_script CMakeFiles/cmTC_5bd15.dir/link.txt --verbose=1
/usr/bin/cc  -DCMAKE_HAVE_LIBC_PTHREAD    -rdynamic CMakeFiles/cmTC_5bd15.dir/src.c.o  -o cmTC_5bd15 
/usr/bin/ld: CMakeFiles/cmTC_5bd15.dir/src.c.o: in function `main':
src.c:(.text+0x46): undefined reference to `pthread_create'
/usr/bin/ld: src.c:(.text+0x52): undefined reference to `pthread_detach'
/usr/bin/ld: src.c:(.text+0x63): undefined reference to `pthread_join'
collect2: error: ld returned 1 exit status
make[1]: *** [CMakeFiles/cmTC_5bd15.dir/build.make:87：cmTC_5bd15] 错误 1
make[1]: 离开目录“/home/rm/catkin_livox_ros_driver2/src/NEXTE_Sentry_Nav/build/CMakeFiles/CMakeTmp”
make: *** [Makefile:121：cmTC_5bd15/fast] 错误 2


Source file was:
#include <pthread.h>

void* test_func(void* data)
{
  return data;
}

int main(void)
{
  pthread_t thread;
  pthread_create(&thread, NULL, test_func, NULL);
  pthread_detach(thread);
  pthread_join(thread, NULL);
  pthread_atfork(NULL, NULL, NULL);
  pthread_exit(NULL);

  return 0;
}

Determining if the function pthread_create exists in the pthreads failed with the following output:
Change Dir: /home/rm/catkin_livox_ros_driver2/src/NEXTE_Sentry_Nav/build/CMakeFiles/CMakeTmp

Run Build Command(s):/usr/bin/make cmTC_ff5ab/fast && /usr/bin/make -f CMakeFiles/cmTC_ff5ab.dir/build.make CMakeFiles/cmTC_ff5ab.dir/build
make[1]: 进入目录“/home/rm/catkin_livox_ros_driver2/src/NEXTE_Sentry_Nav/build/CMakeFiles/CMakeTmp”
Building C object CMakeFiles/cmTC_ff5ab.dir/CheckFunctionExists.c.o
/usr/bin/cc   -DCHECK_FUNCTION_EXISTS=pthread_create   -o CMakeFiles/cmTC_ff5ab.dir/CheckFunctionExists.c.o   -c /usr/share/cmake-3.16/Modules/CheckFunctionExists.c
Linking C executable cmTC_ff5ab
/usr/bin/cmake -E cmake_link_script CMakeFiles/cmTC_ff5ab.dir/link.txt --verbose=1
/usr/bin/cc  -DCHECK_FUNCTION_EXISTS=pthread_create    -rdynamic CMakeFiles/cmTC_ff5ab.dir/CheckFunctionExists.c.o  -o cmTC_ff5ab  -lpthreads 
/usr/bin/ld: 找不到 -lpthreads
collect2: error: ld returned 1 exit status
make[1]: *** [CMakeFiles/cmTC_ff5ab.dir/build.make:87：cmTC_ff5ab] 错误 1
make[1]: 离开目录“/home/rm/catkin_livox_ros_driver2/src/NEXTE_Sentry_Nav/build/CMakeFiles/CMakeTmp”
make: *** [Makefile:121：cmTC_ff5ab/fast] 错误 2



Performing C SOURCE FILE Test CMAKE_HAVE_LIBC_PTHREAD failed with the following output:
Change Dir: /home/rm/catkin_livox_ros_driver2/src/NEXTE_Sentry_Nav/build/CMakeFiles/CMakeTmp

Run Build Command(s):/usr/bin/make cmTC_0cf54/fast && /usr/bin/make -f CMakeFiles/cmTC_0cf54.dir/build.make CMakeFiles/cmTC_0cf54.dir/build
make[1]: 进入目录“/home/rm/catkin_livox_ros_driver2/src/NEXTE_Sentry_Nav/build/CMakeFiles/CMakeTmp”
Building C object CMakeFiles/cmTC_0cf54.dir/src.c.o
/usr/bin/cc   -DCMAKE_HAVE_LIBC_PTHREAD   -o CMakeFiles/cmTC_0cf54.dir/src.c.o   -c /home/rm/catkin_livox_ros_driver2/src/NEXTE_Sentry_Nav/build/CMakeFiles/CMakeTmp/src.c
Linking C executable cmTC_0cf54
/usr/bin/cmake -E cmake_link_script CMakeFiles/cmTC_0cf54.dir/link.txt --verbose=1
/usr/bin/cc  -DCMAKE_HAVE_LIBC_PTHREAD    -rdynamic CMakeFiles/cmTC_0cf54.dir/src.c.o  -o cmTC_0cf54 
/usr/bin/ld: CMakeFiles/cmTC_0cf54.dir/src.c.o: in function `main':
src.c:(.text+0x46): undefined reference to `pthread_create'
/usr/bin/ld: src.c:(.text+0x52): undefined reference to `pthread_detach'
/usr/bin/ld: src.c:(.text+0x63): undefined reference to `pthread_join'
collect2: error: ld returned 1 exit status
make[1]: *** [CMakeFiles/cmTC_0cf54.dir/build.make:87：cmTC_0cf54] 错误 1
make[1]: 离开目录“/home/rm/catkin_livox_ros_driver2/src/NEXTE_Sentry_Nav/build/CMakeFiles/CMakeTmp”
make: *** [Makefile:121：cmTC_0cf54/fast] 错误 2


Source file was:
#include <pthread.h>

void* test_func(void* data)
{
  return data;
}

int main(void)
{
  pthread_t thread;
  pthread_create(&thread, NULL, test_func, NULL);
  pthread_detach(thread);
  pthread_join(thread, NULL);
  pthread_atfork(NULL, NULL, NULL);
  pthread_exit(NULL);

  return 0;
}

Determining if the function pthread_create exists in the pthreads failed with the following output:
Change Dir: /home/rm/catkin_livox_ros_driver2/src/NEXTE_Sentry_Nav/build/CMakeFiles/CMakeTmp

Run Build Command(s):/usr/bin/make cmTC_4867e/fast && /usr/bin/make -f CMakeFiles/cmTC_4867e.dir/build.make CMakeFiles/cmTC_4867e.dir/build
make[1]: 进入目录“/home/rm/catkin_livox_ros_driver2/src/NEXTE_Sentry_Nav/build/CMakeFiles/CMakeTmp”
Building C object CMakeFiles/cmTC_4867e.dir/CheckFunctionExists.c.o
/usr/bin/cc   -DCHECK_FUNCTION_EXISTS=pthread_create   -o CMakeFiles/cmTC_4867e.dir/CheckFunctionExists.c.o   -c /usr/share/cmake-3.16/Modules/CheckFunctionExists.c
Linking C executable cmTC_4867e
/usr/bin/cmake -E cmake_link_script CMakeFiles/cmTC_4867e.dir/link.txt --verbose=1
/usr/bin/cc  -DCHECK_FUNCTION_EXISTS=pthread_create    -rdynamic CMakeFiles/cmTC_4867e.dir/CheckFunctionExists.c.o  -o cmTC_4867e  -lpthreads 
/usr/bin/ld: 找不到 -lpthreads
collect2: error: ld returned 1 exit status
make[1]: *** [CMakeFiles/cmTC_4867e.dir/build.make:87：cmTC_4867e] 错误 1
make[1]: 离开目录“/home/rm/catkin_livox_ros_driver2/src/NEXTE_Sentry_Nav/build/CMakeFiles/CMakeTmp”
make: *** [Makefile:121：cmTC_4867e/fast] 错误 2



Performing C SOURCE FILE Test CMAKE_HAVE_LIBC_PTHREAD failed with the following output:
Change Dir: /home/rm/catkin_livox_ros_driver2/src/NEXTE_Sentry_Nav/build/CMakeFiles/CMakeTmp

Run Build Command(s):/usr/bin/make cmTC_14cef/fast && /usr/bin/make -f CMakeFiles/cmTC_14cef.dir/build.make CMakeFiles/cmTC_14cef.dir/build
make[1]: 进入目录“/home/rm/catkin_livox_ros_driver2/src/NEXTE_Sentry_Nav/build/CMakeFiles/CMakeTmp”
Building C object CMakeFiles/cmTC_14cef.dir/src.c.o
/usr/bin/cc   -DCMAKE_HAVE_LIBC_PTHREAD   -o CMakeFiles/cmTC_14cef.dir/src.c.o   -c /home/rm/catkin_livox_ros_driver2/src/NEXTE_Sentry_Nav/build/CMakeFiles/CMakeTmp/src.c
Linking C executable cmTC_14cef
/usr/bin/cmake -E cmake_link_script CMakeFiles/cmTC_14cef.dir/link.txt --verbose=1
/usr/bin/cc  -DCMAKE_HAVE_LIBC_PTHREAD    -rdynamic CMakeFiles/cmTC_14cef.dir/src.c.o  -o cmTC_14cef 
/usr/bin/ld: CMakeFiles/cmTC_14cef.dir/src.c.o: in function `main':
src.c:(.text+0x46): undefined reference to `pthread_create'
/usr/bin/ld: src.c:(.text+0x52): undefined reference to `pthread_detach'
/usr/bin/ld: src.c:(.text+0x63): undefined reference to `pthread_join'
collect2: error: ld returned 1 exit status
make[1]: *** [CMakeFiles/cmTC_14cef.dir/build.make:87：cmTC_14cef] 错误 1
make[1]: 离开目录“/home/rm/catkin_livox_ros_driver2/src/NEXTE_Sentry_Nav/build/CMakeFiles/CMakeTmp”
make: *** [Makefile:121：cmTC_14cef/fast] 错误 2


Source file was:
#include <pthread.h>

void* test_func(void* data)
{
  return data;
}

int main(void)
{
  pthread_t thread;
  pthread_create(&thread, NULL, test_func, NULL);
  pthread_detach(thread);
  pthread_join(thread, NULL);
  pthread_atfork(NULL, NULL, NULL);
  pthread_exit(NULL);

  return 0;
}

Determining if the function pthread_create exists in the pthreads failed with the following output:
Change Dir: /home/rm/catkin_livox_ros_driver2/src/NEXTE_Sentry_Nav/build/CMakeFiles/CMakeTmp

Run Build Command(s):/usr/bin/make cmTC_fed58/fast && /usr/bin/make -f CMakeFiles/cmTC_fed58.dir/build.make CMakeFiles/cmTC_fed58.dir/build
make[1]: 进入目录“/home/rm/catkin_livox_ros_driver2/src/NEXTE_Sentry_Nav/build/CMakeFiles/CMakeTmp”
Building C object CMakeFiles/cmTC_fed58.dir/CheckFunctionExists.c.o
/usr/bin/cc   -DCHECK_FUNCTION_EXISTS=pthread_create   -o CMakeFiles/cmTC_fed58.dir/CheckFunctionExists.c.o   -c /usr/share/cmake-3.16/Modules/CheckFunctionExists.c
Linking C executable cmTC_fed58
/usr/bin/cmake -E cmake_link_script CMakeFiles/cmTC_fed58.dir/link.txt --verbose=1
/usr/bin/cc  -DCHECK_FUNCTION_EXISTS=pthread_create    -rdynamic CMakeFiles/cmTC_fed58.dir/CheckFunctionExists.c.o  -o cmTC_fed58  -lpthreads 
/usr/bin/ld: 找不到 -lpthreads
collect2: error: ld returned 1 exit status
make[1]: *** [CMakeFiles/cmTC_fed58.dir/build.make:87：cmTC_fed58] 错误 1
make[1]: 离开目录“/home/rm/catkin_livox_ros_driver2/src/NEXTE_Sentry_Nav/build/CMakeFiles/CMakeTmp”
make: *** [Makefile:121：cmTC_fed58/fast] 错误 2



Performing C SOURCE FILE Test CMAKE_HAVE_LIBC_PTHREAD failed with the following output:
Change Dir: /home/rm/catkin_livox_ros_driver2/src/NEXTE_Sentry_Nav/build/CMakeFiles/CMakeTmp

Run Build Command(s):/usr/bin/make cmTC_cf8c2/fast && /usr/bin/make -f CMakeFiles/cmTC_cf8c2.dir/build.make CMakeFiles/cmTC_cf8c2.dir/build
make[1]: 进入目录“/home/rm/catkin_livox_ros_driver2/src/NEXTE_Sentry_Nav/build/CMakeFiles/CMakeTmp”
Building C object CMakeFiles/cmTC_cf8c2.dir/src.c.o
/usr/bin/cc   -DCMAKE_HAVE_LIBC_PTHREAD   -o CMakeFiles/cmTC_cf8c2.dir/src.c.o   -c /home/rm/catkin_livox_ros_driver2/src/NEXTE_Sentry_Nav/build/CMakeFiles/CMakeTmp/src.c
Linking C executable cmTC_cf8c2
/usr/bin/cmake -E cmake_link_script CMakeFiles/cmTC_cf8c2.dir/link.txt --verbose=1
/usr/bin/cc  -DCMAKE_HAVE_LIBC_PTHREAD    -rdynamic CMakeFiles/cmTC_cf8c2.dir/src.c.o  -o cmTC_cf8c2 
/usr/bin/ld: CMakeFiles/cmTC_cf8c2.dir/src.c.o: in function `main':
src.c:(.text+0x46): undefined reference to `pthread_create'
/usr/bin/ld: src.c:(.text+0x52): undefined reference to `pthread_detach'
/usr/bin/ld: src.c:(.text+0x63): undefined reference to `pthread_join'
collect2: error: ld returned 1 exit status
make[1]: *** [CMakeFiles/cmTC_cf8c2.dir/build.make:87：cmTC_cf8c2] 错误 1
make[1]: 离开目录“/home/rm/catkin_livox_ros_driver2/src/NEXTE_Sentry_Nav/build/CMakeFiles/CMakeTmp”
make: *** [Makefile:121：cmTC_cf8c2/fast] 错误 2


Source file was:
#include <pthread.h>

void* test_func(void* data)
{
  return data;
}

int main(void)
{
  pthread_t thread;
  pthread_create(&thread, NULL, test_func, NULL);
  pthread_detach(thread);
  pthread_join(thread, NULL);
  pthread_atfork(NULL, NULL, NULL);
  pthread_exit(NULL);

  return 0;
}

Determining if the function pthread_create exists in the pthreads failed with the following output:
Change Dir: /home/rm/catkin_livox_ros_driver2/src/NEXTE_Sentry_Nav/build/CMakeFiles/CMakeTmp

Run Build Command(s):/usr/bin/make cmTC_95a3c/fast && /usr/bin/make -f CMakeFiles/cmTC_95a3c.dir/build.make CMakeFiles/cmTC_95a3c.dir/build
make[1]: 进入目录“/home/rm/catkin_livox_ros_driver2/src/NEXTE_Sentry_Nav/build/CMakeFiles/CMakeTmp”
Building C object CMakeFiles/cmTC_95a3c.dir/CheckFunctionExists.c.o
/usr/bin/cc   -DCHECK_FUNCTION_EXISTS=pthread_create   -o CMakeFiles/cmTC_95a3c.dir/CheckFunctionExists.c.o   -c /usr/share/cmake-3.16/Modules/CheckFunctionExists.c
Linking C executable cmTC_95a3c
/usr/bin/cmake -E cmake_link_script CMakeFiles/cmTC_95a3c.dir/link.txt --verbose=1
/usr/bin/cc  -DCHECK_FUNCTION_EXISTS=pthread_create    -rdynamic CMakeFiles/cmTC_95a3c.dir/CheckFunctionExists.c.o  -o cmTC_95a3c  -lpthreads 
/usr/bin/ld: 找不到 -lpthreads
collect2: error: ld returned 1 exit status
make[1]: *** [CMakeFiles/cmTC_95a3c.dir/build.make:87：cmTC_95a3c] 错误 1
make[1]: 离开目录“/home/rm/catkin_livox_ros_driver2/src/NEXTE_Sentry_Nav/build/CMakeFiles/CMakeTmp”
make: *** [Makefile:121：cmTC_95a3c/fast] 错误 2



Performing C SOURCE FILE Test CMAKE_HAVE_LIBC_PTHREAD failed with the following output:
Change Dir: /home/rm/catkin_livox_ros_driver2/src/NEXTE_Sentry_Nav/build/CMakeFiles/CMakeTmp

Run Build Command(s):/usr/bin/make cmTC_1f589/fast && /usr/bin/make -f CMakeFiles/cmTC_1f589.dir/build.make CMakeFiles/cmTC_1f589.dir/build
make[1]: 进入目录“/home/rm/catkin_livox_ros_driver2/src/NEXTE_Sentry_Nav/build/CMakeFiles/CMakeTmp”
Building C object CMakeFiles/cmTC_1f589.dir/src.c.o
/usr/bin/cc   -DCMAKE_HAVE_LIBC_PTHREAD   -o CMakeFiles/cmTC_1f589.dir/src.c.o   -c /home/rm/catkin_livox_ros_driver2/src/NEXTE_Sentry_Nav/build/CMakeFiles/CMakeTmp/src.c
Linking C executable cmTC_1f589
/usr/bin/cmake -E cmake_link_script CMakeFiles/cmTC_1f589.dir/link.txt --verbose=1
/usr/bin/cc  -DCMAKE_HAVE_LIBC_PTHREAD    -rdynamic CMakeFiles/cmTC_1f589.dir/src.c.o  -o cmTC_1f589 
/usr/bin/ld: CMakeFiles/cmTC_1f589.dir/src.c.o: in function `main':
src.c:(.text+0x46): undefined reference to `pthread_create'
/usr/bin/ld: src.c:(.text+0x52): undefined reference to `pthread_detach'
/usr/bin/ld: src.c:(.text+0x63): undefined reference to `pthread_join'
collect2: error: ld returned 1 exit status
make[1]: *** [CMakeFiles/cmTC_1f589.dir/build.make:87：cmTC_1f589] 错误 1
make[1]: 离开目录“/home/rm/catkin_livox_ros_driver2/src/NEXTE_Sentry_Nav/build/CMakeFiles/CMakeTmp”
make: *** [Makefile:121：cmTC_1f589/fast] 错误 2


Source file was:
#include <pthread.h>

void* test_func(void* data)
{
  return data;
}

int main(void)
{
  pthread_t thread;
  pthread_create(&thread, NULL, test_func, NULL);
  pthread_detach(thread);
  pthread_join(thread, NULL);
  pthread_atfork(NULL, NULL, NULL);
  pthread_exit(NULL);

  return 0;
}

Determining if the function pthread_create exists in the pthreads failed with the following output:
Change Dir: /home/rm/catkin_livox_ros_driver2/src/NEXTE_Sentry_Nav/build/CMakeFiles/CMakeTmp

Run Build Command(s):/usr/bin/make cmTC_85f17/fast && /usr/bin/make -f CMakeFiles/cmTC_85f17.dir/build.make CMakeFiles/cmTC_85f17.dir/build
make[1]: 进入目录“/home/rm/catkin_livox_ros_driver2/src/NEXTE_Sentry_Nav/build/CMakeFiles/CMakeTmp”
Building C object CMakeFiles/cmTC_85f17.dir/CheckFunctionExists.c.o
/usr/bin/cc   -DCHECK_FUNCTION_EXISTS=pthread_create   -o CMakeFiles/cmTC_85f17.dir/CheckFunctionExists.c.o   -c /usr/share/cmake-3.16/Modules/CheckFunctionExists.c
Linking C executable cmTC_85f17
/usr/bin/cmake -E cmake_link_script CMakeFiles/cmTC_85f17.dir/link.txt --verbose=1
/usr/bin/cc  -DCHECK_FUNCTION_EXISTS=pthread_create    -rdynamic CMakeFiles/cmTC_85f17.dir/CheckFunctionExists.c.o  -o cmTC_85f17  -lpthreads 
/usr/bin/ld: 找不到 -lpthreads
collect2: error: ld returned 1 exit status
make[1]: *** [CMakeFiles/cmTC_85f17.dir/build.make:87：cmTC_85f17] 错误 1
make[1]: 离开目录“/home/rm/catkin_livox_ros_driver2/src/NEXTE_Sentry_Nav/build/CMakeFiles/CMakeTmp”
make: *** [Makefile:121：cmTC_85f17/fast] 错误 2



Performing C SOURCE FILE Test CMAKE_HAVE_LIBC_PTHREAD failed with the following output:
Change Dir: /home/rm/catkin_livox_ros_driver2/src/NEXTE_Sentry_Nav/build/CMakeFiles/CMakeTmp

Run Build Command(s):/usr/bin/make cmTC_dce95/fast && /usr/bin/make -f CMakeFiles/cmTC_dce95.dir/build.make CMakeFiles/cmTC_dce95.dir/build
make[1]: 进入目录“/home/rm/catkin_livox_ros_driver2/src/NEXTE_Sentry_Nav/build/CMakeFiles/CMakeTmp”
Building C object CMakeFiles/cmTC_dce95.dir/src.c.o
/usr/bin/cc   -DCMAKE_HAVE_LIBC_PTHREAD   -o CMakeFiles/cmTC_dce95.dir/src.c.o   -c /home/rm/catkin_livox_ros_driver2/src/NEXTE_Sentry_Nav/build/CMakeFiles/CMakeTmp/src.c
Linking C executable cmTC_dce95
/usr/bin/cmake -E cmake_link_script CMakeFiles/cmTC_dce95.dir/link.txt --verbose=1
/usr/bin/cc  -DCMAKE_HAVE_LIBC_PTHREAD    -rdynamic CMakeFiles/cmTC_dce95.dir/src.c.o  -o cmTC_dce95 
/usr/bin/ld: CMakeFiles/cmTC_dce95.dir/src.c.o: in function `main':
src.c:(.text+0x46): undefined reference to `pthread_create'
/usr/bin/ld: src.c:(.text+0x52): undefined reference to `pthread_detach'
/usr/bin/ld: src.c:(.text+0x63): undefined reference to `pthread_join'
collect2: error: ld returned 1 exit status
make[1]: *** [CMakeFiles/cmTC_dce95.dir/build.make:87：cmTC_dce95] 错误 1
make[1]: 离开目录“/home/rm/catkin_livox_ros_driver2/src/NEXTE_Sentry_Nav/build/CMakeFiles/CMakeTmp”
make: *** [Makefile:121：cmTC_dce95/fast] 错误 2


Source file was:
#include <pthread.h>

void* test_func(void* data)
{
  return data;
}

int main(void)
{
  pthread_t thread;
  pthread_create(&thread, NULL, test_func, NULL);
  pthread_detach(thread);
  pthread_join(thread, NULL);
  pthread_atfork(NULL, NULL, NULL);
  pthread_exit(NULL);

  return 0;
}

Determining if the function pthread_create exists in the pthreads failed with the following output:
Change Dir: /home/rm/catkin_livox_ros_driver2/src/NEXTE_Sentry_Nav/build/CMakeFiles/CMakeTmp

Run Build Command(s):/usr/bin/make cmTC_7debb/fast && /usr/bin/make -f CMakeFiles/cmTC_7debb.dir/build.make CMakeFiles/cmTC_7debb.dir/build
make[1]: 进入目录“/home/rm/catkin_livox_ros_driver2/src/NEXTE_Sentry_Nav/build/CMakeFiles/CMakeTmp”
Building C object CMakeFiles/cmTC_7debb.dir/CheckFunctionExists.c.o
/usr/bin/cc   -DCHECK_FUNCTION_EXISTS=pthread_create   -o CMakeFiles/cmTC_7debb.dir/CheckFunctionExists.c.o   -c /usr/share/cmake-3.16/Modules/CheckFunctionExists.c
Linking C executable cmTC_7debb
/usr/bin/cmake -E cmake_link_script CMakeFiles/cmTC_7debb.dir/link.txt --verbose=1
/usr/bin/cc  -DCHECK_FUNCTION_EXISTS=pthread_create    -rdynamic CMakeFiles/cmTC_7debb.dir/CheckFunctionExists.c.o  -o cmTC_7debb  -lpthreads 
/usr/bin/ld: 找不到 -lpthreads
collect2: error: ld returned 1 exit status
make[1]: *** [CMakeFiles/cmTC_7debb.dir/build.make:87：cmTC_7debb] 错误 1
make[1]: 离开目录“/home/rm/catkin_livox_ros_driver2/src/NEXTE_Sentry_Nav/build/CMakeFiles/CMakeTmp”
make: *** [Makefile:121：cmTC_7debb/fast] 错误 2



Performing C SOURCE FILE Test CMAKE_HAVE_LIBC_PTHREAD failed with the following output:
Change Dir: /home/rm/catkin_livox_ros_driver2/src/NEXTE_Sentry_Nav/build/CMakeFiles/CMakeTmp

Run Build Command(s):/usr/bin/make cmTC_789d3/fast && /usr/bin/make -f CMakeFiles/cmTC_789d3.dir/build.make CMakeFiles/cmTC_789d3.dir/build
make[1]: 进入目录“/home/rm/catkin_livox_ros_driver2/src/NEXTE_Sentry_Nav/build/CMakeFiles/CMakeTmp”
Building C object CMakeFiles/cmTC_789d3.dir/src.c.o
/usr/bin/cc   -DCMAKE_HAVE_LIBC_PTHREAD   -o CMakeFiles/cmTC_789d3.dir/src.c.o   -c /home/rm/catkin_livox_ros_driver2/src/NEXTE_Sentry_Nav/build/CMakeFiles/CMakeTmp/src.c
Linking C executable cmTC_789d3
/usr/bin/cmake -E cmake_link_script CMakeFiles/cmTC_789d3.dir/link.txt --verbose=1
/usr/bin/cc  -DCMAKE_HAVE_LIBC_PTHREAD    -rdynamic CMakeFiles/cmTC_789d3.dir/src.c.o  -o cmTC_789d3 
/usr/bin/ld: CMakeFiles/cmTC_789d3.dir/src.c.o: in function `main':
src.c:(.text+0x46): undefined reference to `pthread_create'
/usr/bin/ld: src.c:(.text+0x52): undefined reference to `pthread_detach'
/usr/bin/ld: src.c:(.text+0x63): undefined reference to `pthread_join'
collect2: error: ld returned 1 exit status
make[1]: *** [CMakeFiles/cmTC_789d3.dir/build.make:87：cmTC_789d3] 错误 1
make[1]: 离开目录“/home/rm/catkin_livox_ros_driver2/src/NEXTE_Sentry_Nav/build/CMakeFiles/CMakeTmp”
make: *** [Makefile:121：cmTC_789d3/fast] 错误 2


Source file was:
#include <pthread.h>

void* test_func(void* data)
{
  return data;
}

int main(void)
{
  pthread_t thread;
  pthread_create(&thread, NULL, test_func, NULL);
  pthread_detach(thread);
  pthread_join(thread, NULL);
  pthread_atfork(NULL, NULL, NULL);
  pthread_exit(NULL);

  return 0;
}

Determining if the function pthread_create exists in the pthreads failed with the following output:
Change Dir: /home/rm/catkin_livox_ros_driver2/src/NEXTE_Sentry_Nav/build/CMakeFiles/CMakeTmp

Run Build Command(s):/usr/bin/make cmTC_3cd7c/fast && /usr/bin/make -f CMakeFiles/cmTC_3cd7c.dir/build.make CMakeFiles/cmTC_3cd7c.dir/build
make[1]: 进入目录“/home/rm/catkin_livox_ros_driver2/src/NEXTE_Sentry_Nav/build/CMakeFiles/CMakeTmp”
Building C object CMakeFiles/cmTC_3cd7c.dir/CheckFunctionExists.c.o
/usr/bin/cc   -DCHECK_FUNCTION_EXISTS=pthread_create   -o CMakeFiles/cmTC_3cd7c.dir/CheckFunctionExists.c.o   -c /usr/share/cmake-3.16/Modules/CheckFunctionExists.c
Linking C executable cmTC_3cd7c
/usr/bin/cmake -E cmake_link_script CMakeFiles/cmTC_3cd7c.dir/link.txt --verbose=1
/usr/bin/cc  -DCHECK_FUNCTION_EXISTS=pthread_create    -rdynamic CMakeFiles/cmTC_3cd7c.dir/CheckFunctionExists.c.o  -o cmTC_3cd7c  -lpthreads 
/usr/bin/ld: 找不到 -lpthreads
collect2: error: ld returned 1 exit status
make[1]: *** [CMakeFiles/cmTC_3cd7c.dir/build.make:87：cmTC_3cd7c] 错误 1
make[1]: 离开目录“/home/rm/catkin_livox_ros_driver2/src/NEXTE_Sentry_Nav/build/CMakeFiles/CMakeTmp”
make: *** [Makefile:121：cmTC_3cd7c/fast] 错误 2



Performing C SOURCE FILE Test CMAKE_HAVE_LIBC_PTHREAD failed with the following output:
Change Dir: /home/rm/catkin_livox_ros_driver2/src/NEXTE_Sentry_Nav/build/CMakeFiles/CMakeTmp

Run Build Command(s):/usr/bin/make cmTC_6bc6c/fast && /usr/bin/make -f CMakeFiles/cmTC_6bc6c.dir/build.make CMakeFiles/cmTC_6bc6c.dir/build
make[1]: 进入目录“/home/rm/catkin_livox_ros_driver2/src/NEXTE_Sentry_Nav/build/CMakeFiles/CMakeTmp”
Building C object CMakeFiles/cmTC_6bc6c.dir/src.c.o
/usr/bin/cc   -DCMAKE_HAVE_LIBC_PTHREAD   -o CMakeFiles/cmTC_6bc6c.dir/src.c.o   -c /home/rm/catkin_livox_ros_driver2/src/NEXTE_Sentry_Nav/build/CMakeFiles/CMakeTmp/src.c
Linking C executable cmTC_6bc6c
/usr/bin/cmake -E cmake_link_script CMakeFiles/cmTC_6bc6c.dir/link.txt --verbose=1
/usr/bin/cc  -DCMAKE_HAVE_LIBC_PTHREAD    -rdynamic CMakeFiles/cmTC_6bc6c.dir/src.c.o  -o cmTC_6bc6c 
/usr/bin/ld: CMakeFiles/cmTC_6bc6c.dir/src.c.o: in function `main':
src.c:(.text+0x46): undefined reference to `pthread_create'
/usr/bin/ld: src.c:(.text+0x52): undefined reference to `pthread_detach'
/usr/bin/ld: src.c:(.text+0x63): undefined reference to `pthread_join'
collect2: error: ld returned 1 exit status
make[1]: *** [CMakeFiles/cmTC_6bc6c.dir/build.make:87：cmTC_6bc6c] 错误 1
make[1]: 离开目录“/home/rm/catkin_livox_ros_driver2/src/NEXTE_Sentry_Nav/build/CMakeFiles/CMakeTmp”
make: *** [Makefile:121：cmTC_6bc6c/fast] 错误 2


Source file was:
#include <pthread.h>

void* test_func(void* data)
{
  return data;
}

int main(void)
{
  pthread_t thread;
  pthread_create(&thread, NULL, test_func, NULL);
  pthread_detach(thread);
  pthread_join(thread, NULL);
  pthread_atfork(NULL, NULL, NULL);
  pthread_exit(NULL);

  return 0;
}

Determining if the function pthread_create exists in the pthreads failed with the following output:
Change Dir: /home/rm/catkin_livox_ros_driver2/src/NEXTE_Sentry_Nav/build/CMakeFiles/CMakeTmp

Run Build Command(s):/usr/bin/make cmTC_e7076/fast && /usr/bin/make -f CMakeFiles/cmTC_e7076.dir/build.make CMakeFiles/cmTC_e7076.dir/build
make[1]: 进入目录“/home/rm/catkin_livox_ros_driver2/src/NEXTE_Sentry_Nav/build/CMakeFiles/CMakeTmp”
Building C object CMakeFiles/cmTC_e7076.dir/CheckFunctionExists.c.o
/usr/bin/cc   -DCHECK_FUNCTION_EXISTS=pthread_create   -o CMakeFiles/cmTC_e7076.dir/CheckFunctionExists.c.o   -c /usr/share/cmake-3.16/Modules/CheckFunctionExists.c
Linking C executable cmTC_e7076
/usr/bin/cmake -E cmake_link_script CMakeFiles/cmTC_e7076.dir/link.txt --verbose=1
/usr/bin/cc  -DCHECK_FUNCTION_EXISTS=pthread_create    -rdynamic CMakeFiles/cmTC_e7076.dir/CheckFunctionExists.c.o  -o cmTC_e7076  -lpthreads 
/usr/bin/ld: 找不到 -lpthreads
collect2: error: ld returned 1 exit status
make[1]: *** [CMakeFiles/cmTC_e7076.dir/build.make:87：cmTC_e7076] 错误 1
make[1]: 离开目录“/home/rm/catkin_livox_ros_driver2/src/NEXTE_Sentry_Nav/build/CMakeFiles/CMakeTmp”
make: *** [Makefile:121：cmTC_e7076/fast] 错误 2



Performing C SOURCE FILE Test CMAKE_HAVE_LIBC_PTHREAD failed with the following output:
Change Dir: /home/rm/catkin_livox_ros_driver2/src/IST_2025_sentry/build/CMakeFiles/CMakeTmp

Run Build Command(s):/usr/bin/make cmTC_56693/fast && /usr/bin/make -f CMakeFiles/cmTC_56693.dir/build.make CMakeFiles/cmTC_56693.dir/build
make[1]: 进入目录“/home/rm/catkin_livox_ros_driver2/src/IST_2025_sentry/build/CMakeFiles/CMakeTmp”
Building C object CMakeFiles/cmTC_56693.dir/src.c.o
/usr/bin/cc   -DCMAKE_HAVE_LIBC_PTHREAD   -o CMakeFiles/cmTC_56693.dir/src.c.o   -c /home/rm/catkin_livox_ros_driver2/src/IST_2025_sentry/build/CMakeFiles/CMakeTmp/src.c
Linking C executable cmTC_56693
/usr/bin/cmake -E cmake_link_script CMakeFiles/cmTC_56693.dir/link.txt --verbose=1
/usr/bin/cc  -DCMAKE_HAVE_LIBC_PTHREAD    -rdynamic CMakeFiles/cmTC_56693.dir/src.c.o  -o cmTC_56693 
/usr/bin/ld: CMakeFiles/cmTC_56693.dir/src.c.o: in function `main':
src.c:(.text+0x46): undefined reference to `pthread_create'
/usr/bin/ld: src.c:(.text+0x52): undefined reference to `pthread_detach'
/usr/bin/ld: src.c:(.text+0x63): undefined reference to `pthread_join'
collect2: error: ld returned 1 exit status
make[1]: *** [CMakeFiles/cmTC_56693.dir/build.make:87：cmTC_56693] 错误 1
make[1]: 离开目录“/home/rm/catkin_livox_ros_driver2/src/IST_2025_sentry/build/CMakeFiles/CMakeTmp”
make: *** [Makefile:121：cmTC_56693/fast] 错误 2


Source file was:
#include <pthread.h>

void* test_func(void* data)
{
  return data;
}

int main(void)
{
  pthread_t thread;
  pthread_create(&thread, NULL, test_func, NULL);
  pthread_detach(thread);
  pthread_join(thread, NULL);
  pthread_atfork(NULL, NULL, NULL);
  pthread_exit(NULL);

  return 0;
}

Determining if the function pthread_create exists in the pthreads failed with the following output:
Change Dir: /home/rm/catkin_livox_ros_driver2/src/IST_2025_sentry/build/CMakeFiles/CMakeTmp

Run Build Command(s):/usr/bin/make cmTC_74d41/fast && /usr/bin/make -f CMakeFiles/cmTC_74d41.dir/build.make CMakeFiles/cmTC_74d41.dir/build
make[1]: 进入目录“/home/rm/catkin_livox_ros_driver2/src/IST_2025_sentry/build/CMakeFiles/CMakeTmp”
Building C object CMakeFiles/cmTC_74d41.dir/CheckFunctionExists.c.o
/usr/bin/cc   -DCHECK_FUNCTION_EXISTS=pthread_create   -o CMakeFiles/cmTC_74d41.dir/CheckFunctionExists.c.o   -c /usr/share/cmake-3.16/Modules/CheckFunctionExists.c
Linking C executable cmTC_74d41
/usr/bin/cmake -E cmake_link_script CMakeFiles/cmTC_74d41.dir/link.txt --verbose=1
/usr/bin/cc  -DCHECK_FUNCTION_EXISTS=pthread_create    -rdynamic CMakeFiles/cmTC_74d41.dir/CheckFunctionExists.c.o  -o cmTC_74d41  -lpthreads 
/usr/bin/ld: 找不到 -lpthreads
collect2: error: ld returned 1 exit status
make[1]: *** [CMakeFiles/cmTC_74d41.dir/build.make:87：cmTC_74d41] 错误 1
make[1]: 离开目录“/home/rm/catkin_livox_ros_driver2/src/IST_2025_sentry/build/CMakeFiles/CMakeTmp”
make: *** [Makefile:121：cmTC_74d41/fast] 错误 2



Performing C SOURCE FILE Test CMAKE_HAVE_LIBC_PTHREAD failed with the following output:
Change Dir: /home/rm/catkin_livox_ros_driver2/src/IST_2025_sentry/build/CMakeFiles/CMakeTmp

Run Build Command(s):/usr/bin/make cmTC_38322/fast && /usr/bin/make -f CMakeFiles/cmTC_38322.dir/build.make CMakeFiles/cmTC_38322.dir/build
make[1]: 进入目录“/home/rm/catkin_livox_ros_driver2/src/IST_2025_sentry/build/CMakeFiles/CMakeTmp”
Building C object CMakeFiles/cmTC_38322.dir/src.c.o
/usr/bin/cc   -DCMAKE_HAVE_LIBC_PTHREAD   -o CMakeFiles/cmTC_38322.dir/src.c.o   -c /home/rm/catkin_livox_ros_driver2/src/IST_2025_sentry/build/CMakeFiles/CMakeTmp/src.c
Linking C executable cmTC_38322
/usr/bin/cmake -E cmake_link_script CMakeFiles/cmTC_38322.dir/link.txt --verbose=1
/usr/bin/cc  -DCMAKE_HAVE_LIBC_PTHREAD    -rdynamic CMakeFiles/cmTC_38322.dir/src.c.o  -o cmTC_38322 
/usr/bin/ld: CMakeFiles/cmTC_38322.dir/src.c.o: in function `main':
src.c:(.text+0x46): undefined reference to `pthread_create'
/usr/bin/ld: src.c:(.text+0x52): undefined reference to `pthread_detach'
/usr/bin/ld: src.c:(.text+0x63): undefined reference to `pthread_join'
collect2: error: ld returned 1 exit status
make[1]: *** [CMakeFiles/cmTC_38322.dir/build.make:87：cmTC_38322] 错误 1
make[1]: 离开目录“/home/rm/catkin_livox_ros_driver2/src/IST_2025_sentry/build/CMakeFiles/CMakeTmp”
make: *** [Makefile:121：cmTC_38322/fast] 错误 2


Source file was:
#include <pthread.h>

void* test_func(void* data)
{
  return data;
}

int main(void)
{
  pthread_t thread;
  pthread_create(&thread, NULL, test_func, NULL);
  pthread_detach(thread);
  pthread_join(thread, NULL);
  pthread_atfork(NULL, NULL, NULL);
  pthread_exit(NULL);

  return 0;
}

Determining if the function pthread_create exists in the pthreads failed with the following output:
Change Dir: /home/rm/catkin_livox_ros_driver2/src/IST_2025_sentry/build/CMakeFiles/CMakeTmp

Run Build Command(s):/usr/bin/make cmTC_566db/fast && /usr/bin/make -f CMakeFiles/cmTC_566db.dir/build.make CMakeFiles/cmTC_566db.dir/build
make[1]: 进入目录“/home/rm/catkin_livox_ros_driver2/src/IST_2025_sentry/build/CMakeFiles/CMakeTmp”
Building C object CMakeFiles/cmTC_566db.dir/CheckFunctionExists.c.o
/usr/bin/cc   -DCHECK_FUNCTION_EXISTS=pthread_create   -o CMakeFiles/cmTC_566db.dir/CheckFunctionExists.c.o   -c /usr/share/cmake-3.16/Modules/CheckFunctionExists.c
Linking C executable cmTC_566db
/usr/bin/cmake -E cmake_link_script CMakeFiles/cmTC_566db.dir/link.txt --verbose=1
/usr/bin/cc  -DCHECK_FUNCTION_EXISTS=pthread_create    -rdynamic CMakeFiles/cmTC_566db.dir/CheckFunctionExists.c.o  -o cmTC_566db  -lpthreads 
/usr/bin/ld: 找不到 -lpthreads
collect2: error: ld returned 1 exit status
make[1]: *** [CMakeFiles/cmTC_566db.dir/build.make:87：cmTC_566db] 错误 1
make[1]: 离开目录“/home/rm/catkin_livox_ros_driver2/src/IST_2025_sentry/build/CMakeFiles/CMakeTmp”
make: *** [Makefile:121：cmTC_566db/fast] 错误 2



Performing C SOURCE FILE Test CMAKE_HAVE_LIBC_PTHREAD failed with the following output:
Change Dir: /home/rm/catkin_livox_ros_driver2/src/IST_2025_sentry/build/CMakeFiles/CMakeTmp

Run Build Command(s):/usr/bin/make cmTC_fded6/fast && /usr/bin/make -f CMakeFiles/cmTC_fded6.dir/build.make CMakeFiles/cmTC_fded6.dir/build
make[1]: 进入目录“/home/rm/catkin_livox_ros_driver2/src/IST_2025_sentry/build/CMakeFiles/CMakeTmp”
Building C object CMakeFiles/cmTC_fded6.dir/src.c.o
/usr/bin/cc   -DCMAKE_HAVE_LIBC_PTHREAD   -o CMakeFiles/cmTC_fded6.dir/src.c.o   -c /home/rm/catkin_livox_ros_driver2/src/IST_2025_sentry/build/CMakeFiles/CMakeTmp/src.c
Linking C executable cmTC_fded6
/usr/bin/cmake -E cmake_link_script CMakeFiles/cmTC_fded6.dir/link.txt --verbose=1
/usr/bin/cc  -DCMAKE_HAVE_LIBC_PTHREAD    -rdynamic CMakeFiles/cmTC_fded6.dir/src.c.o  -o cmTC_fded6 
/usr/bin/ld: CMakeFiles/cmTC_fded6.dir/src.c.o: in function `main':
src.c:(.text+0x46): undefined reference to `pthread_create'
/usr/bin/ld: src.c:(.text+0x52): undefined reference to `pthread_detach'
/usr/bin/ld: src.c:(.text+0x63): undefined reference to `pthread_join'
collect2: error: ld returned 1 exit status
make[1]: *** [CMakeFiles/cmTC_fded6.dir/build.make:87：cmTC_fded6] 错误 1
make[1]: 离开目录“/home/rm/catkin_livox_ros_driver2/src/IST_2025_sentry/build/CMakeFiles/CMakeTmp”
make: *** [Makefile:121：cmTC_fded6/fast] 错误 2


Source file was:
#include <pthread.h>

void* test_func(void* data)
{
  return data;
}

int main(void)
{
  pthread_t thread;
  pthread_create(&thread, NULL, test_func, NULL);
  pthread_detach(thread);
  pthread_join(thread, NULL);
  pthread_atfork(NULL, NULL, NULL);
  pthread_exit(NULL);

  return 0;
}

Determining if the function pthread_create exists in the pthreads failed with the following output:
Change Dir: /home/rm/catkin_livox_ros_driver2/src/IST_2025_sentry/build/CMakeFiles/CMakeTmp

Run Build Command(s):/usr/bin/make cmTC_0bd55/fast && /usr/bin/make -f CMakeFiles/cmTC_0bd55.dir/build.make CMakeFiles/cmTC_0bd55.dir/build
make[1]: 进入目录“/home/rm/catkin_livox_ros_driver2/src/IST_2025_sentry/build/CMakeFiles/CMakeTmp”
Building C object CMakeFiles/cmTC_0bd55.dir/CheckFunctionExists.c.o
/usr/bin/cc   -DCHECK_FUNCTION_EXISTS=pthread_create   -o CMakeFiles/cmTC_0bd55.dir/CheckFunctionExists.c.o   -c /usr/share/cmake-3.16/Modules/CheckFunctionExists.c
Linking C executable cmTC_0bd55
/usr/bin/cmake -E cmake_link_script CMakeFiles/cmTC_0bd55.dir/link.txt --verbose=1
/usr/bin/cc  -DCHECK_FUNCTION_EXISTS=pthread_create    -rdynamic CMakeFiles/cmTC_0bd55.dir/CheckFunctionExists.c.o  -o cmTC_0bd55  -lpthreads 
/usr/bin/ld: 找不到 -lpthreads
collect2: error: ld returned 1 exit status
make[1]: *** [CMakeFiles/cmTC_0bd55.dir/build.make:87：cmTC_0bd55] 错误 1
make[1]: 离开目录“/home/rm/catkin_livox_ros_driver2/src/IST_2025_sentry/build/CMakeFiles/CMakeTmp”
make: *** [Makefile:121：cmTC_0bd55/fast] 错误 2



Performing C SOURCE FILE Test CMAKE_HAVE_LIBC_PTHREAD failed with the following output:
Change Dir: /home/rm/catkin_livox_ros_driver2/src/IST_2025_sentry/build/CMakeFiles/CMakeTmp

Run Build Command(s):/usr/bin/make cmTC_24154/fast && /usr/bin/make -f CMakeFiles/cmTC_24154.dir/build.make CMakeFiles/cmTC_24154.dir/build
make[1]: 进入目录“/home/rm/catkin_livox_ros_driver2/src/IST_2025_sentry/build/CMakeFiles/CMakeTmp”
Building C object CMakeFiles/cmTC_24154.dir/src.c.o
/usr/bin/cc   -DCMAKE_HAVE_LIBC_PTHREAD   -o CMakeFiles/cmTC_24154.dir/src.c.o   -c /home/rm/catkin_livox_ros_driver2/src/IST_2025_sentry/build/CMakeFiles/CMakeTmp/src.c
Linking C executable cmTC_24154
/usr/bin/cmake -E cmake_link_script CMakeFiles/cmTC_24154.dir/link.txt --verbose=1
/usr/bin/cc  -DCMAKE_HAVE_LIBC_PTHREAD    -rdynamic CMakeFiles/cmTC_24154.dir/src.c.o  -o cmTC_24154 
/usr/bin/ld: CMakeFiles/cmTC_24154.dir/src.c.o: in function `main':
src.c:(.text+0x46): undefined reference to `pthread_create'
/usr/bin/ld: src.c:(.text+0x52): undefined reference to `pthread_detach'
/usr/bin/ld: src.c:(.text+0x63): undefined reference to `pthread_join'
collect2: error: ld returned 1 exit status
make[1]: *** [CMakeFiles/cmTC_24154.dir/build.make:87：cmTC_24154] 错误 1
make[1]: 离开目录“/home/rm/catkin_livox_ros_driver2/src/IST_2025_sentry/build/CMakeFiles/CMakeTmp”
make: *** [Makefile:121：cmTC_24154/fast] 错误 2


Source file was:
#include <pthread.h>

void* test_func(void* data)
{
  return data;
}

int main(void)
{
  pthread_t thread;
  pthread_create(&thread, NULL, test_func, NULL);
  pthread_detach(thread);
  pthread_join(thread, NULL);
  pthread_atfork(NULL, NULL, NULL);
  pthread_exit(NULL);

  return 0;
}

Determining if the function pthread_create exists in the pthreads failed with the following output:
Change Dir: /home/rm/catkin_livox_ros_driver2/src/IST_2025_sentry/build/CMakeFiles/CMakeTmp

Run Build Command(s):/usr/bin/make cmTC_499a1/fast && /usr/bin/make -f CMakeFiles/cmTC_499a1.dir/build.make CMakeFiles/cmTC_499a1.dir/build
make[1]: 进入目录“/home/rm/catkin_livox_ros_driver2/src/IST_2025_sentry/build/CMakeFiles/CMakeTmp”
Building C object CMakeFiles/cmTC_499a1.dir/CheckFunctionExists.c.o
/usr/bin/cc   -DCHECK_FUNCTION_EXISTS=pthread_create   -o CMakeFiles/cmTC_499a1.dir/CheckFunctionExists.c.o   -c /usr/share/cmake-3.16/Modules/CheckFunctionExists.c
Linking C executable cmTC_499a1
/usr/bin/cmake -E cmake_link_script CMakeFiles/cmTC_499a1.dir/link.txt --verbose=1
/usr/bin/cc  -DCHECK_FUNCTION_EXISTS=pthread_create    -rdynamic CMakeFiles/cmTC_499a1.dir/CheckFunctionExists.c.o  -o cmTC_499a1  -lpthreads 
/usr/bin/ld: 找不到 -lpthreads
collect2: error: ld returned 1 exit status
make[1]: *** [CMakeFiles/cmTC_499a1.dir/build.make:87：cmTC_499a1] 错误 1
make[1]: 离开目录“/home/rm/catkin_livox_ros_driver2/src/IST_2025_sentry/build/CMakeFiles/CMakeTmp”
make: *** [Makefile:121：cmTC_499a1/fast] 错误 2



Performing C SOURCE FILE Test CMAKE_HAVE_LIBC_PTHREAD failed with the following output:
Change Dir: /home/rm/catkin_livox_ros_driver2/src/IST_2025_sentry/build/CMakeFiles/CMakeTmp

Run Build Command(s):/usr/bin/make cmTC_d00bd/fast && /usr/bin/make -f CMakeFiles/cmTC_d00bd.dir/build.make CMakeFiles/cmTC_d00bd.dir/build
make[1]: 进入目录“/home/rm/catkin_livox_ros_driver2/src/IST_2025_sentry/build/CMakeFiles/CMakeTmp”
Building C object CMakeFiles/cmTC_d00bd.dir/src.c.o
/usr/bin/cc   -DCMAKE_HAVE_LIBC_PTHREAD   -o CMakeFiles/cmTC_d00bd.dir/src.c.o   -c /home/rm/catkin_livox_ros_driver2/src/IST_2025_sentry/build/CMakeFiles/CMakeTmp/src.c
Linking C executable cmTC_d00bd
/usr/bin/cmake -E cmake_link_script CMakeFiles/cmTC_d00bd.dir/link.txt --verbose=1
/usr/bin/cc  -DCMAKE_HAVE_LIBC_PTHREAD    -rdynamic CMakeFiles/cmTC_d00bd.dir/src.c.o  -o cmTC_d00bd 
/usr/bin/ld: CMakeFiles/cmTC_d00bd.dir/src.c.o: in function `main':
src.c:(.text+0x46): undefined reference to `pthread_create'
/usr/bin/ld: src.c:(.text+0x52): undefined reference to `pthread_detach'
/usr/bin/ld: src.c:(.text+0x63): undefined reference to `pthread_join'
collect2: error: ld returned 1 exit status
make[1]: *** [CMakeFiles/cmTC_d00bd.dir/build.make:87：cmTC_d00bd] 错误 1
make[1]: 离开目录“/home/rm/catkin_livox_ros_driver2/src/IST_2025_sentry/build/CMakeFiles/CMakeTmp”
make: *** [Makefile:121：cmTC_d00bd/fast] 错误 2


Source file was:
#include <pthread.h>

void* test_func(void* data)
{
  return data;
}

int main(void)
{
  pthread_t thread;
  pthread_create(&thread, NULL, test_func, NULL);
  pthread_detach(thread);
  pthread_join(thread, NULL);
  pthread_atfork(NULL, NULL, NULL);
  pthread_exit(NULL);

  return 0;
}

Determining if the function pthread_create exists in the pthreads failed with the following output:
Change Dir: /home/rm/catkin_livox_ros_driver2/src/IST_2025_sentry/build/CMakeFiles/CMakeTmp

Run Build Command(s):/usr/bin/make cmTC_6f5f3/fast && /usr/bin/make -f CMakeFiles/cmTC_6f5f3.dir/build.make CMakeFiles/cmTC_6f5f3.dir/build
make[1]: 进入目录“/home/rm/catkin_livox_ros_driver2/src/IST_2025_sentry/build/CMakeFiles/CMakeTmp”
Building C object CMakeFiles/cmTC_6f5f3.dir/CheckFunctionExists.c.o
/usr/bin/cc   -DCHECK_FUNCTION_EXISTS=pthread_create   -o CMakeFiles/cmTC_6f5f3.dir/CheckFunctionExists.c.o   -c /usr/share/cmake-3.16/Modules/CheckFunctionExists.c
Linking C executable cmTC_6f5f3
/usr/bin/cmake -E cmake_link_script CMakeFiles/cmTC_6f5f3.dir/link.txt --verbose=1
/usr/bin/cc  -DCHECK_FUNCTION_EXISTS=pthread_create    -rdynamic CMakeFiles/cmTC_6f5f3.dir/CheckFunctionExists.c.o  -o cmTC_6f5f3  -lpthreads 
/usr/bin/ld: 找不到 -lpthreads
collect2: error: ld returned 1 exit status
make[1]: *** [CMakeFiles/cmTC_6f5f3.dir/build.make:87：cmTC_6f5f3] 错误 1
make[1]: 离开目录“/home/rm/catkin_livox_ros_driver2/src/IST_2025_sentry/build/CMakeFiles/CMakeTmp”
make: *** [Makefile:121：cmTC_6f5f3/fast] 错误 2



Performing C SOURCE FILE Test CMAKE_HAVE_LIBC_PTHREAD failed with the following output:
Change Dir: /home/rm/catkin_livox_ros_driver2/src/IST_2025_sentry/build/CMakeFiles/CMakeTmp

Run Build Command(s):/usr/bin/make cmTC_56c4a/fast && /usr/bin/make -f CMakeFiles/cmTC_56c4a.dir/build.make CMakeFiles/cmTC_56c4a.dir/build
make[1]: 进入目录“/home/rm/catkin_livox_ros_driver2/src/IST_2025_sentry/build/CMakeFiles/CMakeTmp”
Building C object CMakeFiles/cmTC_56c4a.dir/src.c.o
/usr/bin/cc   -DCMAKE_HAVE_LIBC_PTHREAD   -o CMakeFiles/cmTC_56c4a.dir/src.c.o   -c /home/rm/catkin_livox_ros_driver2/src/IST_2025_sentry/build/CMakeFiles/CMakeTmp/src.c
Linking C executable cmTC_56c4a
/usr/bin/cmake -E cmake_link_script CMakeFiles/cmTC_56c4a.dir/link.txt --verbose=1
/usr/bin/cc  -DCMAKE_HAVE_LIBC_PTHREAD    -rdynamic CMakeFiles/cmTC_56c4a.dir/src.c.o  -o cmTC_56c4a 
/usr/bin/ld: CMakeFiles/cmTC_56c4a.dir/src.c.o: in function `main':
src.c:(.text+0x46): undefined reference to `pthread_create'
/usr/bin/ld: src.c:(.text+0x52): undefined reference to `pthread_detach'
/usr/bin/ld: src.c:(.text+0x63): undefined reference to `pthread_join'
collect2: error: ld returned 1 exit status
make[1]: *** [CMakeFiles/cmTC_56c4a.dir/build.make:87：cmTC_56c4a] 错误 1
make[1]: 离开目录“/home/rm/catkin_livox_ros_driver2/src/IST_2025_sentry/build/CMakeFiles/CMakeTmp”
make: *** [Makefile:121：cmTC_56c4a/fast] 错误 2


Source file was:
#include <pthread.h>

void* test_func(void* data)
{
  return data;
}

int main(void)
{
  pthread_t thread;
  pthread_create(&thread, NULL, test_func, NULL);
  pthread_detach(thread);
  pthread_join(thread, NULL);
  pthread_atfork(NULL, NULL, NULL);
  pthread_exit(NULL);

  return 0;
}

Determining if the function pthread_create exists in the pthreads failed with the following output:
Change Dir: /home/rm/catkin_livox_ros_driver2/src/IST_2025_sentry/build/CMakeFiles/CMakeTmp

Run Build Command(s):/usr/bin/make cmTC_fefe7/fast && /usr/bin/make -f CMakeFiles/cmTC_fefe7.dir/build.make CMakeFiles/cmTC_fefe7.dir/build
make[1]: 进入目录“/home/rm/catkin_livox_ros_driver2/src/IST_2025_sentry/build/CMakeFiles/CMakeTmp”
Building C object CMakeFiles/cmTC_fefe7.dir/CheckFunctionExists.c.o
/usr/bin/cc   -DCHECK_FUNCTION_EXISTS=pthread_create   -o CMakeFiles/cmTC_fefe7.dir/CheckFunctionExists.c.o   -c /usr/share/cmake-3.16/Modules/CheckFunctionExists.c
Linking C executable cmTC_fefe7
/usr/bin/cmake -E cmake_link_script CMakeFiles/cmTC_fefe7.dir/link.txt --verbose=1
/usr/bin/cc  -DCHECK_FUNCTION_EXISTS=pthread_create    -rdynamic CMakeFiles/cmTC_fefe7.dir/CheckFunctionExists.c.o  -o cmTC_fefe7  -lpthreads 
/usr/bin/ld: 找不到 -lpthreads
collect2: error: ld returned 1 exit status
make[1]: *** [CMakeFiles/cmTC_fefe7.dir/build.make:87：cmTC_fefe7] 错误 1
make[1]: 离开目录“/home/rm/catkin_livox_ros_driver2/src/IST_2025_sentry/build/CMakeFiles/CMakeTmp”
make: *** [Makefile:121：cmTC_fefe7/fast] 错误 2



Performing C SOURCE FILE Test CMAKE_HAVE_LIBC_PTHREAD failed with the following output:
Change Dir: /home/rm/catkin_livox_ros_driver2/src/IST_2025_sentry/build/CMakeFiles/CMakeTmp

Run Build Command(s):/usr/bin/make cmTC_00382/fast && /usr/bin/make -f CMakeFiles/cmTC_00382.dir/build.make CMakeFiles/cmTC_00382.dir/build
make[1]: 进入目录“/home/rm/catkin_livox_ros_driver2/src/IST_2025_sentry/build/CMakeFiles/CMakeTmp”
Building C object CMakeFiles/cmTC_00382.dir/src.c.o
/usr/bin/cc   -DCMAKE_HAVE_LIBC_PTHREAD   -o CMakeFiles/cmTC_00382.dir/src.c.o   -c /home/rm/catkin_livox_ros_driver2/src/IST_2025_sentry/build/CMakeFiles/CMakeTmp/src.c
Linking C executable cmTC_00382
/usr/bin/cmake -E cmake_link_script CMakeFiles/cmTC_00382.dir/link.txt --verbose=1
/usr/bin/cc  -DCMAKE_HAVE_LIBC_PTHREAD    -rdynamic CMakeFiles/cmTC_00382.dir/src.c.o  -o cmTC_00382 
/usr/bin/ld: CMakeFiles/cmTC_00382.dir/src.c.o: in function `main':
src.c:(.text+0x46): undefined reference to `pthread_create'
/usr/bin/ld: src.c:(.text+0x52): undefined reference to `pthread_detach'
/usr/bin/ld: src.c:(.text+0x63): undefined reference to `pthread_join'
collect2: error: ld returned 1 exit status
make[1]: *** [CMakeFiles/cmTC_00382.dir/build.make:87：cmTC_00382] 错误 1
make[1]: 离开目录“/home/rm/catkin_livox_ros_driver2/src/IST_2025_sentry/build/CMakeFiles/CMakeTmp”
make: *** [Makefile:121：cmTC_00382/fast] 错误 2


Source file was:
#include <pthread.h>

void* test_func(void* data)
{
  return data;
}

int main(void)
{
  pthread_t thread;
  pthread_create(&thread, NULL, test_func, NULL);
  pthread_detach(thread);
  pthread_join(thread, NULL);
  pthread_atfork(NULL, NULL, NULL);
  pthread_exit(NULL);

  return 0;
}

Determining if the function pthread_create exists in the pthreads failed with the following output:
Change Dir: /home/rm/catkin_livox_ros_driver2/src/IST_2025_sentry/build/CMakeFiles/CMakeTmp

Run Build Command(s):/usr/bin/make cmTC_2724d/fast && /usr/bin/make -f CMakeFiles/cmTC_2724d.dir/build.make CMakeFiles/cmTC_2724d.dir/build
make[1]: 进入目录“/home/rm/catkin_livox_ros_driver2/src/IST_2025_sentry/build/CMakeFiles/CMakeTmp”
Building C object CMakeFiles/cmTC_2724d.dir/CheckFunctionExists.c.o
/usr/bin/cc   -DCHECK_FUNCTION_EXISTS=pthread_create   -o CMakeFiles/cmTC_2724d.dir/CheckFunctionExists.c.o   -c /usr/share/cmake-3.16/Modules/CheckFunctionExists.c
Linking C executable cmTC_2724d
/usr/bin/cmake -E cmake_link_script CMakeFiles/cmTC_2724d.dir/link.txt --verbose=1
/usr/bin/cc  -DCHECK_FUNCTION_EXISTS=pthread_create    -rdynamic CMakeFiles/cmTC_2724d.dir/CheckFunctionExists.c.o  -o cmTC_2724d  -lpthreads 
/usr/bin/ld: 找不到 -lpthreads
collect2: error: ld returned 1 exit status
make[1]: *** [CMakeFiles/cmTC_2724d.dir/build.make:87：cmTC_2724d] 错误 1
make[1]: 离开目录“/home/rm/catkin_livox_ros_driver2/src/IST_2025_sentry/build/CMakeFiles/CMakeTmp”
make: *** [Makefile:121：cmTC_2724d/fast] 错误 2



Performing C SOURCE FILE Test CMAKE_HAVE_LIBC_PTHREAD failed with the following output:
Change Dir: /home/rm/catkin_livox_ros_driver2/src/IST_2025_sentry/build/CMakeFiles/CMakeTmp

Run Build Command(s):/usr/bin/make cmTC_d31f3/fast && /usr/bin/make -f CMakeFiles/cmTC_d31f3.dir/build.make CMakeFiles/cmTC_d31f3.dir/build
make[1]: 进入目录“/home/rm/catkin_livox_ros_driver2/src/IST_2025_sentry/build/CMakeFiles/CMakeTmp”
Building C object CMakeFiles/cmTC_d31f3.dir/src.c.o
/usr/bin/cc   -DCMAKE_HAVE_LIBC_PTHREAD   -o CMakeFiles/cmTC_d31f3.dir/src.c.o   -c /home/rm/catkin_livox_ros_driver2/src/IST_2025_sentry/build/CMakeFiles/CMakeTmp/src.c
Linking C executable cmTC_d31f3
/usr/bin/cmake -E cmake_link_script CMakeFiles/cmTC_d31f3.dir/link.txt --verbose=1
/usr/bin/cc  -DCMAKE_HAVE_LIBC_PTHREAD    -rdynamic CMakeFiles/cmTC_d31f3.dir/src.c.o  -o cmTC_d31f3 
/usr/bin/ld: CMakeFiles/cmTC_d31f3.dir/src.c.o: in function `main':
src.c:(.text+0x46): undefined reference to `pthread_create'
/usr/bin/ld: src.c:(.text+0x52): undefined reference to `pthread_detach'
/usr/bin/ld: src.c:(.text+0x63): undefined reference to `pthread_join'
collect2: error: ld returned 1 exit status
make[1]: *** [CMakeFiles/cmTC_d31f3.dir/build.make:87：cmTC_d31f3] 错误 1
make[1]: 离开目录“/home/rm/catkin_livox_ros_driver2/src/IST_2025_sentry/build/CMakeFiles/CMakeTmp”
make: *** [Makefile:121：cmTC_d31f3/fast] 错误 2


Source file was:
#include <pthread.h>

void* test_func(void* data)
{
  return data;
}

int main(void)
{
  pthread_t thread;
  pthread_create(&thread, NULL, test_func, NULL);
  pthread_detach(thread);
  pthread_join(thread, NULL);
  pthread_atfork(NULL, NULL, NULL);
  pthread_exit(NULL);

  return 0;
}

Determining if the function pthread_create exists in the pthreads failed with the following output:
Change Dir: /home/rm/catkin_livox_ros_driver2/src/IST_2025_sentry/build/CMakeFiles/CMakeTmp

Run Build Command(s):/usr/bin/make cmTC_b4536/fast && /usr/bin/make -f CMakeFiles/cmTC_b4536.dir/build.make CMakeFiles/cmTC_b4536.dir/build
make[1]: 进入目录“/home/rm/catkin_livox_ros_driver2/src/IST_2025_sentry/build/CMakeFiles/CMakeTmp”
Building C object CMakeFiles/cmTC_b4536.dir/CheckFunctionExists.c.o
/usr/bin/cc   -DCHECK_FUNCTION_EXISTS=pthread_create   -o CMakeFiles/cmTC_b4536.dir/CheckFunctionExists.c.o   -c /usr/share/cmake-3.16/Modules/CheckFunctionExists.c
Linking C executable cmTC_b4536
/usr/bin/cmake -E cmake_link_script CMakeFiles/cmTC_b4536.dir/link.txt --verbose=1
/usr/bin/cc  -DCHECK_FUNCTION_EXISTS=pthread_create    -rdynamic CMakeFiles/cmTC_b4536.dir/CheckFunctionExists.c.o  -o cmTC_b4536  -lpthreads 
/usr/bin/ld: 找不到 -lpthreads
collect2: error: ld returned 1 exit status
make[1]: *** [CMakeFiles/cmTC_b4536.dir/build.make:87：cmTC_b4536] 错误 1
make[1]: 离开目录“/home/rm/catkin_livox_ros_driver2/src/IST_2025_sentry/build/CMakeFiles/CMakeTmp”
make: *** [Makefile:121：cmTC_b4536/fast] 错误 2



Performing C SOURCE FILE Test CMAKE_HAVE_LIBC_PTHREAD failed with the following output:
Change Dir: /home/rm/catkin_livox_ros_driver2/src/IST_2025_sentry/build/CMakeFiles/CMakeTmp

Run Build Command(s):/usr/bin/make cmTC_0361e/fast && /usr/bin/make -f CMakeFiles/cmTC_0361e.dir/build.make CMakeFiles/cmTC_0361e.dir/build
make[1]: 进入目录“/home/rm/catkin_livox_ros_driver2/src/IST_2025_sentry/build/CMakeFiles/CMakeTmp”
Building C object CMakeFiles/cmTC_0361e.dir/src.c.o
/usr/bin/cc   -DCMAKE_HAVE_LIBC_PTHREAD   -o CMakeFiles/cmTC_0361e.dir/src.c.o   -c /home/rm/catkin_livox_ros_driver2/src/IST_2025_sentry/build/CMakeFiles/CMakeTmp/src.c
Linking C executable cmTC_0361e
/usr/bin/cmake -E cmake_link_script CMakeFiles/cmTC_0361e.dir/link.txt --verbose=1
/usr/bin/cc  -DCMAKE_HAVE_LIBC_PTHREAD    -rdynamic CMakeFiles/cmTC_0361e.dir/src.c.o  -o cmTC_0361e 
/usr/bin/ld: CMakeFiles/cmTC_0361e.dir/src.c.o: in function `main':
src.c:(.text+0x46): undefined reference to `pthread_create'
/usr/bin/ld: src.c:(.text+0x52): undefined reference to `pthread_detach'
/usr/bin/ld: src.c:(.text+0x63): undefined reference to `pthread_join'
collect2: error: ld returned 1 exit status
make[1]: *** [CMakeFiles/cmTC_0361e.dir/build.make:87：cmTC_0361e] 错误 1
make[1]: 离开目录“/home/rm/catkin_livox_ros_driver2/src/IST_2025_sentry/build/CMakeFiles/CMakeTmp”
make: *** [Makefile:121：cmTC_0361e/fast] 错误 2


Source file was:
#include <pthread.h>

void* test_func(void* data)
{
  return data;
}

int main(void)
{
  pthread_t thread;
  pthread_create(&thread, NULL, test_func, NULL);
  pthread_detach(thread);
  pthread_join(thread, NULL);
  pthread_atfork(NULL, NULL, NULL);
  pthread_exit(NULL);

  return 0;
}

Determining if the function pthread_create exists in the pthreads failed with the following output:
Change Dir: /home/rm/catkin_livox_ros_driver2/src/IST_2025_sentry/build/CMakeFiles/CMakeTmp

Run Build Command(s):/usr/bin/make cmTC_60b8a/fast && /usr/bin/make -f CMakeFiles/cmTC_60b8a.dir/build.make CMakeFiles/cmTC_60b8a.dir/build
make[1]: 进入目录“/home/rm/catkin_livox_ros_driver2/src/IST_2025_sentry/build/CMakeFiles/CMakeTmp”
Building C object CMakeFiles/cmTC_60b8a.dir/CheckFunctionExists.c.o
/usr/bin/cc   -DCHECK_FUNCTION_EXISTS=pthread_create   -o CMakeFiles/cmTC_60b8a.dir/CheckFunctionExists.c.o   -c /usr/share/cmake-3.16/Modules/CheckFunctionExists.c
Linking C executable cmTC_60b8a
/usr/bin/cmake -E cmake_link_script CMakeFiles/cmTC_60b8a.dir/link.txt --verbose=1
/usr/bin/cc  -DCHECK_FUNCTION_EXISTS=pthread_create    -rdynamic CMakeFiles/cmTC_60b8a.dir/CheckFunctionExists.c.o  -o cmTC_60b8a  -lpthreads 
/usr/bin/ld: 找不到 -lpthreads
collect2: error: ld returned 1 exit status
make[1]: *** [CMakeFiles/cmTC_60b8a.dir/build.make:87：cmTC_60b8a] 错误 1
make[1]: 离开目录“/home/rm/catkin_livox_ros_driver2/src/IST_2025_sentry/build/CMakeFiles/CMakeTmp”
make: *** [Makefile:121：cmTC_60b8a/fast] 错误 2



Performing C SOURCE FILE Test CMAKE_HAVE_LIBC_PTHREAD failed with the following output:
Change Dir: /home/rm/catkin_livox_ros_driver2/src/IST_2025_sentry/build/CMakeFiles/CMakeTmp

Run Build Command(s):/usr/bin/make cmTC_00b48/fast && /usr/bin/make -f CMakeFiles/cmTC_00b48.dir/build.make CMakeFiles/cmTC_00b48.dir/build
make[1]: 进入目录“/home/rm/catkin_livox_ros_driver2/src/IST_2025_sentry/build/CMakeFiles/CMakeTmp”
Building C object CMakeFiles/cmTC_00b48.dir/src.c.o
/usr/bin/cc   -DCMAKE_HAVE_LIBC_PTHREAD   -o CMakeFiles/cmTC_00b48.dir/src.c.o   -c /home/rm/catkin_livox_ros_driver2/src/IST_2025_sentry/build/CMakeFiles/CMakeTmp/src.c
Linking C executable cmTC_00b48
/usr/bin/cmake -E cmake_link_script CMakeFiles/cmTC_00b48.dir/link.txt --verbose=1
/usr/bin/cc  -DCMAKE_HAVE_LIBC_PTHREAD    -rdynamic CMakeFiles/cmTC_00b48.dir/src.c.o  -o cmTC_00b48 
/usr/bin/ld: CMakeFiles/cmTC_00b48.dir/src.c.o: in function `main':
src.c:(.text+0x46): undefined reference to `pthread_create'
/usr/bin/ld: src.c:(.text+0x52): undefined reference to `pthread_detach'
/usr/bin/ld: src.c:(.text+0x63): undefined reference to `pthread_join'
collect2: error: ld returned 1 exit status
make[1]: *** [CMakeFiles/cmTC_00b48.dir/build.make:87：cmTC_00b48] 错误 1
make[1]: 离开目录“/home/rm/catkin_livox_ros_driver2/src/IST_2025_sentry/build/CMakeFiles/CMakeTmp”
make: *** [Makefile:121：cmTC_00b48/fast] 错误 2


Source file was:
#include <pthread.h>

void* test_func(void* data)
{
  return data;
}

int main(void)
{
  pthread_t thread;
  pthread_create(&thread, NULL, test_func, NULL);
  pthread_detach(thread);
  pthread_join(thread, NULL);
  pthread_atfork(NULL, NULL, NULL);
  pthread_exit(NULL);

  return 0;
}

Determining if the function pthread_create exists in the pthreads failed with the following output:
Change Dir: /home/rm/catkin_livox_ros_driver2/src/IST_2025_sentry/build/CMakeFiles/CMakeTmp

Run Build Command(s):/usr/bin/make cmTC_bb903/fast && /usr/bin/make -f CMakeFiles/cmTC_bb903.dir/build.make CMakeFiles/cmTC_bb903.dir/build
make[1]: 进入目录“/home/rm/catkin_livox_ros_driver2/src/IST_2025_sentry/build/CMakeFiles/CMakeTmp”
Building C object CMakeFiles/cmTC_bb903.dir/CheckFunctionExists.c.o
/usr/bin/cc   -DCHECK_FUNCTION_EXISTS=pthread_create   -o CMakeFiles/cmTC_bb903.dir/CheckFunctionExists.c.o   -c /usr/share/cmake-3.16/Modules/CheckFunctionExists.c
Linking C executable cmTC_bb903
/usr/bin/cmake -E cmake_link_script CMakeFiles/cmTC_bb903.dir/link.txt --verbose=1
/usr/bin/cc  -DCHECK_FUNCTION_EXISTS=pthread_create    -rdynamic CMakeFiles/cmTC_bb903.dir/CheckFunctionExists.c.o  -o cmTC_bb903  -lpthreads 
/usr/bin/ld: 找不到 -lpthreads
collect2: error: ld returned 1 exit status
make[1]: *** [CMakeFiles/cmTC_bb903.dir/build.make:87：cmTC_bb903] 错误 1
make[1]: 离开目录“/home/rm/catkin_livox_ros_driver2/src/IST_2025_sentry/build/CMakeFiles/CMakeTmp”
make: *** [Makefile:121：cmTC_bb903/fast] 错误 2



Performing C SOURCE FILE Test CMAKE_HAVE_LIBC_PTHREAD failed with the following output:
Change Dir: /home/rm/catkin_livox_ros_driver2/src/IST_2025_sentry/build/CMakeFiles/CMakeTmp

Run Build Command(s):/usr/bin/make cmTC_5ba77/fast && /usr/bin/make -f CMakeFiles/cmTC_5ba77.dir/build.make CMakeFiles/cmTC_5ba77.dir/build
make[1]: 进入目录“/home/rm/catkin_livox_ros_driver2/src/IST_2025_sentry/build/CMakeFiles/CMakeTmp”
Building C object CMakeFiles/cmTC_5ba77.dir/src.c.o
/usr/bin/cc   -DCMAKE_HAVE_LIBC_PTHREAD   -o CMakeFiles/cmTC_5ba77.dir/src.c.o   -c /home/rm/catkin_livox_ros_driver2/src/IST_2025_sentry/build/CMakeFiles/CMakeTmp/src.c
Linking C executable cmTC_5ba77
/usr/bin/cmake -E cmake_link_script CMakeFiles/cmTC_5ba77.dir/link.txt --verbose=1
/usr/bin/cc  -DCMAKE_HAVE_LIBC_PTHREAD    -rdynamic CMakeFiles/cmTC_5ba77.dir/src.c.o  -o cmTC_5ba77 
/usr/bin/ld: CMakeFiles/cmTC_5ba77.dir/src.c.o: in function `main':
src.c:(.text+0x46): undefined reference to `pthread_create'
/usr/bin/ld: src.c:(.text+0x52): undefined reference to `pthread_detach'
/usr/bin/ld: src.c:(.text+0x63): undefined reference to `pthread_join'
collect2: error: ld returned 1 exit status
make[1]: *** [CMakeFiles/cmTC_5ba77.dir/build.make:87：cmTC_5ba77] 错误 1
make[1]: 离开目录“/home/rm/catkin_livox_ros_driver2/src/IST_2025_sentry/build/CMakeFiles/CMakeTmp”
make: *** [Makefile:121：cmTC_5ba77/fast] 错误 2


Source file was:
#include <pthread.h>

void* test_func(void* data)
{
  return data;
}

int main(void)
{
  pthread_t thread;
  pthread_create(&thread, NULL, test_func, NULL);
  pthread_detach(thread);
  pthread_join(thread, NULL);
  pthread_atfork(NULL, NULL, NULL);
  pthread_exit(NULL);

  return 0;
}

Determining if the function pthread_create exists in the pthreads failed with the following output:
Change Dir: /home/rm/catkin_livox_ros_driver2/src/IST_2025_sentry/build/CMakeFiles/CMakeTmp

Run Build Command(s):/usr/bin/make cmTC_23071/fast && /usr/bin/make -f CMakeFiles/cmTC_23071.dir/build.make CMakeFiles/cmTC_23071.dir/build
make[1]: 进入目录“/home/rm/catkin_livox_ros_driver2/src/IST_2025_sentry/build/CMakeFiles/CMakeTmp”
Building C object CMakeFiles/cmTC_23071.dir/CheckFunctionExists.c.o
/usr/bin/cc   -DCHECK_FUNCTION_EXISTS=pthread_create   -o CMakeFiles/cmTC_23071.dir/CheckFunctionExists.c.o   -c /usr/share/cmake-3.16/Modules/CheckFunctionExists.c
Linking C executable cmTC_23071
/usr/bin/cmake -E cmake_link_script CMakeFiles/cmTC_23071.dir/link.txt --verbose=1
/usr/bin/cc  -DCHECK_FUNCTION_EXISTS=pthread_create    -rdynamic CMakeFiles/cmTC_23071.dir/CheckFunctionExists.c.o  -o cmTC_23071  -lpthreads 
/usr/bin/ld: 找不到 -lpthreads
collect2: error: ld returned 1 exit status
make[1]: *** [CMakeFiles/cmTC_23071.dir/build.make:87：cmTC_23071] 错误 1
make[1]: 离开目录“/home/rm/catkin_livox_ros_driver2/src/IST_2025_sentry/build/CMakeFiles/CMakeTmp”
make: *** [Makefile:121：cmTC_23071/fast] 错误 2



Performing C SOURCE FILE Test CMAKE_HAVE_LIBC_PTHREAD failed with the following output:
Change Dir: /home/rm/catkin_livox_ros_driver2/src/IST_2025_sentry/build/CMakeFiles/CMakeTmp

Run Build Command(s):/usr/bin/make cmTC_0dca6/fast && /usr/bin/make -f CMakeFiles/cmTC_0dca6.dir/build.make CMakeFiles/cmTC_0dca6.dir/build
make[1]: 进入目录“/home/rm/catkin_livox_ros_driver2/src/IST_2025_sentry/build/CMakeFiles/CMakeTmp”
Building C object CMakeFiles/cmTC_0dca6.dir/src.c.o
/usr/bin/cc   -DCMAKE_HAVE_LIBC_PTHREAD   -o CMakeFiles/cmTC_0dca6.dir/src.c.o   -c /home/rm/catkin_livox_ros_driver2/src/IST_2025_sentry/build/CMakeFiles/CMakeTmp/src.c
Linking C executable cmTC_0dca6
/usr/bin/cmake -E cmake_link_script CMakeFiles/cmTC_0dca6.dir/link.txt --verbose=1
/usr/bin/cc  -DCMAKE_HAVE_LIBC_PTHREAD    -rdynamic CMakeFiles/cmTC_0dca6.dir/src.c.o  -o cmTC_0dca6 
/usr/bin/ld: CMakeFiles/cmTC_0dca6.dir/src.c.o: in function `main':
src.c:(.text+0x46): undefined reference to `pthread_create'
/usr/bin/ld: src.c:(.text+0x52): undefined reference to `pthread_detach'
/usr/bin/ld: src.c:(.text+0x63): undefined reference to `pthread_join'
collect2: error: ld returned 1 exit status
make[1]: *** [CMakeFiles/cmTC_0dca6.dir/build.make:87：cmTC_0dca6] 错误 1
make[1]: 离开目录“/home/rm/catkin_livox_ros_driver2/src/IST_2025_sentry/build/CMakeFiles/CMakeTmp”
make: *** [Makefile:121：cmTC_0dca6/fast] 错误 2


Source file was:
#include <pthread.h>

void* test_func(void* data)
{
  return data;
}

int main(void)
{
  pthread_t thread;
  pthread_create(&thread, NULL, test_func, NULL);
  pthread_detach(thread);
  pthread_join(thread, NULL);
  pthread_atfork(NULL, NULL, NULL);
  pthread_exit(NULL);

  return 0;
}

Determining if the function pthread_create exists in the pthreads failed with the following output:
Change Dir: /home/rm/catkin_livox_ros_driver2/src/IST_2025_sentry/build/CMakeFiles/CMakeTmp

Run Build Command(s):/usr/bin/make cmTC_454a5/fast && /usr/bin/make -f CMakeFiles/cmTC_454a5.dir/build.make CMakeFiles/cmTC_454a5.dir/build
make[1]: 进入目录“/home/rm/catkin_livox_ros_driver2/src/IST_2025_sentry/build/CMakeFiles/CMakeTmp”
Building C object CMakeFiles/cmTC_454a5.dir/CheckFunctionExists.c.o
/usr/bin/cc   -DCHECK_FUNCTION_EXISTS=pthread_create   -o CMakeFiles/cmTC_454a5.dir/CheckFunctionExists.c.o   -c /usr/share/cmake-3.16/Modules/CheckFunctionExists.c
Linking C executable cmTC_454a5
/usr/bin/cmake -E cmake_link_script CMakeFiles/cmTC_454a5.dir/link.txt --verbose=1
/usr/bin/cc  -DCHECK_FUNCTION_EXISTS=pthread_create    -rdynamic CMakeFiles/cmTC_454a5.dir/CheckFunctionExists.c.o  -o cmTC_454a5  -lpthreads 
/usr/bin/ld: 找不到 -lpthreads
collect2: error: ld returned 1 exit status
make[1]: *** [CMakeFiles/cmTC_454a5.dir/build.make:87：cmTC_454a5] 错误 1
make[1]: 离开目录“/home/rm/catkin_livox_ros_driver2/src/IST_2025_sentry/build/CMakeFiles/CMakeTmp”
make: *** [Makefile:121：cmTC_454a5/fast] 错误 2



Performing C SOURCE FILE Test CMAKE_HAVE_LIBC_PTHREAD failed with the following output:
Change Dir: /home/rm/catkin_livox_ros_driver2/src/IST_2025_sentry/build/CMakeFiles/CMakeTmp

Run Build Command(s):/usr/bin/make cmTC_f1cfb/fast && /usr/bin/make -f CMakeFiles/cmTC_f1cfb.dir/build.make CMakeFiles/cmTC_f1cfb.dir/build
make[1]: 进入目录“/home/rm/catkin_livox_ros_driver2/src/IST_2025_sentry/build/CMakeFiles/CMakeTmp”
Building C object CMakeFiles/cmTC_f1cfb.dir/src.c.o
/usr/bin/cc   -DCMAKE_HAVE_LIBC_PTHREAD   -o CMakeFiles/cmTC_f1cfb.dir/src.c.o   -c /home/rm/catkin_livox_ros_driver2/src/IST_2025_sentry/build/CMakeFiles/CMakeTmp/src.c
Linking C executable cmTC_f1cfb
/usr/bin/cmake -E cmake_link_script CMakeFiles/cmTC_f1cfb.dir/link.txt --verbose=1
/usr/bin/cc  -DCMAKE_HAVE_LIBC_PTHREAD    -rdynamic CMakeFiles/cmTC_f1cfb.dir/src.c.o  -o cmTC_f1cfb 
/usr/bin/ld: CMakeFiles/cmTC_f1cfb.dir/src.c.o: in function `main':
src.c:(.text+0x46): undefined reference to `pthread_create'
/usr/bin/ld: src.c:(.text+0x52): undefined reference to `pthread_detach'
/usr/bin/ld: src.c:(.text+0x63): undefined reference to `pthread_join'
collect2: error: ld returned 1 exit status
make[1]: *** [CMakeFiles/cmTC_f1cfb.dir/build.make:87：cmTC_f1cfb] 错误 1
make[1]: 离开目录“/home/rm/catkin_livox_ros_driver2/src/IST_2025_sentry/build/CMakeFiles/CMakeTmp”
make: *** [Makefile:121：cmTC_f1cfb/fast] 错误 2


Source file was:
#include <pthread.h>

void* test_func(void* data)
{
  return data;
}

int main(void)
{
  pthread_t thread;
  pthread_create(&thread, NULL, test_func, NULL);
  pthread_detach(thread);
  pthread_join(thread, NULL);
  pthread_atfork(NULL, NULL, NULL);
  pthread_exit(NULL);

  return 0;
}

Determining if the function pthread_create exists in the pthreads failed with the following output:
Change Dir: /home/rm/catkin_livox_ros_driver2/src/IST_2025_sentry/build/CMakeFiles/CMakeTmp

Run Build Command(s):/usr/bin/make cmTC_35f16/fast && /usr/bin/make -f CMakeFiles/cmTC_35f16.dir/build.make CMakeFiles/cmTC_35f16.dir/build
make[1]: 进入目录“/home/rm/catkin_livox_ros_driver2/src/IST_2025_sentry/build/CMakeFiles/CMakeTmp”
Building C object CMakeFiles/cmTC_35f16.dir/CheckFunctionExists.c.o
/usr/bin/cc   -DCHECK_FUNCTION_EXISTS=pthread_create   -o CMakeFiles/cmTC_35f16.dir/CheckFunctionExists.c.o   -c /usr/share/cmake-3.16/Modules/CheckFunctionExists.c
Linking C executable cmTC_35f16
/usr/bin/cmake -E cmake_link_script CMakeFiles/cmTC_35f16.dir/link.txt --verbose=1
/usr/bin/cc  -DCHECK_FUNCTION_EXISTS=pthread_create    -rdynamic CMakeFiles/cmTC_35f16.dir/CheckFunctionExists.c.o  -o cmTC_35f16  -lpthreads 
/usr/bin/ld: 找不到 -lpthreads
collect2: error: ld returned 1 exit status
make[1]: *** [CMakeFiles/cmTC_35f16.dir/build.make:87：cmTC_35f16] 错误 1
make[1]: 离开目录“/home/rm/catkin_livox_ros_driver2/src/IST_2025_sentry/build/CMakeFiles/CMakeTmp”
make: *** [Makefile:121：cmTC_35f16/fast] 错误 2



Performing C SOURCE FILE Test CMAKE_HAVE_LIBC_PTHREAD failed with the following output:
Change Dir: /home/rm/catkin_livox_ros_driver2/src/IST_2025_sentry/build/CMakeFiles/CMakeTmp

Run Build Command(s):/usr/bin/make cmTC_6af20/fast && /usr/bin/make -f CMakeFiles/cmTC_6af20.dir/build.make CMakeFiles/cmTC_6af20.dir/build
make[1]: 进入目录“/home/rm/catkin_livox_ros_driver2/src/IST_2025_sentry/build/CMakeFiles/CMakeTmp”
Building C object CMakeFiles/cmTC_6af20.dir/src.c.o
/usr/bin/cc   -DCMAKE_HAVE_LIBC_PTHREAD   -o CMakeFiles/cmTC_6af20.dir/src.c.o   -c /home/rm/catkin_livox_ros_driver2/src/IST_2025_sentry/build/CMakeFiles/CMakeTmp/src.c
Linking C executable cmTC_6af20
/usr/bin/cmake -E cmake_link_script CMakeFiles/cmTC_6af20.dir/link.txt --verbose=1
/usr/bin/cc  -DCMAKE_HAVE_LIBC_PTHREAD    -rdynamic CMakeFiles/cmTC_6af20.dir/src.c.o  -o cmTC_6af20 
/usr/bin/ld: CMakeFiles/cmTC_6af20.dir/src.c.o: in function `main':
src.c:(.text+0x46): undefined reference to `pthread_create'
/usr/bin/ld: src.c:(.text+0x52): undefined reference to `pthread_detach'
/usr/bin/ld: src.c:(.text+0x63): undefined reference to `pthread_join'
collect2: error: ld returned 1 exit status
make[1]: *** [CMakeFiles/cmTC_6af20.dir/build.make:87：cmTC_6af20] 错误 1
make[1]: 离开目录“/home/rm/catkin_livox_ros_driver2/src/IST_2025_sentry/build/CMakeFiles/CMakeTmp”
make: *** [Makefile:121：cmTC_6af20/fast] 错误 2


Source file was:
#include <pthread.h>

void* test_func(void* data)
{
  return data;
}

int main(void)
{
  pthread_t thread;
  pthread_create(&thread, NULL, test_func, NULL);
  pthread_detach(thread);
  pthread_join(thread, NULL);
  pthread_atfork(NULL, NULL, NULL);
  pthread_exit(NULL);

  return 0;
}

Determining if the function pthread_create exists in the pthreads failed with the following output:
Change Dir: /home/rm/catkin_livox_ros_driver2/src/IST_2025_sentry/build/CMakeFiles/CMakeTmp

Run Build Command(s):/usr/bin/make cmTC_abc35/fast && /usr/bin/make -f CMakeFiles/cmTC_abc35.dir/build.make CMakeFiles/cmTC_abc35.dir/build
make[1]: 进入目录“/home/rm/catkin_livox_ros_driver2/src/IST_2025_sentry/build/CMakeFiles/CMakeTmp”
Building C object CMakeFiles/cmTC_abc35.dir/CheckFunctionExists.c.o
/usr/bin/cc   -DCHECK_FUNCTION_EXISTS=pthread_create   -o CMakeFiles/cmTC_abc35.dir/CheckFunctionExists.c.o   -c /usr/share/cmake-3.16/Modules/CheckFunctionExists.c
Linking C executable cmTC_abc35
/usr/bin/cmake -E cmake_link_script CMakeFiles/cmTC_abc35.dir/link.txt --verbose=1
/usr/bin/cc  -DCHECK_FUNCTION_EXISTS=pthread_create    -rdynamic CMakeFiles/cmTC_abc35.dir/CheckFunctionExists.c.o  -o cmTC_abc35  -lpthreads 
/usr/bin/ld: 找不到 -lpthreads
collect2: error: ld returned 1 exit status
make[1]: *** [CMakeFiles/cmTC_abc35.dir/build.make:87：cmTC_abc35] 错误 1
make[1]: 离开目录“/home/rm/catkin_livox_ros_driver2/src/IST_2025_sentry/build/CMakeFiles/CMakeTmp”
make: *** [Makefile:121：cmTC_abc35/fast] 错误 2



Performing C SOURCE FILE Test CMAKE_HAVE_LIBC_PTHREAD failed with the following output:
Change Dir: /home/rm/catkin_livox_ros_driver2/src/IST_2025_sentry/build/CMakeFiles/CMakeTmp

Run Build Command(s):/usr/bin/make cmTC_23cad/fast && /usr/bin/make -f CMakeFiles/cmTC_23cad.dir/build.make CMakeFiles/cmTC_23cad.dir/build
make[1]: 进入目录“/home/rm/catkin_livox_ros_driver2/src/IST_2025_sentry/build/CMakeFiles/CMakeTmp”
Building C object CMakeFiles/cmTC_23cad.dir/src.c.o
/usr/bin/cc   -DCMAKE_HAVE_LIBC_PTHREAD   -o CMakeFiles/cmTC_23cad.dir/src.c.o   -c /home/rm/catkin_livox_ros_driver2/src/IST_2025_sentry/build/CMakeFiles/CMakeTmp/src.c
Linking C executable cmTC_23cad
/usr/bin/cmake -E cmake_link_script CMakeFiles/cmTC_23cad.dir/link.txt --verbose=1
/usr/bin/cc  -DCMAKE_HAVE_LIBC_PTHREAD    -rdynamic CMakeFiles/cmTC_23cad.dir/src.c.o  -o cmTC_23cad 
/usr/bin/ld: CMakeFiles/cmTC_23cad.dir/src.c.o: in function `main':
src.c:(.text+0x46): undefined reference to `pthread_create'
/usr/bin/ld: src.c:(.text+0x52): undefined reference to `pthread_detach'
/usr/bin/ld: src.c:(.text+0x63): undefined reference to `pthread_join'
collect2: error: ld returned 1 exit status
make[1]: *** [CMakeFiles/cmTC_23cad.dir/build.make:87：cmTC_23cad] 错误 1
make[1]: 离开目录“/home/rm/catkin_livox_ros_driver2/src/IST_2025_sentry/build/CMakeFiles/CMakeTmp”
make: *** [Makefile:121：cmTC_23cad/fast] 错误 2


Source file was:
#include <pthread.h>

void* test_func(void* data)
{
  return data;
}

int main(void)
{
  pthread_t thread;
  pthread_create(&thread, NULL, test_func, NULL);
  pthread_detach(thread);
  pthread_join(thread, NULL);
  pthread_atfork(NULL, NULL, NULL);
  pthread_exit(NULL);

  return 0;
}

Determining if the function pthread_create exists in the pthreads failed with the following output:
Change Dir: /home/rm/catkin_livox_ros_driver2/src/IST_2025_sentry/build/CMakeFiles/CMakeTmp

Run Build Command(s):/usr/bin/make cmTC_b55f8/fast && /usr/bin/make -f CMakeFiles/cmTC_b55f8.dir/build.make CMakeFiles/cmTC_b55f8.dir/build
make[1]: 进入目录“/home/rm/catkin_livox_ros_driver2/src/IST_2025_sentry/build/CMakeFiles/CMakeTmp”
Building C object CMakeFiles/cmTC_b55f8.dir/CheckFunctionExists.c.o
/usr/bin/cc   -DCHECK_FUNCTION_EXISTS=pthread_create   -o CMakeFiles/cmTC_b55f8.dir/CheckFunctionExists.c.o   -c /usr/share/cmake-3.16/Modules/CheckFunctionExists.c
Linking C executable cmTC_b55f8
/usr/bin/cmake -E cmake_link_script CMakeFiles/cmTC_b55f8.dir/link.txt --verbose=1
/usr/bin/cc  -DCHECK_FUNCTION_EXISTS=pthread_create    -rdynamic CMakeFiles/cmTC_b55f8.dir/CheckFunctionExists.c.o  -o cmTC_b55f8  -lpthreads 
/usr/bin/ld: 找不到 -lpthreads
collect2: error: ld returned 1 exit status
make[1]: *** [CMakeFiles/cmTC_b55f8.dir/build.make:87：cmTC_b55f8] 错误 1
make[1]: 离开目录“/home/rm/catkin_livox_ros_driver2/src/IST_2025_sentry/build/CMakeFiles/CMakeTmp”
make: *** [Makefile:121：cmTC_b55f8/fast] 错误 2



Performing C SOURCE FILE Test CMAKE_HAVE_LIBC_PTHREAD failed with the following output:
Change Dir: /home/rm/catkin_livox_ros_driver2/src/IST_2025_sentry/build/CMakeFiles/CMakeTmp

Run Build Command(s):/usr/bin/make cmTC_0e792/fast && /usr/bin/make -f CMakeFiles/cmTC_0e792.dir/build.make CMakeFiles/cmTC_0e792.dir/build
make[1]: 进入目录“/home/rm/catkin_livox_ros_driver2/src/IST_2025_sentry/build/CMakeFiles/CMakeTmp”
Building C object CMakeFiles/cmTC_0e792.dir/src.c.o
/usr/bin/cc   -DCMAKE_HAVE_LIBC_PTHREAD   -o CMakeFiles/cmTC_0e792.dir/src.c.o   -c /home/rm/catkin_livox_ros_driver2/src/IST_2025_sentry/build/CMakeFiles/CMakeTmp/src.c
Linking C executable cmTC_0e792
/usr/bin/cmake -E cmake_link_script CMakeFiles/cmTC_0e792.dir/link.txt --verbose=1
/usr/bin/cc  -DCMAKE_HAVE_LIBC_PTHREAD    -rdynamic CMakeFiles/cmTC_0e792.dir/src.c.o  -o cmTC_0e792 
/usr/bin/ld: CMakeFiles/cmTC_0e792.dir/src.c.o: in function `main':
src.c:(.text+0x46): undefined reference to `pthread_create'
/usr/bin/ld: src.c:(.text+0x52): undefined reference to `pthread_detach'
/usr/bin/ld: src.c:(.text+0x63): undefined reference to `pthread_join'
collect2: error: ld returned 1 exit status
make[1]: *** [CMakeFiles/cmTC_0e792.dir/build.make:87：cmTC_0e792] 错误 1
make[1]: 离开目录“/home/rm/catkin_livox_ros_driver2/src/IST_2025_sentry/build/CMakeFiles/CMakeTmp”
make: *** [Makefile:121：cmTC_0e792/fast] 错误 2


Source file was:
#include <pthread.h>

void* test_func(void* data)
{
  return data;
}

int main(void)
{
  pthread_t thread;
  pthread_create(&thread, NULL, test_func, NULL);
  pthread_detach(thread);
  pthread_join(thread, NULL);
  pthread_atfork(NULL, NULL, NULL);
  pthread_exit(NULL);

  return 0;
}

Determining if the function pthread_create exists in the pthreads failed with the following output:
Change Dir: /home/rm/catkin_livox_ros_driver2/src/IST_2025_sentry/build/CMakeFiles/CMakeTmp

Run Build Command(s):/usr/bin/make cmTC_c7159/fast && /usr/bin/make -f CMakeFiles/cmTC_c7159.dir/build.make CMakeFiles/cmTC_c7159.dir/build
make[1]: 进入目录“/home/rm/catkin_livox_ros_driver2/src/IST_2025_sentry/build/CMakeFiles/CMakeTmp”
Building C object CMakeFiles/cmTC_c7159.dir/CheckFunctionExists.c.o
/usr/bin/cc   -DCHECK_FUNCTION_EXISTS=pthread_create   -o CMakeFiles/cmTC_c7159.dir/CheckFunctionExists.c.o   -c /usr/share/cmake-3.16/Modules/CheckFunctionExists.c
Linking C executable cmTC_c7159
/usr/bin/cmake -E cmake_link_script CMakeFiles/cmTC_c7159.dir/link.txt --verbose=1
/usr/bin/cc  -DCHECK_FUNCTION_EXISTS=pthread_create    -rdynamic CMakeFiles/cmTC_c7159.dir/CheckFunctionExists.c.o  -o cmTC_c7159  -lpthreads 
/usr/bin/ld: 找不到 -lpthreads
collect2: error: ld returned 1 exit status
make[1]: *** [CMakeFiles/cmTC_c7159.dir/build.make:87：cmTC_c7159] 错误 1
make[1]: 离开目录“/home/rm/catkin_livox_ros_driver2/src/IST_2025_sentry/build/CMakeFiles/CMakeTmp”
make: *** [Makefile:121：cmTC_c7159/fast] 错误 2



Performing C SOURCE FILE Test CMAKE_HAVE_LIBC_PTHREAD failed with the following output:
Change Dir: /home/rm/catkin_livox_ros_driver2/src/IST_2025_sentry/build/CMakeFiles/CMakeTmp

Run Build Command(s):/usr/bin/make cmTC_49726/fast && /usr/bin/make -f CMakeFiles/cmTC_49726.dir/build.make CMakeFiles/cmTC_49726.dir/build
make[1]: 进入目录“/home/rm/catkin_livox_ros_driver2/src/IST_2025_sentry/build/CMakeFiles/CMakeTmp”
Building C object CMakeFiles/cmTC_49726.dir/src.c.o
/usr/bin/cc   -DCMAKE_HAVE_LIBC_PTHREAD   -o CMakeFiles/cmTC_49726.dir/src.c.o   -c /home/rm/catkin_livox_ros_driver2/src/IST_2025_sentry/build/CMakeFiles/CMakeTmp/src.c
Linking C executable cmTC_49726
/usr/bin/cmake -E cmake_link_script CMakeFiles/cmTC_49726.dir/link.txt --verbose=1
/usr/bin/cc  -DCMAKE_HAVE_LIBC_PTHREAD    -rdynamic CMakeFiles/cmTC_49726.dir/src.c.o  -o cmTC_49726 
/usr/bin/ld: CMakeFiles/cmTC_49726.dir/src.c.o: in function `main':
src.c:(.text+0x46): undefined reference to `pthread_create'
/usr/bin/ld: src.c:(.text+0x52): undefined reference to `pthread_detach'
/usr/bin/ld: src.c:(.text+0x63): undefined reference to `pthread_join'
collect2: error: ld returned 1 exit status
make[1]: *** [CMakeFiles/cmTC_49726.dir/build.make:87：cmTC_49726] 错误 1
make[1]: 离开目录“/home/rm/catkin_livox_ros_driver2/src/IST_2025_sentry/build/CMakeFiles/CMakeTmp”
make: *** [Makefile:121：cmTC_49726/fast] 错误 2


Source file was:
#include <pthread.h>

void* test_func(void* data)
{
  return data;
}

int main(void)
{
  pthread_t thread;
  pthread_create(&thread, NULL, test_func, NULL);
  pthread_detach(thread);
  pthread_join(thread, NULL);
  pthread_atfork(NULL, NULL, NULL);
  pthread_exit(NULL);

  return 0;
}

Determining if the function pthread_create exists in the pthreads failed with the following output:
Change Dir: /home/rm/catkin_livox_ros_driver2/src/IST_2025_sentry/build/CMakeFiles/CMakeTmp

Run Build Command(s):/usr/bin/make cmTC_858b5/fast && /usr/bin/make -f CMakeFiles/cmTC_858b5.dir/build.make CMakeFiles/cmTC_858b5.dir/build
make[1]: 进入目录“/home/rm/catkin_livox_ros_driver2/src/IST_2025_sentry/build/CMakeFiles/CMakeTmp”
Building C object CMakeFiles/cmTC_858b5.dir/CheckFunctionExists.c.o
/usr/bin/cc   -DCHECK_FUNCTION_EXISTS=pthread_create   -o CMakeFiles/cmTC_858b5.dir/CheckFunctionExists.c.o   -c /usr/share/cmake-3.16/Modules/CheckFunctionExists.c
Linking C executable cmTC_858b5
/usr/bin/cmake -E cmake_link_script CMakeFiles/cmTC_858b5.dir/link.txt --verbose=1
/usr/bin/cc  -DCHECK_FUNCTION_EXISTS=pthread_create    -rdynamic CMakeFiles/cmTC_858b5.dir/CheckFunctionExists.c.o  -o cmTC_858b5  -lpthreads 
/usr/bin/ld: 找不到 -lpthreads
collect2: error: ld returned 1 exit status
make[1]: *** [CMakeFiles/cmTC_858b5.dir/build.make:87：cmTC_858b5] 错误 1
make[1]: 离开目录“/home/rm/catkin_livox_ros_driver2/src/IST_2025_sentry/build/CMakeFiles/CMakeTmp”
make: *** [Makefile:121：cmTC_858b5/fast] 错误 2



Performing C SOURCE FILE Test CMAKE_HAVE_LIBC_PTHREAD failed with the following output:
Change Dir: /home/rm/catkin_livox_ros_driver2/src/IST_2025_sentry/build/CMakeFiles/CMakeTmp

Run Build Command(s):/usr/bin/make cmTC_6f36b/fast && /usr/bin/make -f CMakeFiles/cmTC_6f36b.dir/build.make CMakeFiles/cmTC_6f36b.dir/build
make[1]: 进入目录“/home/rm/catkin_livox_ros_driver2/src/IST_2025_sentry/build/CMakeFiles/CMakeTmp”
Building C object CMakeFiles/cmTC_6f36b.dir/src.c.o
/usr/bin/cc   -DCMAKE_HAVE_LIBC_PTHREAD   -o CMakeFiles/cmTC_6f36b.dir/src.c.o   -c /home/rm/catkin_livox_ros_driver2/src/IST_2025_sentry/build/CMakeFiles/CMakeTmp/src.c
Linking C executable cmTC_6f36b
/usr/bin/cmake -E cmake_link_script CMakeFiles/cmTC_6f36b.dir/link.txt --verbose=1
/usr/bin/cc  -DCMAKE_HAVE_LIBC_PTHREAD    -rdynamic CMakeFiles/cmTC_6f36b.dir/src.c.o  -o cmTC_6f36b 
/usr/bin/ld: CMakeFiles/cmTC_6f36b.dir/src.c.o: in function `main':
src.c:(.text+0x46): undefined reference to `pthread_create'
/usr/bin/ld: src.c:(.text+0x52): undefined reference to `pthread_detach'
/usr/bin/ld: src.c:(.text+0x63): undefined reference to `pthread_join'
collect2: error: ld returned 1 exit status
make[1]: *** [CMakeFiles/cmTC_6f36b.dir/build.make:87：cmTC_6f36b] 错误 1
make[1]: 离开目录“/home/rm/catkin_livox_ros_driver2/src/IST_2025_sentry/build/CMakeFiles/CMakeTmp”
make: *** [Makefile:121：cmTC_6f36b/fast] 错误 2


Source file was:
#include <pthread.h>

void* test_func(void* data)
{
  return data;
}

int main(void)
{
  pthread_t thread;
  pthread_create(&thread, NULL, test_func, NULL);
  pthread_detach(thread);
  pthread_join(thread, NULL);
  pthread_atfork(NULL, NULL, NULL);
  pthread_exit(NULL);

  return 0;
}

Determining if the function pthread_create exists in the pthreads failed with the following output:
Change Dir: /home/rm/catkin_livox_ros_driver2/src/IST_2025_sentry/build/CMakeFiles/CMakeTmp

Run Build Command(s):/usr/bin/make cmTC_4b090/fast && /usr/bin/make -f CMakeFiles/cmTC_4b090.dir/build.make CMakeFiles/cmTC_4b090.dir/build
make[1]: 进入目录“/home/rm/catkin_livox_ros_driver2/src/IST_2025_sentry/build/CMakeFiles/CMakeTmp”
Building C object CMakeFiles/cmTC_4b090.dir/CheckFunctionExists.c.o
/usr/bin/cc   -DCHECK_FUNCTION_EXISTS=pthread_create   -o CMakeFiles/cmTC_4b090.dir/CheckFunctionExists.c.o   -c /usr/share/cmake-3.16/Modules/CheckFunctionExists.c
Linking C executable cmTC_4b090
/usr/bin/cmake -E cmake_link_script CMakeFiles/cmTC_4b090.dir/link.txt --verbose=1
/usr/bin/cc  -DCHECK_FUNCTION_EXISTS=pthread_create    -rdynamic CMakeFiles/cmTC_4b090.dir/CheckFunctionExists.c.o  -o cmTC_4b090  -lpthreads 
/usr/bin/ld: 找不到 -lpthreads
collect2: error: ld returned 1 exit status
make[1]: *** [CMakeFiles/cmTC_4b090.dir/build.make:87：cmTC_4b090] 错误 1
make[1]: 离开目录“/home/rm/catkin_livox_ros_driver2/src/IST_2025_sentry/build/CMakeFiles/CMakeTmp”
make: *** [Makefile:121：cmTC_4b090/fast] 错误 2



Performing C SOURCE FILE Test CMAKE_HAVE_LIBC_PTHREAD failed with the following output:
Change Dir: /home/rm/catkin_livox_ros_driver2/src/IST_2025_sentry/build/CMakeFiles/CMakeTmp

Run Build Command(s):/usr/bin/make cmTC_e6a15/fast && /usr/bin/make -f CMakeFiles/cmTC_e6a15.dir/build.make CMakeFiles/cmTC_e6a15.dir/build
make[1]: 进入目录“/home/rm/catkin_livox_ros_driver2/src/IST_2025_sentry/build/CMakeFiles/CMakeTmp”
Building C object CMakeFiles/cmTC_e6a15.dir/src.c.o
/usr/bin/cc   -DCMAKE_HAVE_LIBC_PTHREAD   -o CMakeFiles/cmTC_e6a15.dir/src.c.o   -c /home/rm/catkin_livox_ros_driver2/src/IST_2025_sentry/build/CMakeFiles/CMakeTmp/src.c
Linking C executable cmTC_e6a15
/usr/bin/cmake -E cmake_link_script CMakeFiles/cmTC_e6a15.dir/link.txt --verbose=1
/usr/bin/cc  -DCMAKE_HAVE_LIBC_PTHREAD    -rdynamic CMakeFiles/cmTC_e6a15.dir/src.c.o  -o cmTC_e6a15 
/usr/bin/ld: CMakeFiles/cmTC_e6a15.dir/src.c.o: in function `main':
src.c:(.text+0x46): undefined reference to `pthread_create'
/usr/bin/ld: src.c:(.text+0x52): undefined reference to `pthread_detach'
/usr/bin/ld: src.c:(.text+0x63): undefined reference to `pthread_join'
collect2: error: ld returned 1 exit status
make[1]: *** [CMakeFiles/cmTC_e6a15.dir/build.make:87：cmTC_e6a15] 错误 1
make[1]: 离开目录“/home/rm/catkin_livox_ros_driver2/src/IST_2025_sentry/build/CMakeFiles/CMakeTmp”
make: *** [Makefile:121：cmTC_e6a15/fast] 错误 2


Source file was:
#include <pthread.h>

void* test_func(void* data)
{
  return data;
}

int main(void)
{
  pthread_t thread;
  pthread_create(&thread, NULL, test_func, NULL);
  pthread_detach(thread);
  pthread_join(thread, NULL);
  pthread_atfork(NULL, NULL, NULL);
  pthread_exit(NULL);

  return 0;
}

Determining if the function pthread_create exists in the pthreads failed with the following output:
Change Dir: /home/rm/catkin_livox_ros_driver2/src/IST_2025_sentry/build/CMakeFiles/CMakeTmp

Run Build Command(s):/usr/bin/make cmTC_d3614/fast && /usr/bin/make -f CMakeFiles/cmTC_d3614.dir/build.make CMakeFiles/cmTC_d3614.dir/build
make[1]: 进入目录“/home/rm/catkin_livox_ros_driver2/src/IST_2025_sentry/build/CMakeFiles/CMakeTmp”
Building C object CMakeFiles/cmTC_d3614.dir/CheckFunctionExists.c.o
/usr/bin/cc   -DCHECK_FUNCTION_EXISTS=pthread_create   -o CMakeFiles/cmTC_d3614.dir/CheckFunctionExists.c.o   -c /usr/share/cmake-3.16/Modules/CheckFunctionExists.c
Linking C executable cmTC_d3614
/usr/bin/cmake -E cmake_link_script CMakeFiles/cmTC_d3614.dir/link.txt --verbose=1
/usr/bin/cc  -DCHECK_FUNCTION_EXISTS=pthread_create    -rdynamic CMakeFiles/cmTC_d3614.dir/CheckFunctionExists.c.o  -o cmTC_d3614  -lpthreads 
/usr/bin/ld: 找不到 -lpthreads
collect2: error: ld returned 1 exit status
make[1]: *** [CMakeFiles/cmTC_d3614.dir/build.make:87：cmTC_d3614] 错误 1
make[1]: 离开目录“/home/rm/catkin_livox_ros_driver2/src/IST_2025_sentry/build/CMakeFiles/CMakeTmp”
make: *** [Makefile:121：cmTC_d3614/fast] 错误 2



Performing C SOURCE FILE Test CMAKE_HAVE_LIBC_PTHREAD failed with the following output:
Change Dir: /home/rm/catkin_livox_ros_driver2/src/IST_2025_sentry/build/CMakeFiles/CMakeTmp

Run Build Command(s):/usr/bin/make cmTC_6deb1/fast && /usr/bin/make -f CMakeFiles/cmTC_6deb1.dir/build.make CMakeFiles/cmTC_6deb1.dir/build
make[1]: 进入目录“/home/rm/catkin_livox_ros_driver2/src/IST_2025_sentry/build/CMakeFiles/CMakeTmp”
Building C object CMakeFiles/cmTC_6deb1.dir/src.c.o
/usr/bin/cc   -DCMAKE_HAVE_LIBC_PTHREAD   -o CMakeFiles/cmTC_6deb1.dir/src.c.o   -c /home/rm/catkin_livox_ros_driver2/src/IST_2025_sentry/build/CMakeFiles/CMakeTmp/src.c
Linking C executable cmTC_6deb1
/usr/bin/cmake -E cmake_link_script CMakeFiles/cmTC_6deb1.dir/link.txt --verbose=1
/usr/bin/cc  -DCMAKE_HAVE_LIBC_PTHREAD    -rdynamic CMakeFiles/cmTC_6deb1.dir/src.c.o  -o cmTC_6deb1 
/usr/bin/ld: CMakeFiles/cmTC_6deb1.dir/src.c.o: in function `main':
src.c:(.text+0x46): undefined reference to `pthread_create'
/usr/bin/ld: src.c:(.text+0x52): undefined reference to `pthread_detach'
/usr/bin/ld: src.c:(.text+0x63): undefined reference to `pthread_join'
collect2: error: ld returned 1 exit status
make[1]: *** [CMakeFiles/cmTC_6deb1.dir/build.make:87：cmTC_6deb1] 错误 1
make[1]: 离开目录“/home/rm/catkin_livox_ros_driver2/src/IST_2025_sentry/build/CMakeFiles/CMakeTmp”
make: *** [Makefile:121：cmTC_6deb1/fast] 错误 2


Source file was:
#include <pthread.h>

void* test_func(void* data)
{
  return data;
}

int main(void)
{
  pthread_t thread;
  pthread_create(&thread, NULL, test_func, NULL);
  pthread_detach(thread);
  pthread_join(thread, NULL);
  pthread_atfork(NULL, NULL, NULL);
  pthread_exit(NULL);

  return 0;
}

Determining if the function pthread_create exists in the pthreads failed with the following output:
Change Dir: /home/rm/catkin_livox_ros_driver2/src/IST_2025_sentry/build/CMakeFiles/CMakeTmp

Run Build Command(s):/usr/bin/make cmTC_1ba8a/fast && /usr/bin/make -f CMakeFiles/cmTC_1ba8a.dir/build.make CMakeFiles/cmTC_1ba8a.dir/build
make[1]: 进入目录“/home/rm/catkin_livox_ros_driver2/src/IST_2025_sentry/build/CMakeFiles/CMakeTmp”
Building C object CMakeFiles/cmTC_1ba8a.dir/CheckFunctionExists.c.o
/usr/bin/cc   -DCHECK_FUNCTION_EXISTS=pthread_create   -o CMakeFiles/cmTC_1ba8a.dir/CheckFunctionExists.c.o   -c /usr/share/cmake-3.16/Modules/CheckFunctionExists.c
Linking C executable cmTC_1ba8a
/usr/bin/cmake -E cmake_link_script CMakeFiles/cmTC_1ba8a.dir/link.txt --verbose=1
/usr/bin/cc  -DCHECK_FUNCTION_EXISTS=pthread_create    -rdynamic CMakeFiles/cmTC_1ba8a.dir/CheckFunctionExists.c.o  -o cmTC_1ba8a  -lpthreads 
/usr/bin/ld: 找不到 -lpthreads
collect2: error: ld returned 1 exit status
make[1]: *** [CMakeFiles/cmTC_1ba8a.dir/build.make:87：cmTC_1ba8a] 错误 1
make[1]: 离开目录“/home/rm/catkin_livox_ros_driver2/src/IST_2025_sentry/build/CMakeFiles/CMakeTmp”
make: *** [Makefile:121：cmTC_1ba8a/fast] 错误 2



Performing C SOURCE FILE Test CMAKE_HAVE_LIBC_PTHREAD failed with the following output:
Change Dir: /home/rm/catkin_livox_ros_driver2/src/IST_2025_sentry/build/CMakeFiles/CMakeTmp

Run Build Command(s):/usr/bin/make cmTC_dd881/fast && /usr/bin/make -f CMakeFiles/cmTC_dd881.dir/build.make CMakeFiles/cmTC_dd881.dir/build
make[1]: 进入目录“/home/rm/catkin_livox_ros_driver2/src/IST_2025_sentry/build/CMakeFiles/CMakeTmp”
Building C object CMakeFiles/cmTC_dd881.dir/src.c.o
/usr/bin/cc   -DCMAKE_HAVE_LIBC_PTHREAD   -o CMakeFiles/cmTC_dd881.dir/src.c.o   -c /home/rm/catkin_livox_ros_driver2/src/IST_2025_sentry/build/CMakeFiles/CMakeTmp/src.c
Linking C executable cmTC_dd881
/usr/bin/cmake -E cmake_link_script CMakeFiles/cmTC_dd881.dir/link.txt --verbose=1
/usr/bin/cc  -DCMAKE_HAVE_LIBC_PTHREAD    -rdynamic CMakeFiles/cmTC_dd881.dir/src.c.o  -o cmTC_dd881 
/usr/bin/ld: CMakeFiles/cmTC_dd881.dir/src.c.o: in function `main':
src.c:(.text+0x46): undefined reference to `pthread_create'
/usr/bin/ld: src.c:(.text+0x52): undefined reference to `pthread_detach'
/usr/bin/ld: src.c:(.text+0x63): undefined reference to `pthread_join'
collect2: error: ld returned 1 exit status
make[1]: *** [CMakeFiles/cmTC_dd881.dir/build.make:87：cmTC_dd881] 错误 1
make[1]: 离开目录“/home/rm/catkin_livox_ros_driver2/src/IST_2025_sentry/build/CMakeFiles/CMakeTmp”
make: *** [Makefile:121：cmTC_dd881/fast] 错误 2


Source file was:
#include <pthread.h>

void* test_func(void* data)
{
  return data;
}

int main(void)
{
  pthread_t thread;
  pthread_create(&thread, NULL, test_func, NULL);
  pthread_detach(thread);
  pthread_join(thread, NULL);
  pthread_atfork(NULL, NULL, NULL);
  pthread_exit(NULL);

  return 0;
}

Determining if the function pthread_create exists in the pthreads failed with the following output:
Change Dir: /home/rm/catkin_livox_ros_driver2/src/IST_2025_sentry/build/CMakeFiles/CMakeTmp

Run Build Command(s):/usr/bin/make cmTC_24517/fast && /usr/bin/make -f CMakeFiles/cmTC_24517.dir/build.make CMakeFiles/cmTC_24517.dir/build
make[1]: 进入目录“/home/rm/catkin_livox_ros_driver2/src/IST_2025_sentry/build/CMakeFiles/CMakeTmp”
Building C object CMakeFiles/cmTC_24517.dir/CheckFunctionExists.c.o
/usr/bin/cc   -DCHECK_FUNCTION_EXISTS=pthread_create   -o CMakeFiles/cmTC_24517.dir/CheckFunctionExists.c.o   -c /usr/share/cmake-3.16/Modules/CheckFunctionExists.c
Linking C executable cmTC_24517
/usr/bin/cmake -E cmake_link_script CMakeFiles/cmTC_24517.dir/link.txt --verbose=1
/usr/bin/cc  -DCHECK_FUNCTION_EXISTS=pthread_create    -rdynamic CMakeFiles/cmTC_24517.dir/CheckFunctionExists.c.o  -o cmTC_24517  -lpthreads 
/usr/bin/ld: 找不到 -lpthreads
collect2: error: ld returned 1 exit status
make[1]: *** [CMakeFiles/cmTC_24517.dir/build.make:87：cmTC_24517] 错误 1
make[1]: 离开目录“/home/rm/catkin_livox_ros_driver2/src/IST_2025_sentry/build/CMakeFiles/CMakeTmp”
make: *** [Makefile:121：cmTC_24517/fast] 错误 2



Performing C SOURCE FILE Test CMAKE_HAVE_LIBC_PTHREAD failed with the following output:
Change Dir: /home/rm/catkin_livox_ros_driver2/src/IST_2025_sentry/build/CMakeFiles/CMakeTmp

Run Build Command(s):/usr/bin/make cmTC_82781/fast && /usr/bin/make -f CMakeFiles/cmTC_82781.dir/build.make CMakeFiles/cmTC_82781.dir/build
make[1]: 进入目录“/home/rm/catkin_livox_ros_driver2/src/IST_2025_sentry/build/CMakeFiles/CMakeTmp”
Building C object CMakeFiles/cmTC_82781.dir/src.c.o
/usr/bin/cc   -DCMAKE_HAVE_LIBC_PTHREAD   -o CMakeFiles/cmTC_82781.dir/src.c.o   -c /home/rm/catkin_livox_ros_driver2/src/IST_2025_sentry/build/CMakeFiles/CMakeTmp/src.c
Linking C executable cmTC_82781
/usr/bin/cmake -E cmake_link_script CMakeFiles/cmTC_82781.dir/link.txt --verbose=1
/usr/bin/cc  -DCMAKE_HAVE_LIBC_PTHREAD    -rdynamic CMakeFiles/cmTC_82781.dir/src.c.o  -o cmTC_82781 
/usr/bin/ld: CMakeFiles/cmTC_82781.dir/src.c.o: in function `main':
src.c:(.text+0x46): undefined reference to `pthread_create'
/usr/bin/ld: src.c:(.text+0x52): undefined reference to `pthread_detach'
/usr/bin/ld: src.c:(.text+0x63): undefined reference to `pthread_join'
collect2: error: ld returned 1 exit status
make[1]: *** [CMakeFiles/cmTC_82781.dir/build.make:87：cmTC_82781] 错误 1
make[1]: 离开目录“/home/rm/catkin_livox_ros_driver2/src/IST_2025_sentry/build/CMakeFiles/CMakeTmp”
make: *** [Makefile:121：cmTC_82781/fast] 错误 2


Source file was:
#include <pthread.h>

void* test_func(void* data)
{
  return data;
}

int main(void)
{
  pthread_t thread;
  pthread_create(&thread, NULL, test_func, NULL);
  pthread_detach(thread);
  pthread_join(thread, NULL);
  pthread_atfork(NULL, NULL, NULL);
  pthread_exit(NULL);

  return 0;
}

Determining if the function pthread_create exists in the pthreads failed with the following output:
Change Dir: /home/rm/catkin_livox_ros_driver2/src/IST_2025_sentry/build/CMakeFiles/CMakeTmp

Run Build Command(s):/usr/bin/make cmTC_a9ea0/fast && /usr/bin/make -f CMakeFiles/cmTC_a9ea0.dir/build.make CMakeFiles/cmTC_a9ea0.dir/build
make[1]: 进入目录“/home/rm/catkin_livox_ros_driver2/src/IST_2025_sentry/build/CMakeFiles/CMakeTmp”
Building C object CMakeFiles/cmTC_a9ea0.dir/CheckFunctionExists.c.o
/usr/bin/cc   -DCHECK_FUNCTION_EXISTS=pthread_create   -o CMakeFiles/cmTC_a9ea0.dir/CheckFunctionExists.c.o   -c /usr/share/cmake-3.16/Modules/CheckFunctionExists.c
Linking C executable cmTC_a9ea0
/usr/bin/cmake -E cmake_link_script CMakeFiles/cmTC_a9ea0.dir/link.txt --verbose=1
/usr/bin/cc  -DCHECK_FUNCTION_EXISTS=pthread_create    -rdynamic CMakeFiles/cmTC_a9ea0.dir/CheckFunctionExists.c.o  -o cmTC_a9ea0  -lpthreads 
/usr/bin/ld: 找不到 -lpthreads
collect2: error: ld returned 1 exit status
make[1]: *** [CMakeFiles/cmTC_a9ea0.dir/build.make:87：cmTC_a9ea0] 错误 1
make[1]: 离开目录“/home/rm/catkin_livox_ros_driver2/src/IST_2025_sentry/build/CMakeFiles/CMakeTmp”
make: *** [Makefile:121：cmTC_a9ea0/fast] 错误 2



Performing C SOURCE FILE Test CMAKE_HAVE_LIBC_PTHREAD failed with the following output:
Change Dir: /home/rm/catkin_livox_ros_driver2/src/IST_2025_sentry/build/CMakeFiles/CMakeTmp

Run Build Command(s):/usr/bin/make cmTC_54514/fast && /usr/bin/make -f CMakeFiles/cmTC_54514.dir/build.make CMakeFiles/cmTC_54514.dir/build
make[1]: 进入目录“/home/rm/catkin_livox_ros_driver2/src/IST_2025_sentry/build/CMakeFiles/CMakeTmp”
Building C object CMakeFiles/cmTC_54514.dir/src.c.o
/usr/bin/cc   -DCMAKE_HAVE_LIBC_PTHREAD   -o CMakeFiles/cmTC_54514.dir/src.c.o   -c /home/rm/catkin_livox_ros_driver2/src/IST_2025_sentry/build/CMakeFiles/CMakeTmp/src.c
Linking C executable cmTC_54514
/usr/bin/cmake -E cmake_link_script CMakeFiles/cmTC_54514.dir/link.txt --verbose=1
/usr/bin/cc  -DCMAKE_HAVE_LIBC_PTHREAD    -rdynamic CMakeFiles/cmTC_54514.dir/src.c.o  -o cmTC_54514 
/usr/bin/ld: CMakeFiles/cmTC_54514.dir/src.c.o: in function `main':
src.c:(.text+0x46): undefined reference to `pthread_create'
/usr/bin/ld: src.c:(.text+0x52): undefined reference to `pthread_detach'
/usr/bin/ld: src.c:(.text+0x63): undefined reference to `pthread_join'
collect2: error: ld returned 1 exit status
make[1]: *** [CMakeFiles/cmTC_54514.dir/build.make:87：cmTC_54514] 错误 1
make[1]: 离开目录“/home/rm/catkin_livox_ros_driver2/src/IST_2025_sentry/build/CMakeFiles/CMakeTmp”
make: *** [Makefile:121：cmTC_54514/fast] 错误 2


Source file was:
#include <pthread.h>

void* test_func(void* data)
{
  return data;
}

int main(void)
{
  pthread_t thread;
  pthread_create(&thread, NULL, test_func, NULL);
  pthread_detach(thread);
  pthread_join(thread, NULL);
  pthread_atfork(NULL, NULL, NULL);
  pthread_exit(NULL);

  return 0;
}

Determining if the function pthread_create exists in the pthreads failed with the following output:
Change Dir: /home/rm/catkin_livox_ros_driver2/src/IST_2025_sentry/build/CMakeFiles/CMakeTmp

Run Build Command(s):/usr/bin/make cmTC_5e69b/fast && /usr/bin/make -f CMakeFiles/cmTC_5e69b.dir/build.make CMakeFiles/cmTC_5e69b.dir/build
make[1]: 进入目录“/home/rm/catkin_livox_ros_driver2/src/IST_2025_sentry/build/CMakeFiles/CMakeTmp”
Building C object CMakeFiles/cmTC_5e69b.dir/CheckFunctionExists.c.o
/usr/bin/cc   -DCHECK_FUNCTION_EXISTS=pthread_create   -o CMakeFiles/cmTC_5e69b.dir/CheckFunctionExists.c.o   -c /usr/share/cmake-3.16/Modules/CheckFunctionExists.c
Linking C executable cmTC_5e69b
/usr/bin/cmake -E cmake_link_script CMakeFiles/cmTC_5e69b.dir/link.txt --verbose=1
/usr/bin/cc  -DCHECK_FUNCTION_EXISTS=pthread_create    -rdynamic CMakeFiles/cmTC_5e69b.dir/CheckFunctionExists.c.o  -o cmTC_5e69b  -lpthreads 
/usr/bin/ld: 找不到 -lpthreads
collect2: error: ld returned 1 exit status
make[1]: *** [CMakeFiles/cmTC_5e69b.dir/build.make:87：cmTC_5e69b] 错误 1
make[1]: 离开目录“/home/rm/catkin_livox_ros_driver2/src/IST_2025_sentry/build/CMakeFiles/CMakeTmp”
make: *** [Makefile:121：cmTC_5e69b/fast] 错误 2



Performing C SOURCE FILE Test CMAKE_HAVE_LIBC_PTHREAD failed with the following output:
Change Dir: /home/rm/catkin_livox_ros_driver2/src/IST_2025_sentry/build/CMakeFiles/CMakeTmp

Run Build Command(s):/usr/bin/make cmTC_2de53/fast && /usr/bin/make -f CMakeFiles/cmTC_2de53.dir/build.make CMakeFiles/cmTC_2de53.dir/build
make[1]: 进入目录“/home/rm/catkin_livox_ros_driver2/src/IST_2025_sentry/build/CMakeFiles/CMakeTmp”
Building C object CMakeFiles/cmTC_2de53.dir/src.c.o
/usr/bin/cc   -DCMAKE_HAVE_LIBC_PTHREAD   -o CMakeFiles/cmTC_2de53.dir/src.c.o   -c /home/rm/catkin_livox_ros_driver2/src/IST_2025_sentry/build/CMakeFiles/CMakeTmp/src.c
Linking C executable cmTC_2de53
/usr/bin/cmake -E cmake_link_script CMakeFiles/cmTC_2de53.dir/link.txt --verbose=1
/usr/bin/cc  -DCMAKE_HAVE_LIBC_PTHREAD    -rdynamic CMakeFiles/cmTC_2de53.dir/src.c.o  -o cmTC_2de53 
/usr/bin/ld: CMakeFiles/cmTC_2de53.dir/src.c.o: in function `main':
src.c:(.text+0x46): undefined reference to `pthread_create'
/usr/bin/ld: src.c:(.text+0x52): undefined reference to `pthread_detach'
/usr/bin/ld: src.c:(.text+0x63): undefined reference to `pthread_join'
collect2: error: ld returned 1 exit status
make[1]: *** [CMakeFiles/cmTC_2de53.dir/build.make:87：cmTC_2de53] 错误 1
make[1]: 离开目录“/home/rm/catkin_livox_ros_driver2/src/IST_2025_sentry/build/CMakeFiles/CMakeTmp”
make: *** [Makefile:121：cmTC_2de53/fast] 错误 2


Source file was:
#include <pthread.h>

void* test_func(void* data)
{
  return data;
}

int main(void)
{
  pthread_t thread;
  pthread_create(&thread, NULL, test_func, NULL);
  pthread_detach(thread);
  pthread_join(thread, NULL);
  pthread_atfork(NULL, NULL, NULL);
  pthread_exit(NULL);

  return 0;
}

Determining if the function pthread_create exists in the pthreads failed with the following output:
Change Dir: /home/rm/catkin_livox_ros_driver2/src/IST_2025_sentry/build/CMakeFiles/CMakeTmp

Run Build Command(s):/usr/bin/make cmTC_879a1/fast && /usr/bin/make -f CMakeFiles/cmTC_879a1.dir/build.make CMakeFiles/cmTC_879a1.dir/build
make[1]: 进入目录“/home/rm/catkin_livox_ros_driver2/src/IST_2025_sentry/build/CMakeFiles/CMakeTmp”
Building C object CMakeFiles/cmTC_879a1.dir/CheckFunctionExists.c.o
/usr/bin/cc   -DCHECK_FUNCTION_EXISTS=pthread_create   -o CMakeFiles/cmTC_879a1.dir/CheckFunctionExists.c.o   -c /usr/share/cmake-3.16/Modules/CheckFunctionExists.c
Linking C executable cmTC_879a1
/usr/bin/cmake -E cmake_link_script CMakeFiles/cmTC_879a1.dir/link.txt --verbose=1
/usr/bin/cc  -DCHECK_FUNCTION_EXISTS=pthread_create    -rdynamic CMakeFiles/cmTC_879a1.dir/CheckFunctionExists.c.o  -o cmTC_879a1  -lpthreads 
/usr/bin/ld: 找不到 -lpthreads
collect2: error: ld returned 1 exit status
make[1]: *** [CMakeFiles/cmTC_879a1.dir/build.make:87：cmTC_879a1] 错误 1
make[1]: 离开目录“/home/rm/catkin_livox_ros_driver2/src/IST_2025_sentry/build/CMakeFiles/CMakeTmp”
make: *** [Makefile:121：cmTC_879a1/fast] 错误 2



Performing C SOURCE FILE Test CMAKE_HAVE_LIBC_PTHREAD failed with the following output:
Change Dir: /home/rm/catkin_livox_ros_driver2/src/IST_2025_sentry/build/CMakeFiles/CMakeTmp

Run Build Command(s):/usr/bin/make cmTC_51e37/fast && /usr/bin/make -f CMakeFiles/cmTC_51e37.dir/build.make CMakeFiles/cmTC_51e37.dir/build
make[1]: 进入目录“/home/rm/catkin_livox_ros_driver2/src/IST_2025_sentry/build/CMakeFiles/CMakeTmp”
Building C object CMakeFiles/cmTC_51e37.dir/src.c.o
/usr/bin/cc   -DCMAKE_HAVE_LIBC_PTHREAD   -o CMakeFiles/cmTC_51e37.dir/src.c.o   -c /home/rm/catkin_livox_ros_driver2/src/IST_2025_sentry/build/CMakeFiles/CMakeTmp/src.c
Linking C executable cmTC_51e37
/usr/bin/cmake -E cmake_link_script CMakeFiles/cmTC_51e37.dir/link.txt --verbose=1
/usr/bin/cc  -DCMAKE_HAVE_LIBC_PTHREAD    -rdynamic CMakeFiles/cmTC_51e37.dir/src.c.o  -o cmTC_51e37 
/usr/bin/ld: CMakeFiles/cmTC_51e37.dir/src.c.o: in function `main':
src.c:(.text+0x46): undefined reference to `pthread_create'
/usr/bin/ld: src.c:(.text+0x52): undefined reference to `pthread_detach'
/usr/bin/ld: src.c:(.text+0x63): undefined reference to `pthread_join'
collect2: error: ld returned 1 exit status
make[1]: *** [CMakeFiles/cmTC_51e37.dir/build.make:87：cmTC_51e37] 错误 1
make[1]: 离开目录“/home/rm/catkin_livox_ros_driver2/src/IST_2025_sentry/build/CMakeFiles/CMakeTmp”
make: *** [Makefile:121：cmTC_51e37/fast] 错误 2


Source file was:
#include <pthread.h>

void* test_func(void* data)
{
  return data;
}

int main(void)
{
  pthread_t thread;
  pthread_create(&thread, NULL, test_func, NULL);
  pthread_detach(thread);
  pthread_join(thread, NULL);
  pthread_atfork(NULL, NULL, NULL);
  pthread_exit(NULL);

  return 0;
}

Determining if the function pthread_create exists in the pthreads failed with the following output:
Change Dir: /home/rm/catkin_livox_ros_driver2/src/IST_2025_sentry/build/CMakeFiles/CMakeTmp

Run Build Command(s):/usr/bin/make cmTC_f3df6/fast && /usr/bin/make -f CMakeFiles/cmTC_f3df6.dir/build.make CMakeFiles/cmTC_f3df6.dir/build
make[1]: 进入目录“/home/rm/catkin_livox_ros_driver2/src/IST_2025_sentry/build/CMakeFiles/CMakeTmp”
Building C object CMakeFiles/cmTC_f3df6.dir/CheckFunctionExists.c.o
/usr/bin/cc   -DCHECK_FUNCTION_EXISTS=pthread_create   -o CMakeFiles/cmTC_f3df6.dir/CheckFunctionExists.c.o   -c /usr/share/cmake-3.16/Modules/CheckFunctionExists.c
Linking C executable cmTC_f3df6
/usr/bin/cmake -E cmake_link_script CMakeFiles/cmTC_f3df6.dir/link.txt --verbose=1
/usr/bin/cc  -DCHECK_FUNCTION_EXISTS=pthread_create    -rdynamic CMakeFiles/cmTC_f3df6.dir/CheckFunctionExists.c.o  -o cmTC_f3df6  -lpthreads 
/usr/bin/ld: 找不到 -lpthreads
collect2: error: ld returned 1 exit status
make[1]: *** [CMakeFiles/cmTC_f3df6.dir/build.make:87：cmTC_f3df6] 错误 1
make[1]: 离开目录“/home/rm/catkin_livox_ros_driver2/src/IST_2025_sentry/build/CMakeFiles/CMakeTmp”
make: *** [Makefile:121：cmTC_f3df6/fast] 错误 2



Performing C SOURCE FILE Test CMAKE_HAVE_LIBC_PTHREAD failed with the following output:
Change Dir: /home/rm/catkin_livox_ros_driver2/src/IST_2025_sentry/build/CMakeFiles/CMakeTmp

Run Build Command(s):/usr/bin/make cmTC_dec60/fast && /usr/bin/make -f CMakeFiles/cmTC_dec60.dir/build.make CMakeFiles/cmTC_dec60.dir/build
make[1]: 进入目录“/home/rm/catkin_livox_ros_driver2/src/IST_2025_sentry/build/CMakeFiles/CMakeTmp”
Building C object CMakeFiles/cmTC_dec60.dir/src.c.o
/usr/bin/cc   -DCMAKE_HAVE_LIBC_PTHREAD   -o CMakeFiles/cmTC_dec60.dir/src.c.o   -c /home/rm/catkin_livox_ros_driver2/src/IST_2025_sentry/build/CMakeFiles/CMakeTmp/src.c
Linking C executable cmTC_dec60
/usr/bin/cmake -E cmake_link_script CMakeFiles/cmTC_dec60.dir/link.txt --verbose=1
/usr/bin/cc  -DCMAKE_HAVE_LIBC_PTHREAD    -rdynamic CMakeFiles/cmTC_dec60.dir/src.c.o  -o cmTC_dec60 
/usr/bin/ld: CMakeFiles/cmTC_dec60.dir/src.c.o: in function `main':
src.c:(.text+0x46): undefined reference to `pthread_create'
/usr/bin/ld: src.c:(.text+0x52): undefined reference to `pthread_detach'
/usr/bin/ld: src.c:(.text+0x63): undefined reference to `pthread_join'
collect2: error: ld returned 1 exit status
make[1]: *** [CMakeFiles/cmTC_dec60.dir/build.make:87：cmTC_dec60] 错误 1
make[1]: 离开目录“/home/rm/catkin_livox_ros_driver2/src/IST_2025_sentry/build/CMakeFiles/CMakeTmp”
make: *** [Makefile:121：cmTC_dec60/fast] 错误 2


Source file was:
#include <pthread.h>

void* test_func(void* data)
{
  return data;
}

int main(void)
{
  pthread_t thread;
  pthread_create(&thread, NULL, test_func, NULL);
  pthread_detach(thread);
  pthread_join(thread, NULL);
  pthread_atfork(NULL, NULL, NULL);
  pthread_exit(NULL);

  return 0;
}

Determining if the function pthread_create exists in the pthreads failed with the following output:
Change Dir: /home/rm/catkin_livox_ros_driver2/src/IST_2025_sentry/build/CMakeFiles/CMakeTmp

Run Build Command(s):/usr/bin/make cmTC_b5336/fast && /usr/bin/make -f CMakeFiles/cmTC_b5336.dir/build.make CMakeFiles/cmTC_b5336.dir/build
make[1]: 进入目录“/home/rm/catkin_livox_ros_driver2/src/IST_2025_sentry/build/CMakeFiles/CMakeTmp”
Building C object CMakeFiles/cmTC_b5336.dir/CheckFunctionExists.c.o
/usr/bin/cc   -DCHECK_FUNCTION_EXISTS=pthread_create   -o CMakeFiles/cmTC_b5336.dir/CheckFunctionExists.c.o   -c /usr/share/cmake-3.16/Modules/CheckFunctionExists.c
Linking C executable cmTC_b5336
/usr/bin/cmake -E cmake_link_script CMakeFiles/cmTC_b5336.dir/link.txt --verbose=1
/usr/bin/cc  -DCHECK_FUNCTION_EXISTS=pthread_create    -rdynamic CMakeFiles/cmTC_b5336.dir/CheckFunctionExists.c.o  -o cmTC_b5336  -lpthreads 
/usr/bin/ld: 找不到 -lpthreads
collect2: error: ld returned 1 exit status
make[1]: *** [CMakeFiles/cmTC_b5336.dir/build.make:87：cmTC_b5336] 错误 1
make[1]: 离开目录“/home/rm/catkin_livox_ros_driver2/src/IST_2025_sentry/build/CMakeFiles/CMakeTmp”
make: *** [Makefile:121：cmTC_b5336/fast] 错误 2



Performing C SOURCE FILE Test CMAKE_HAVE_LIBC_PTHREAD failed with the following output:
Change Dir: /home/rm/catkin_livox_ros_driver2/src/IST_2025_sentry/build/CMakeFiles/CMakeTmp

Run Build Command(s):/usr/bin/make cmTC_90bf7/fast && /usr/bin/make -f CMakeFiles/cmTC_90bf7.dir/build.make CMakeFiles/cmTC_90bf7.dir/build
make[1]: 进入目录“/home/rm/catkin_livox_ros_driver2/src/IST_2025_sentry/build/CMakeFiles/CMakeTmp”
Building C object CMakeFiles/cmTC_90bf7.dir/src.c.o
/usr/bin/cc   -DCMAKE_HAVE_LIBC_PTHREAD   -o CMakeFiles/cmTC_90bf7.dir/src.c.o   -c /home/rm/catkin_livox_ros_driver2/src/IST_2025_sentry/build/CMakeFiles/CMakeTmp/src.c
Linking C executable cmTC_90bf7
/usr/bin/cmake -E cmake_link_script CMakeFiles/cmTC_90bf7.dir/link.txt --verbose=1
/usr/bin/cc  -DCMAKE_HAVE_LIBC_PTHREAD    -rdynamic CMakeFiles/cmTC_90bf7.dir/src.c.o  -o cmTC_90bf7 
/usr/bin/ld: CMakeFiles/cmTC_90bf7.dir/src.c.o: in function `main':
src.c:(.text+0x46): undefined reference to `pthread_create'
/usr/bin/ld: src.c:(.text+0x52): undefined reference to `pthread_detach'
/usr/bin/ld: src.c:(.text+0x63): undefined reference to `pthread_join'
collect2: error: ld returned 1 exit status
make[1]: *** [CMakeFiles/cmTC_90bf7.dir/build.make:87：cmTC_90bf7] 错误 1
make[1]: 离开目录“/home/rm/catkin_livox_ros_driver2/src/IST_2025_sentry/build/CMakeFiles/CMakeTmp”
make: *** [Makefile:121：cmTC_90bf7/fast] 错误 2


Source file was:
#include <pthread.h>

void* test_func(void* data)
{
  return data;
}

int main(void)
{
  pthread_t thread;
  pthread_create(&thread, NULL, test_func, NULL);
  pthread_detach(thread);
  pthread_join(thread, NULL);
  pthread_atfork(NULL, NULL, NULL);
  pthread_exit(NULL);

  return 0;
}

Determining if the function pthread_create exists in the pthreads failed with the following output:
Change Dir: /home/rm/catkin_livox_ros_driver2/src/IST_2025_sentry/build/CMakeFiles/CMakeTmp

Run Build Command(s):/usr/bin/make cmTC_78bda/fast && /usr/bin/make -f CMakeFiles/cmTC_78bda.dir/build.make CMakeFiles/cmTC_78bda.dir/build
make[1]: 进入目录“/home/rm/catkin_livox_ros_driver2/src/IST_2025_sentry/build/CMakeFiles/CMakeTmp”
Building C object CMakeFiles/cmTC_78bda.dir/CheckFunctionExists.c.o
/usr/bin/cc   -DCHECK_FUNCTION_EXISTS=pthread_create   -o CMakeFiles/cmTC_78bda.dir/CheckFunctionExists.c.o   -c /usr/share/cmake-3.16/Modules/CheckFunctionExists.c
Linking C executable cmTC_78bda
/usr/bin/cmake -E cmake_link_script CMakeFiles/cmTC_78bda.dir/link.txt --verbose=1
/usr/bin/cc  -DCHECK_FUNCTION_EXISTS=pthread_create    -rdynamic CMakeFiles/cmTC_78bda.dir/CheckFunctionExists.c.o  -o cmTC_78bda  -lpthreads 
/usr/bin/ld: 找不到 -lpthreads
collect2: error: ld returned 1 exit status
make[1]: *** [CMakeFiles/cmTC_78bda.dir/build.make:87：cmTC_78bda] 错误 1
make[1]: 离开目录“/home/rm/catkin_livox_ros_driver2/src/IST_2025_sentry/build/CMakeFiles/CMakeTmp”
make: *** [Makefile:121：cmTC_78bda/fast] 错误 2



Performing C SOURCE FILE Test CMAKE_HAVE_LIBC_PTHREAD failed with the following output:
Change Dir: /home/rm/catkin_livox_ros_driver2/src/IST_2025_sentry/build/CMakeFiles/CMakeTmp

Run Build Command(s):/usr/bin/make cmTC_277c8/fast && /usr/bin/make -f CMakeFiles/cmTC_277c8.dir/build.make CMakeFiles/cmTC_277c8.dir/build
make[1]: 进入目录“/home/rm/catkin_livox_ros_driver2/src/IST_2025_sentry/build/CMakeFiles/CMakeTmp”
Building C object CMakeFiles/cmTC_277c8.dir/src.c.o
/usr/bin/cc   -DCMAKE_HAVE_LIBC_PTHREAD   -o CMakeFiles/cmTC_277c8.dir/src.c.o   -c /home/rm/catkin_livox_ros_driver2/src/IST_2025_sentry/build/CMakeFiles/CMakeTmp/src.c
Linking C executable cmTC_277c8
/usr/bin/cmake -E cmake_link_script CMakeFiles/cmTC_277c8.dir/link.txt --verbose=1
/usr/bin/cc  -DCMAKE_HAVE_LIBC_PTHREAD    -rdynamic CMakeFiles/cmTC_277c8.dir/src.c.o  -o cmTC_277c8 
/usr/bin/ld: CMakeFiles/cmTC_277c8.dir/src.c.o: in function `main':
src.c:(.text+0x46): undefined reference to `pthread_create'
/usr/bin/ld: src.c:(.text+0x52): undefined reference to `pthread_detach'
/usr/bin/ld: src.c:(.text+0x63): undefined reference to `pthread_join'
collect2: error: ld returned 1 exit status
make[1]: *** [CMakeFiles/cmTC_277c8.dir/build.make:87：cmTC_277c8] 错误 1
make[1]: 离开目录“/home/rm/catkin_livox_ros_driver2/src/IST_2025_sentry/build/CMakeFiles/CMakeTmp”
make: *** [Makefile:121：cmTC_277c8/fast] 错误 2


Source file was:
#include <pthread.h>

void* test_func(void* data)
{
  return data;
}

int main(void)
{
  pthread_t thread;
  pthread_create(&thread, NULL, test_func, NULL);
  pthread_detach(thread);
  pthread_join(thread, NULL);
  pthread_atfork(NULL, NULL, NULL);
  pthread_exit(NULL);

  return 0;
}

Determining if the function pthread_create exists in the pthreads failed with the following output:
Change Dir: /home/rm/catkin_livox_ros_driver2/src/IST_2025_sentry/build/CMakeFiles/CMakeTmp

Run Build Command(s):/usr/bin/make cmTC_ea29a/fast && /usr/bin/make -f CMakeFiles/cmTC_ea29a.dir/build.make CMakeFiles/cmTC_ea29a.dir/build
make[1]: 进入目录“/home/rm/catkin_livox_ros_driver2/src/IST_2025_sentry/build/CMakeFiles/CMakeTmp”
Building C object CMakeFiles/cmTC_ea29a.dir/CheckFunctionExists.c.o
/usr/bin/cc   -DCHECK_FUNCTION_EXISTS=pthread_create   -o CMakeFiles/cmTC_ea29a.dir/CheckFunctionExists.c.o   -c /usr/share/cmake-3.16/Modules/CheckFunctionExists.c
Linking C executable cmTC_ea29a
/usr/bin/cmake -E cmake_link_script CMakeFiles/cmTC_ea29a.dir/link.txt --verbose=1
/usr/bin/cc  -DCHECK_FUNCTION_EXISTS=pthread_create    -rdynamic CMakeFiles/cmTC_ea29a.dir/CheckFunctionExists.c.o  -o cmTC_ea29a  -lpthreads 
/usr/bin/ld: 找不到 -lpthreads
collect2: error: ld returned 1 exit status
make[1]: *** [CMakeFiles/cmTC_ea29a.dir/build.make:87：cmTC_ea29a] 错误 1
make[1]: 离开目录“/home/rm/catkin_livox_ros_driver2/src/IST_2025_sentry/build/CMakeFiles/CMakeTmp”
make: *** [Makefile:121：cmTC_ea29a/fast] 错误 2



Performing C SOURCE FILE Test CMAKE_HAVE_LIBC_PTHREAD failed with the following output:
Change Dir: /home/rm/catkin_livox_ros_driver2/src/IST_2025_sentry/build/CMakeFiles/CMakeTmp

Run Build Command(s):/usr/bin/make cmTC_b5bdf/fast && /usr/bin/make -f CMakeFiles/cmTC_b5bdf.dir/build.make CMakeFiles/cmTC_b5bdf.dir/build
make[1]: 进入目录“/home/rm/catkin_livox_ros_driver2/src/IST_2025_sentry/build/CMakeFiles/CMakeTmp”
Building C object CMakeFiles/cmTC_b5bdf.dir/src.c.o
/usr/bin/cc   -DCMAKE_HAVE_LIBC_PTHREAD   -o CMakeFiles/cmTC_b5bdf.dir/src.c.o   -c /home/rm/catkin_livox_ros_driver2/src/IST_2025_sentry/build/CMakeFiles/CMakeTmp/src.c
Linking C executable cmTC_b5bdf
/usr/bin/cmake -E cmake_link_script CMakeFiles/cmTC_b5bdf.dir/link.txt --verbose=1
/usr/bin/cc  -DCMAKE_HAVE_LIBC_PTHREAD    -rdynamic CMakeFiles/cmTC_b5bdf.dir/src.c.o  -o cmTC_b5bdf 
/usr/bin/ld: CMakeFiles/cmTC_b5bdf.dir/src.c.o: in function `main':
src.c:(.text+0x46): undefined reference to `pthread_create'
/usr/bin/ld: src.c:(.text+0x52): undefined reference to `pthread_detach'
/usr/bin/ld: src.c:(.text+0x63): undefined reference to `pthread_join'
collect2: error: ld returned 1 exit status
make[1]: *** [CMakeFiles/cmTC_b5bdf.dir/build.make:87：cmTC_b5bdf] 错误 1
make[1]: 离开目录“/home/rm/catkin_livox_ros_driver2/src/IST_2025_sentry/build/CMakeFiles/CMakeTmp”
make: *** [Makefile:121：cmTC_b5bdf/fast] 错误 2


Source file was:
#include <pthread.h>

void* test_func(void* data)
{
  return data;
}

int main(void)
{
  pthread_t thread;
  pthread_create(&thread, NULL, test_func, NULL);
  pthread_detach(thread);
  pthread_join(thread, NULL);
  pthread_atfork(NULL, NULL, NULL);
  pthread_exit(NULL);

  return 0;
}

Determining if the function pthread_create exists in the pthreads failed with the following output:
Change Dir: /home/rm/catkin_livox_ros_driver2/src/IST_2025_sentry/build/CMakeFiles/CMakeTmp

Run Build Command(s):/usr/bin/make cmTC_cb77c/fast && /usr/bin/make -f CMakeFiles/cmTC_cb77c.dir/build.make CMakeFiles/cmTC_cb77c.dir/build
make[1]: 进入目录“/home/rm/catkin_livox_ros_driver2/src/IST_2025_sentry/build/CMakeFiles/CMakeTmp”
Building C object CMakeFiles/cmTC_cb77c.dir/CheckFunctionExists.c.o
/usr/bin/cc   -DCHECK_FUNCTION_EXISTS=pthread_create   -o CMakeFiles/cmTC_cb77c.dir/CheckFunctionExists.c.o   -c /usr/share/cmake-3.16/Modules/CheckFunctionExists.c
Linking C executable cmTC_cb77c
/usr/bin/cmake -E cmake_link_script CMakeFiles/cmTC_cb77c.dir/link.txt --verbose=1
/usr/bin/cc  -DCHECK_FUNCTION_EXISTS=pthread_create    -rdynamic CMakeFiles/cmTC_cb77c.dir/CheckFunctionExists.c.o  -o cmTC_cb77c  -lpthreads 
/usr/bin/ld: 找不到 -lpthreads
collect2: error: ld returned 1 exit status
make[1]: *** [CMakeFiles/cmTC_cb77c.dir/build.make:87：cmTC_cb77c] 错误 1
make[1]: 离开目录“/home/rm/catkin_livox_ros_driver2/src/IST_2025_sentry/build/CMakeFiles/CMakeTmp”
make: *** [Makefile:121：cmTC_cb77c/fast] 错误 2



Performing C SOURCE FILE Test CMAKE_HAVE_LIBC_PTHREAD failed with the following output:
Change Dir: /home/rm/catkin_livox_ros_driver2/src/IST_2025_sentry/build/CMakeFiles/CMakeTmp

Run Build Command(s):/usr/bin/make cmTC_d914a/fast && /usr/bin/make -f CMakeFiles/cmTC_d914a.dir/build.make CMakeFiles/cmTC_d914a.dir/build
make[1]: 进入目录“/home/rm/catkin_livox_ros_driver2/src/IST_2025_sentry/build/CMakeFiles/CMakeTmp”
Building C object CMakeFiles/cmTC_d914a.dir/src.c.o
/usr/bin/cc   -DCMAKE_HAVE_LIBC_PTHREAD   -o CMakeFiles/cmTC_d914a.dir/src.c.o   -c /home/rm/catkin_livox_ros_driver2/src/IST_2025_sentry/build/CMakeFiles/CMakeTmp/src.c
Linking C executable cmTC_d914a
/usr/bin/cmake -E cmake_link_script CMakeFiles/cmTC_d914a.dir/link.txt --verbose=1
/usr/bin/cc  -DCMAKE_HAVE_LIBC_PTHREAD    -rdynamic CMakeFiles/cmTC_d914a.dir/src.c.o  -o cmTC_d914a 
/usr/bin/ld: CMakeFiles/cmTC_d914a.dir/src.c.o: in function `main':
src.c:(.text+0x46): undefined reference to `pthread_create'
/usr/bin/ld: src.c:(.text+0x52): undefined reference to `pthread_detach'
/usr/bin/ld: src.c:(.text+0x63): undefined reference to `pthread_join'
collect2: error: ld returned 1 exit status
make[1]: *** [CMakeFiles/cmTC_d914a.dir/build.make:87：cmTC_d914a] 错误 1
make[1]: 离开目录“/home/rm/catkin_livox_ros_driver2/src/IST_2025_sentry/build/CMakeFiles/CMakeTmp”
make: *** [Makefile:121：cmTC_d914a/fast] 错误 2


Source file was:
#include <pthread.h>

void* test_func(void* data)
{
  return data;
}

int main(void)
{
  pthread_t thread;
  pthread_create(&thread, NULL, test_func, NULL);
  pthread_detach(thread);
  pthread_join(thread, NULL);
  pthread_atfork(NULL, NULL, NULL);
  pthread_exit(NULL);

  return 0;
}

Determining if the function pthread_create exists in the pthreads failed with the following output:
Change Dir: /home/rm/catkin_livox_ros_driver2/src/IST_2025_sentry/build/CMakeFiles/CMakeTmp

Run Build Command(s):/usr/bin/make cmTC_3838b/fast && /usr/bin/make -f CMakeFiles/cmTC_3838b.dir/build.make CMakeFiles/cmTC_3838b.dir/build
make[1]: 进入目录“/home/rm/catkin_livox_ros_driver2/src/IST_2025_sentry/build/CMakeFiles/CMakeTmp”
Building C object CMakeFiles/cmTC_3838b.dir/CheckFunctionExists.c.o
/usr/bin/cc   -DCHECK_FUNCTION_EXISTS=pthread_create   -o CMakeFiles/cmTC_3838b.dir/CheckFunctionExists.c.o   -c /usr/share/cmake-3.16/Modules/CheckFunctionExists.c
Linking C executable cmTC_3838b
/usr/bin/cmake -E cmake_link_script CMakeFiles/cmTC_3838b.dir/link.txt --verbose=1
/usr/bin/cc  -DCHECK_FUNCTION_EXISTS=pthread_create    -rdynamic CMakeFiles/cmTC_3838b.dir/CheckFunctionExists.c.o  -o cmTC_3838b  -lpthreads 
/usr/bin/ld: 找不到 -lpthreads
collect2: error: ld returned 1 exit status
make[1]: *** [CMakeFiles/cmTC_3838b.dir/build.make:87：cmTC_3838b] 错误 1
make[1]: 离开目录“/home/rm/catkin_livox_ros_driver2/src/IST_2025_sentry/build/CMakeFiles/CMakeTmp”
make: *** [Makefile:121：cmTC_3838b/fast] 错误 2



Performing C SOURCE FILE Test CMAKE_HAVE_LIBC_PTHREAD failed with the following output:
Change Dir: /home/rm/catkin_livox_ros_driver2/src/IST_2025_sentry/build/CMakeFiles/CMakeTmp

Run Build Command(s):/usr/bin/make cmTC_877bf/fast && /usr/bin/make -f CMakeFiles/cmTC_877bf.dir/build.make CMakeFiles/cmTC_877bf.dir/build
make[1]: 进入目录“/home/rm/catkin_livox_ros_driver2/src/IST_2025_sentry/build/CMakeFiles/CMakeTmp”
Building C object CMakeFiles/cmTC_877bf.dir/src.c.o
/usr/bin/cc   -DCMAKE_HAVE_LIBC_PTHREAD   -o CMakeFiles/cmTC_877bf.dir/src.c.o   -c /home/rm/catkin_livox_ros_driver2/src/IST_2025_sentry/build/CMakeFiles/CMakeTmp/src.c
Linking C executable cmTC_877bf
/usr/bin/cmake -E cmake_link_script CMakeFiles/cmTC_877bf.dir/link.txt --verbose=1
/usr/bin/cc  -DCMAKE_HAVE_LIBC_PTHREAD    -rdynamic CMakeFiles/cmTC_877bf.dir/src.c.o  -o cmTC_877bf 
/usr/bin/ld: CMakeFiles/cmTC_877bf.dir/src.c.o: in function `main':
src.c:(.text+0x46): undefined reference to `pthread_create'
/usr/bin/ld: src.c:(.text+0x52): undefined reference to `pthread_detach'
/usr/bin/ld: src.c:(.text+0x63): undefined reference to `pthread_join'
collect2: error: ld returned 1 exit status
make[1]: *** [CMakeFiles/cmTC_877bf.dir/build.make:87：cmTC_877bf] 错误 1
make[1]: 离开目录“/home/rm/catkin_livox_ros_driver2/src/IST_2025_sentry/build/CMakeFiles/CMakeTmp”
make: *** [Makefile:121：cmTC_877bf/fast] 错误 2


Source file was:
#include <pthread.h>

void* test_func(void* data)
{
  return data;
}

int main(void)
{
  pthread_t thread;
  pthread_create(&thread, NULL, test_func, NULL);
  pthread_detach(thread);
  pthread_join(thread, NULL);
  pthread_atfork(NULL, NULL, NULL);
  pthread_exit(NULL);

  return 0;
}

Determining if the function pthread_create exists in the pthreads failed with the following output:
Change Dir: /home/rm/catkin_livox_ros_driver2/src/IST_2025_sentry/build/CMakeFiles/CMakeTmp

Run Build Command(s):/usr/bin/make cmTC_5bcc5/fast && /usr/bin/make -f CMakeFiles/cmTC_5bcc5.dir/build.make CMakeFiles/cmTC_5bcc5.dir/build
make[1]: 进入目录“/home/rm/catkin_livox_ros_driver2/src/IST_2025_sentry/build/CMakeFiles/CMakeTmp”
Building C object CMakeFiles/cmTC_5bcc5.dir/CheckFunctionExists.c.o
/usr/bin/cc   -DCHECK_FUNCTION_EXISTS=pthread_create   -o CMakeFiles/cmTC_5bcc5.dir/CheckFunctionExists.c.o   -c /usr/share/cmake-3.16/Modules/CheckFunctionExists.c
Linking C executable cmTC_5bcc5
/usr/bin/cmake -E cmake_link_script CMakeFiles/cmTC_5bcc5.dir/link.txt --verbose=1
/usr/bin/cc  -DCHECK_FUNCTION_EXISTS=pthread_create    -rdynamic CMakeFiles/cmTC_5bcc5.dir/CheckFunctionExists.c.o  -o cmTC_5bcc5  -lpthreads 
/usr/bin/ld: 找不到 -lpthreads
collect2: error: ld returned 1 exit status
make[1]: *** [CMakeFiles/cmTC_5bcc5.dir/build.make:87：cmTC_5bcc5] 错误 1
make[1]: 离开目录“/home/rm/catkin_livox_ros_driver2/src/IST_2025_sentry/build/CMakeFiles/CMakeTmp”
make: *** [Makefile:121：cmTC_5bcc5/fast] 错误 2



Performing C SOURCE FILE Test CMAKE_HAVE_LIBC_PTHREAD failed with the following output:
Change Dir: /home/rm/catkin_livox_ros_driver2/src/IST_2025_sentry/build/CMakeFiles/CMakeTmp

Run Build Command(s):/usr/bin/make cmTC_46439/fast && /usr/bin/make -f CMakeFiles/cmTC_46439.dir/build.make CMakeFiles/cmTC_46439.dir/build
make[1]: 进入目录“/home/rm/catkin_livox_ros_driver2/src/IST_2025_sentry/build/CMakeFiles/CMakeTmp”
Building C object CMakeFiles/cmTC_46439.dir/src.c.o
/usr/bin/cc   -DCMAKE_HAVE_LIBC_PTHREAD   -o CMakeFiles/cmTC_46439.dir/src.c.o   -c /home/rm/catkin_livox_ros_driver2/src/IST_2025_sentry/build/CMakeFiles/CMakeTmp/src.c
Linking C executable cmTC_46439
/usr/bin/cmake -E cmake_link_script CMakeFiles/cmTC_46439.dir/link.txt --verbose=1
/usr/bin/cc  -DCMAKE_HAVE_LIBC_PTHREAD    -rdynamic CMakeFiles/cmTC_46439.dir/src.c.o  -o cmTC_46439 
/usr/bin/ld: CMakeFiles/cmTC_46439.dir/src.c.o: in function `main':
src.c:(.text+0x46): undefined reference to `pthread_create'
/usr/bin/ld: src.c:(.text+0x52): undefined reference to `pthread_detach'
/usr/bin/ld: src.c:(.text+0x63): undefined reference to `pthread_join'
collect2: error: ld returned 1 exit status
make[1]: *** [CMakeFiles/cmTC_46439.dir/build.make:87：cmTC_46439] 错误 1
make[1]: 离开目录“/home/rm/catkin_livox_ros_driver2/src/IST_2025_sentry/build/CMakeFiles/CMakeTmp”
make: *** [Makefile:121：cmTC_46439/fast] 错误 2


Source file was:
#include <pthread.h>

void* test_func(void* data)
{
  return data;
}

int main(void)
{
  pthread_t thread;
  pthread_create(&thread, NULL, test_func, NULL);
  pthread_detach(thread);
  pthread_join(thread, NULL);
  pthread_atfork(NULL, NULL, NULL);
  pthread_exit(NULL);

  return 0;
}

Determining if the function pthread_create exists in the pthreads failed with the following output:
Change Dir: /home/rm/catkin_livox_ros_driver2/src/IST_2025_sentry/build/CMakeFiles/CMakeTmp

Run Build Command(s):/usr/bin/make cmTC_526a0/fast && /usr/bin/make -f CMakeFiles/cmTC_526a0.dir/build.make CMakeFiles/cmTC_526a0.dir/build
make[1]: 进入目录“/home/rm/catkin_livox_ros_driver2/src/IST_2025_sentry/build/CMakeFiles/CMakeTmp”
Building C object CMakeFiles/cmTC_526a0.dir/CheckFunctionExists.c.o
/usr/bin/cc   -DCHECK_FUNCTION_EXISTS=pthread_create   -o CMakeFiles/cmTC_526a0.dir/CheckFunctionExists.c.o   -c /usr/share/cmake-3.16/Modules/CheckFunctionExists.c
Linking C executable cmTC_526a0
/usr/bin/cmake -E cmake_link_script CMakeFiles/cmTC_526a0.dir/link.txt --verbose=1
/usr/bin/cc  -DCHECK_FUNCTION_EXISTS=pthread_create    -rdynamic CMakeFiles/cmTC_526a0.dir/CheckFunctionExists.c.o  -o cmTC_526a0  -lpthreads 
/usr/bin/ld: 找不到 -lpthreads
collect2: error: ld returned 1 exit status
make[1]: *** [CMakeFiles/cmTC_526a0.dir/build.make:87：cmTC_526a0] 错误 1
make[1]: 离开目录“/home/rm/catkin_livox_ros_driver2/src/IST_2025_sentry/build/CMakeFiles/CMakeTmp”
make: *** [Makefile:121：cmTC_526a0/fast] 错误 2



Performing C SOURCE FILE Test CMAKE_HAVE_LIBC_PTHREAD failed with the following output:
Change Dir: /home/rm/catkin_livox_ros_driver2/src/IST_2025_sentry/build/CMakeFiles/CMakeTmp

Run Build Command(s):/usr/bin/make cmTC_af292/fast && /usr/bin/make -f CMakeFiles/cmTC_af292.dir/build.make CMakeFiles/cmTC_af292.dir/build
make[1]: 进入目录“/home/rm/catkin_livox_ros_driver2/src/IST_2025_sentry/build/CMakeFiles/CMakeTmp”
Building C object CMakeFiles/cmTC_af292.dir/src.c.o
/usr/bin/cc   -DCMAKE_HAVE_LIBC_PTHREAD   -o CMakeFiles/cmTC_af292.dir/src.c.o   -c /home/rm/catkin_livox_ros_driver2/src/IST_2025_sentry/build/CMakeFiles/CMakeTmp/src.c
Linking C executable cmTC_af292
/usr/bin/cmake -E cmake_link_script CMakeFiles/cmTC_af292.dir/link.txt --verbose=1
/usr/bin/cc  -DCMAKE_HAVE_LIBC_PTHREAD    -rdynamic CMakeFiles/cmTC_af292.dir/src.c.o  -o cmTC_af292 
/usr/bin/ld: CMakeFiles/cmTC_af292.dir/src.c.o: in function `main':
src.c:(.text+0x46): undefined reference to `pthread_create'
/usr/bin/ld: src.c:(.text+0x52): undefined reference to `pthread_detach'
/usr/bin/ld: src.c:(.text+0x63): undefined reference to `pthread_join'
collect2: error: ld returned 1 exit status
make[1]: *** [CMakeFiles/cmTC_af292.dir/build.make:87：cmTC_af292] 错误 1
make[1]: 离开目录“/home/rm/catkin_livox_ros_driver2/src/IST_2025_sentry/build/CMakeFiles/CMakeTmp”
make: *** [Makefile:121：cmTC_af292/fast] 错误 2


Source file was:
#include <pthread.h>

void* test_func(void* data)
{
  return data;
}

int main(void)
{
  pthread_t thread;
  pthread_create(&thread, NULL, test_func, NULL);
  pthread_detach(thread);
  pthread_join(thread, NULL);
  pthread_atfork(NULL, NULL, NULL);
  pthread_exit(NULL);

  return 0;
}

Determining if the function pthread_create exists in the pthreads failed with the following output:
Change Dir: /home/rm/catkin_livox_ros_driver2/src/IST_2025_sentry/build/CMakeFiles/CMakeTmp

Run Build Command(s):/usr/bin/make cmTC_5a0f4/fast && /usr/bin/make -f CMakeFiles/cmTC_5a0f4.dir/build.make CMakeFiles/cmTC_5a0f4.dir/build
make[1]: 进入目录“/home/rm/catkin_livox_ros_driver2/src/IST_2025_sentry/build/CMakeFiles/CMakeTmp”
Building C object CMakeFiles/cmTC_5a0f4.dir/CheckFunctionExists.c.o
/usr/bin/cc   -DCHECK_FUNCTION_EXISTS=pthread_create   -o CMakeFiles/cmTC_5a0f4.dir/CheckFunctionExists.c.o   -c /usr/share/cmake-3.16/Modules/CheckFunctionExists.c
Linking C executable cmTC_5a0f4
/usr/bin/cmake -E cmake_link_script CMakeFiles/cmTC_5a0f4.dir/link.txt --verbose=1
/usr/bin/cc  -DCHECK_FUNCTION_EXISTS=pthread_create    -rdynamic CMakeFiles/cmTC_5a0f4.dir/CheckFunctionExists.c.o  -o cmTC_5a0f4  -lpthreads 
/usr/bin/ld: 找不到 -lpthreads
collect2: error: ld returned 1 exit status
make[1]: *** [CMakeFiles/cmTC_5a0f4.dir/build.make:87：cmTC_5a0f4] 错误 1
make[1]: 离开目录“/home/rm/catkin_livox_ros_driver2/src/IST_2025_sentry/build/CMakeFiles/CMakeTmp”
make: *** [Makefile:121：cmTC_5a0f4/fast] 错误 2



Performing C SOURCE FILE Test CMAKE_HAVE_LIBC_PTHREAD failed with the following output:
Change Dir: /home/rm/catkin_livox_ros_driver2/src/IST_2025_sentry/build/CMakeFiles/CMakeTmp

Run Build Command(s):/usr/bin/make cmTC_f74a6/fast && /usr/bin/make -f CMakeFiles/cmTC_f74a6.dir/build.make CMakeFiles/cmTC_f74a6.dir/build
make[1]: 进入目录“/home/rm/catkin_livox_ros_driver2/src/IST_2025_sentry/build/CMakeFiles/CMakeTmp”
Building C object CMakeFiles/cmTC_f74a6.dir/src.c.o
/usr/bin/cc   -DCMAKE_HAVE_LIBC_PTHREAD   -o CMakeFiles/cmTC_f74a6.dir/src.c.o   -c /home/rm/catkin_livox_ros_driver2/src/IST_2025_sentry/build/CMakeFiles/CMakeTmp/src.c
Linking C executable cmTC_f74a6
/usr/bin/cmake -E cmake_link_script CMakeFiles/cmTC_f74a6.dir/link.txt --verbose=1
/usr/bin/cc  -DCMAKE_HAVE_LIBC_PTHREAD    -rdynamic CMakeFiles/cmTC_f74a6.dir/src.c.o  -o cmTC_f74a6 
/usr/bin/ld: CMakeFiles/cmTC_f74a6.dir/src.c.o: in function `main':
src.c:(.text+0x46): undefined reference to `pthread_create'
/usr/bin/ld: src.c:(.text+0x52): undefined reference to `pthread_detach'
/usr/bin/ld: src.c:(.text+0x63): undefined reference to `pthread_join'
collect2: error: ld returned 1 exit status
make[1]: *** [CMakeFiles/cmTC_f74a6.dir/build.make:87：cmTC_f74a6] 错误 1
make[1]: 离开目录“/home/rm/catkin_livox_ros_driver2/src/IST_2025_sentry/build/CMakeFiles/CMakeTmp”
make: *** [Makefile:121：cmTC_f74a6/fast] 错误 2


Source file was:
#include <pthread.h>

void* test_func(void* data)
{
  return data;
}

int main(void)
{
  pthread_t thread;
  pthread_create(&thread, NULL, test_func, NULL);
  pthread_detach(thread);
  pthread_join(thread, NULL);
  pthread_atfork(NULL, NULL, NULL);
  pthread_exit(NULL);

  return 0;
}

Determining if the function pthread_create exists in the pthreads failed with the following output:
Change Dir: /home/rm/catkin_livox_ros_driver2/src/IST_2025_sentry/build/CMakeFiles/CMakeTmp

Run Build Command(s):/usr/bin/make cmTC_84d1c/fast && /usr/bin/make -f CMakeFiles/cmTC_84d1c.dir/build.make CMakeFiles/cmTC_84d1c.dir/build
make[1]: 进入目录“/home/rm/catkin_livox_ros_driver2/src/IST_2025_sentry/build/CMakeFiles/CMakeTmp”
Building C object CMakeFiles/cmTC_84d1c.dir/CheckFunctionExists.c.o
/usr/bin/cc   -DCHECK_FUNCTION_EXISTS=pthread_create   -o CMakeFiles/cmTC_84d1c.dir/CheckFunctionExists.c.o   -c /usr/share/cmake-3.16/Modules/CheckFunctionExists.c
Linking C executable cmTC_84d1c
/usr/bin/cmake -E cmake_link_script CMakeFiles/cmTC_84d1c.dir/link.txt --verbose=1
/usr/bin/cc  -DCHECK_FUNCTION_EXISTS=pthread_create    -rdynamic CMakeFiles/cmTC_84d1c.dir/CheckFunctionExists.c.o  -o cmTC_84d1c  -lpthreads 
/usr/bin/ld: 找不到 -lpthreads
collect2: error: ld returned 1 exit status
make[1]: *** [CMakeFiles/cmTC_84d1c.dir/build.make:87：cmTC_84d1c] 错误 1
make[1]: 离开目录“/home/rm/catkin_livox_ros_driver2/src/IST_2025_sentry/build/CMakeFiles/CMakeTmp”
make: *** [Makefile:121：cmTC_84d1c/fast] 错误 2



Performing C SOURCE FILE Test CMAKE_HAVE_LIBC_PTHREAD failed with the following output:
Change Dir: /home/rm/catkin_livox_ros_driver2/src/IST_2025_sentry/build/CMakeFiles/CMakeTmp

Run Build Command(s):/usr/bin/make cmTC_91b7a/fast && /usr/bin/make -f CMakeFiles/cmTC_91b7a.dir/build.make CMakeFiles/cmTC_91b7a.dir/build
make[1]: 进入目录“/home/rm/catkin_livox_ros_driver2/src/IST_2025_sentry/build/CMakeFiles/CMakeTmp”
Building C object CMakeFiles/cmTC_91b7a.dir/src.c.o
/usr/bin/cc   -DCMAKE_HAVE_LIBC_PTHREAD   -o CMakeFiles/cmTC_91b7a.dir/src.c.o   -c /home/rm/catkin_livox_ros_driver2/src/IST_2025_sentry/build/CMakeFiles/CMakeTmp/src.c
Linking C executable cmTC_91b7a
/usr/bin/cmake -E cmake_link_script CMakeFiles/cmTC_91b7a.dir/link.txt --verbose=1
/usr/bin/cc  -DCMAKE_HAVE_LIBC_PTHREAD    -rdynamic CMakeFiles/cmTC_91b7a.dir/src.c.o  -o cmTC_91b7a 
/usr/bin/ld: CMakeFiles/cmTC_91b7a.dir/src.c.o: in function `main':
src.c:(.text+0x46): undefined reference to `pthread_create'
/usr/bin/ld: src.c:(.text+0x52): undefined reference to `pthread_detach'
/usr/bin/ld: src.c:(.text+0x63): undefined reference to `pthread_join'
collect2: error: ld returned 1 exit status
make[1]: *** [CMakeFiles/cmTC_91b7a.dir/build.make:87：cmTC_91b7a] 错误 1
make[1]: 离开目录“/home/rm/catkin_livox_ros_driver2/src/IST_2025_sentry/build/CMakeFiles/CMakeTmp”
make: *** [Makefile:121：cmTC_91b7a/fast] 错误 2


Source file was:
#include <pthread.h>

void* test_func(void* data)
{
  return data;
}

int main(void)
{
  pthread_t thread;
  pthread_create(&thread, NULL, test_func, NULL);
  pthread_detach(thread);
  pthread_join(thread, NULL);
  pthread_atfork(NULL, NULL, NULL);
  pthread_exit(NULL);

  return 0;
}

Determining if the function pthread_create exists in the pthreads failed with the following output:
Change Dir: /home/rm/catkin_livox_ros_driver2/src/IST_2025_sentry/build/CMakeFiles/CMakeTmp

Run Build Command(s):/usr/bin/make cmTC_d786b/fast && /usr/bin/make -f CMakeFiles/cmTC_d786b.dir/build.make CMakeFiles/cmTC_d786b.dir/build
make[1]: 进入目录“/home/rm/catkin_livox_ros_driver2/src/IST_2025_sentry/build/CMakeFiles/CMakeTmp”
Building C object CMakeFiles/cmTC_d786b.dir/CheckFunctionExists.c.o
/usr/bin/cc   -DCHECK_FUNCTION_EXISTS=pthread_create   -o CMakeFiles/cmTC_d786b.dir/CheckFunctionExists.c.o   -c /usr/share/cmake-3.16/Modules/CheckFunctionExists.c
Linking C executable cmTC_d786b
/usr/bin/cmake -E cmake_link_script CMakeFiles/cmTC_d786b.dir/link.txt --verbose=1
/usr/bin/cc  -DCHECK_FUNCTION_EXISTS=pthread_create    -rdynamic CMakeFiles/cmTC_d786b.dir/CheckFunctionExists.c.o  -o cmTC_d786b  -lpthreads 
/usr/bin/ld: 找不到 -lpthreads
collect2: error: ld returned 1 exit status
make[1]: *** [CMakeFiles/cmTC_d786b.dir/build.make:87：cmTC_d786b] 错误 1
make[1]: 离开目录“/home/rm/catkin_livox_ros_driver2/src/IST_2025_sentry/build/CMakeFiles/CMakeTmp”
make: *** [Makefile:121：cmTC_d786b/fast] 错误 2



Performing C SOURCE FILE Test CMAKE_HAVE_LIBC_PTHREAD failed with the following output:
Change Dir: /home/rm/catkin_livox_ros_driver2/src/IST_2025_sentry/build/CMakeFiles/CMakeTmp

Run Build Command(s):/usr/bin/make cmTC_9eb84/fast && /usr/bin/make -f CMakeFiles/cmTC_9eb84.dir/build.make CMakeFiles/cmTC_9eb84.dir/build
make[1]: 进入目录“/home/rm/catkin_livox_ros_driver2/src/IST_2025_sentry/build/CMakeFiles/CMakeTmp”
Building C object CMakeFiles/cmTC_9eb84.dir/src.c.o
/usr/bin/cc   -DCMAKE_HAVE_LIBC_PTHREAD   -o CMakeFiles/cmTC_9eb84.dir/src.c.o   -c /home/rm/catkin_livox_ros_driver2/src/IST_2025_sentry/build/CMakeFiles/CMakeTmp/src.c
Linking C executable cmTC_9eb84
/usr/bin/cmake -E cmake_link_script CMakeFiles/cmTC_9eb84.dir/link.txt --verbose=1
/usr/bin/cc  -DCMAKE_HAVE_LIBC_PTHREAD    -rdynamic CMakeFiles/cmTC_9eb84.dir/src.c.o  -o cmTC_9eb84 
/usr/bin/ld: CMakeFiles/cmTC_9eb84.dir/src.c.o: in function `main':
src.c:(.text+0x46): undefined reference to `pthread_create'
/usr/bin/ld: src.c:(.text+0x52): undefined reference to `pthread_detach'
/usr/bin/ld: src.c:(.text+0x63): undefined reference to `pthread_join'
collect2: error: ld returned 1 exit status
make[1]: *** [CMakeFiles/cmTC_9eb84.dir/build.make:87：cmTC_9eb84] 错误 1
make[1]: 离开目录“/home/rm/catkin_livox_ros_driver2/src/IST_2025_sentry/build/CMakeFiles/CMakeTmp”
make: *** [Makefile:121：cmTC_9eb84/fast] 错误 2


Source file was:
#include <pthread.h>

void* test_func(void* data)
{
  return data;
}

int main(void)
{
  pthread_t thread;
  pthread_create(&thread, NULL, test_func, NULL);
  pthread_detach(thread);
  pthread_join(thread, NULL);
  pthread_atfork(NULL, NULL, NULL);
  pthread_exit(NULL);

  return 0;
}

Determining if the function pthread_create exists in the pthreads failed with the following output:
Change Dir: /home/rm/catkin_livox_ros_driver2/src/IST_2025_sentry/build/CMakeFiles/CMakeTmp

Run Build Command(s):/usr/bin/make cmTC_91775/fast && /usr/bin/make -f CMakeFiles/cmTC_91775.dir/build.make CMakeFiles/cmTC_91775.dir/build
make[1]: 进入目录“/home/rm/catkin_livox_ros_driver2/src/IST_2025_sentry/build/CMakeFiles/CMakeTmp”
Building C object CMakeFiles/cmTC_91775.dir/CheckFunctionExists.c.o
/usr/bin/cc   -DCHECK_FUNCTION_EXISTS=pthread_create   -o CMakeFiles/cmTC_91775.dir/CheckFunctionExists.c.o   -c /usr/share/cmake-3.16/Modules/CheckFunctionExists.c
Linking C executable cmTC_91775
/usr/bin/cmake -E cmake_link_script CMakeFiles/cmTC_91775.dir/link.txt --verbose=1
/usr/bin/cc  -DCHECK_FUNCTION_EXISTS=pthread_create    -rdynamic CMakeFiles/cmTC_91775.dir/CheckFunctionExists.c.o  -o cmTC_91775  -lpthreads 
/usr/bin/ld: 找不到 -lpthreads
collect2: error: ld returned 1 exit status
make[1]: *** [CMakeFiles/cmTC_91775.dir/build.make:87：cmTC_91775] 错误 1
make[1]: 离开目录“/home/rm/catkin_livox_ros_driver2/src/IST_2025_sentry/build/CMakeFiles/CMakeTmp”
make: *** [Makefile:121：cmTC_91775/fast] 错误 2



Performing C SOURCE FILE Test CMAKE_HAVE_LIBC_PTHREAD failed with the following output:
Change Dir: /home/rm/catkin_livox_ros_driver2/src/IST_2025_sentry/build/CMakeFiles/CMakeTmp

Run Build Command(s):/usr/bin/make cmTC_a43b8/fast && /usr/bin/make -f CMakeFiles/cmTC_a43b8.dir/build.make CMakeFiles/cmTC_a43b8.dir/build
make[1]: 进入目录“/home/rm/catkin_livox_ros_driver2/src/IST_2025_sentry/build/CMakeFiles/CMakeTmp”
Building C object CMakeFiles/cmTC_a43b8.dir/src.c.o
/usr/bin/cc   -DCMAKE_HAVE_LIBC_PTHREAD   -o CMakeFiles/cmTC_a43b8.dir/src.c.o   -c /home/rm/catkin_livox_ros_driver2/src/IST_2025_sentry/build/CMakeFiles/CMakeTmp/src.c
Linking C executable cmTC_a43b8
/usr/bin/cmake -E cmake_link_script CMakeFiles/cmTC_a43b8.dir/link.txt --verbose=1
/usr/bin/cc  -DCMAKE_HAVE_LIBC_PTHREAD    -rdynamic CMakeFiles/cmTC_a43b8.dir/src.c.o  -o cmTC_a43b8 
/usr/bin/ld: CMakeFiles/cmTC_a43b8.dir/src.c.o: in function `main':
src.c:(.text+0x46): undefined reference to `pthread_create'
/usr/bin/ld: src.c:(.text+0x52): undefined reference to `pthread_detach'
/usr/bin/ld: src.c:(.text+0x63): undefined reference to `pthread_join'
collect2: error: ld returned 1 exit status
make[1]: *** [CMakeFiles/cmTC_a43b8.dir/build.make:87：cmTC_a43b8] 错误 1
make[1]: 离开目录“/home/rm/catkin_livox_ros_driver2/src/IST_2025_sentry/build/CMakeFiles/CMakeTmp”
make: *** [Makefile:121：cmTC_a43b8/fast] 错误 2


Source file was:
#include <pthread.h>

void* test_func(void* data)
{
  return data;
}

int main(void)
{
  pthread_t thread;
  pthread_create(&thread, NULL, test_func, NULL);
  pthread_detach(thread);
  pthread_join(thread, NULL);
  pthread_atfork(NULL, NULL, NULL);
  pthread_exit(NULL);

  return 0;
}

Determining if the function pthread_create exists in the pthreads failed with the following output:
Change Dir: /home/rm/catkin_livox_ros_driver2/src/IST_2025_sentry/build/CMakeFiles/CMakeTmp

Run Build Command(s):/usr/bin/make cmTC_53848/fast && /usr/bin/make -f CMakeFiles/cmTC_53848.dir/build.make CMakeFiles/cmTC_53848.dir/build
make[1]: 进入目录“/home/rm/catkin_livox_ros_driver2/src/IST_2025_sentry/build/CMakeFiles/CMakeTmp”
Building C object CMakeFiles/cmTC_53848.dir/CheckFunctionExists.c.o
/usr/bin/cc   -DCHECK_FUNCTION_EXISTS=pthread_create   -o CMakeFiles/cmTC_53848.dir/CheckFunctionExists.c.o   -c /usr/share/cmake-3.16/Modules/CheckFunctionExists.c
Linking C executable cmTC_53848
/usr/bin/cmake -E cmake_link_script CMakeFiles/cmTC_53848.dir/link.txt --verbose=1
/usr/bin/cc  -DCHECK_FUNCTION_EXISTS=pthread_create    -rdynamic CMakeFiles/cmTC_53848.dir/CheckFunctionExists.c.o  -o cmTC_53848  -lpthreads 
/usr/bin/ld: 找不到 -lpthreads
collect2: error: ld returned 1 exit status
make[1]: *** [CMakeFiles/cmTC_53848.dir/build.make:87：cmTC_53848] 错误 1
make[1]: 离开目录“/home/rm/catkin_livox_ros_driver2/src/IST_2025_sentry/build/CMakeFiles/CMakeTmp”
make: *** [Makefile:121：cmTC_53848/fast] 错误 2



Performing C SOURCE FILE Test CMAKE_HAVE_LIBC_PTHREAD failed with the following output:
Change Dir: /home/rm/catkin_livox_ros_driver2/src/IST_2025_sentry/build/CMakeFiles/CMakeTmp

Run Build Command(s):/usr/bin/make cmTC_03aa3/fast && /usr/bin/make -f CMakeFiles/cmTC_03aa3.dir/build.make CMakeFiles/cmTC_03aa3.dir/build
make[1]: 进入目录“/home/rm/catkin_livox_ros_driver2/src/IST_2025_sentry/build/CMakeFiles/CMakeTmp”
Building C object CMakeFiles/cmTC_03aa3.dir/src.c.o
/usr/bin/cc   -DCMAKE_HAVE_LIBC_PTHREAD   -o CMakeFiles/cmTC_03aa3.dir/src.c.o   -c /home/rm/catkin_livox_ros_driver2/src/IST_2025_sentry/build/CMakeFiles/CMakeTmp/src.c
Linking C executable cmTC_03aa3
/usr/bin/cmake -E cmake_link_script CMakeFiles/cmTC_03aa3.dir/link.txt --verbose=1
/usr/bin/cc  -DCMAKE_HAVE_LIBC_PTHREAD    -rdynamic CMakeFiles/cmTC_03aa3.dir/src.c.o  -o cmTC_03aa3 
/usr/bin/ld: CMakeFiles/cmTC_03aa3.dir/src.c.o: in function `main':
src.c:(.text+0x46): undefined reference to `pthread_create'
/usr/bin/ld: src.c:(.text+0x52): undefined reference to `pthread_detach'
/usr/bin/ld: src.c:(.text+0x63): undefined reference to `pthread_join'
collect2: error: ld returned 1 exit status
make[1]: *** [CMakeFiles/cmTC_03aa3.dir/build.make:87：cmTC_03aa3] 错误 1
make[1]: 离开目录“/home/rm/catkin_livox_ros_driver2/src/IST_2025_sentry/build/CMakeFiles/CMakeTmp”
make: *** [Makefile:121：cmTC_03aa3/fast] 错误 2


Source file was:
#include <pthread.h>

void* test_func(void* data)
{
  return data;
}

int main(void)
{
  pthread_t thread;
  pthread_create(&thread, NULL, test_func, NULL);
  pthread_detach(thread);
  pthread_join(thread, NULL);
  pthread_atfork(NULL, NULL, NULL);
  pthread_exit(NULL);

  return 0;
}

Determining if the function pthread_create exists in the pthreads failed with the following output:
Change Dir: /home/rm/catkin_livox_ros_driver2/src/IST_2025_sentry/build/CMakeFiles/CMakeTmp

Run Build Command(s):/usr/bin/make cmTC_8d869/fast && /usr/bin/make -f CMakeFiles/cmTC_8d869.dir/build.make CMakeFiles/cmTC_8d869.dir/build
make[1]: 进入目录“/home/rm/catkin_livox_ros_driver2/src/IST_2025_sentry/build/CMakeFiles/CMakeTmp”
Building C object CMakeFiles/cmTC_8d869.dir/CheckFunctionExists.c.o
/usr/bin/cc   -DCHECK_FUNCTION_EXISTS=pthread_create   -o CMakeFiles/cmTC_8d869.dir/CheckFunctionExists.c.o   -c /usr/share/cmake-3.16/Modules/CheckFunctionExists.c
Linking C executable cmTC_8d869
/usr/bin/cmake -E cmake_link_script CMakeFiles/cmTC_8d869.dir/link.txt --verbose=1
/usr/bin/cc  -DCHECK_FUNCTION_EXISTS=pthread_create    -rdynamic CMakeFiles/cmTC_8d869.dir/CheckFunctionExists.c.o  -o cmTC_8d869  -lpthreads 
/usr/bin/ld: 找不到 -lpthreads
collect2: error: ld returned 1 exit status
make[1]: *** [CMakeFiles/cmTC_8d869.dir/build.make:87：cmTC_8d869] 错误 1
make[1]: 离开目录“/home/rm/catkin_livox_ros_driver2/src/IST_2025_sentry/build/CMakeFiles/CMakeTmp”
make: *** [Makefile:121：cmTC_8d869/fast] 错误 2



Performing C SOURCE FILE Test CMAKE_HAVE_LIBC_PTHREAD failed with the following output:
Change Dir: /home/rm/catkin_livox_ros_driver2/src/IST_2025_sentry/build/CMakeFiles/CMakeTmp

Run Build Command(s):/usr/bin/make cmTC_f161c/fast && /usr/bin/make -f CMakeFiles/cmTC_f161c.dir/build.make CMakeFiles/cmTC_f161c.dir/build
make[1]: 进入目录“/home/rm/catkin_livox_ros_driver2/src/IST_2025_sentry/build/CMakeFiles/CMakeTmp”
Building C object CMakeFiles/cmTC_f161c.dir/src.c.o
/usr/bin/cc   -DCMAKE_HAVE_LIBC_PTHREAD   -o CMakeFiles/cmTC_f161c.dir/src.c.o   -c /home/rm/catkin_livox_ros_driver2/src/IST_2025_sentry/build/CMakeFiles/CMakeTmp/src.c
Linking C executable cmTC_f161c
/usr/bin/cmake -E cmake_link_script CMakeFiles/cmTC_f161c.dir/link.txt --verbose=1
/usr/bin/cc  -DCMAKE_HAVE_LIBC_PTHREAD    -rdynamic CMakeFiles/cmTC_f161c.dir/src.c.o  -o cmTC_f161c 
/usr/bin/ld: CMakeFiles/cmTC_f161c.dir/src.c.o: in function `main':
src.c:(.text+0x46): undefined reference to `pthread_create'
/usr/bin/ld: src.c:(.text+0x52): undefined reference to `pthread_detach'
/usr/bin/ld: src.c:(.text+0x63): undefined reference to `pthread_join'
collect2: error: ld returned 1 exit status
make[1]: *** [CMakeFiles/cmTC_f161c.dir/build.make:87：cmTC_f161c] 错误 1
make[1]: 离开目录“/home/rm/catkin_livox_ros_driver2/src/IST_2025_sentry/build/CMakeFiles/CMakeTmp”
make: *** [Makefile:121：cmTC_f161c/fast] 错误 2


Source file was:
#include <pthread.h>

void* test_func(void* data)
{
  return data;
}

int main(void)
{
  pthread_t thread;
  pthread_create(&thread, NULL, test_func, NULL);
  pthread_detach(thread);
  pthread_join(thread, NULL);
  pthread_atfork(NULL, NULL, NULL);
  pthread_exit(NULL);

  return 0;
}

Determining if the function pthread_create exists in the pthreads failed with the following output:
Change Dir: /home/rm/catkin_livox_ros_driver2/src/IST_2025_sentry/build/CMakeFiles/CMakeTmp

Run Build Command(s):/usr/bin/make cmTC_14ab0/fast && /usr/bin/make -f CMakeFiles/cmTC_14ab0.dir/build.make CMakeFiles/cmTC_14ab0.dir/build
make[1]: 进入目录“/home/rm/catkin_livox_ros_driver2/src/IST_2025_sentry/build/CMakeFiles/CMakeTmp”
Building C object CMakeFiles/cmTC_14ab0.dir/CheckFunctionExists.c.o
/usr/bin/cc   -DCHECK_FUNCTION_EXISTS=pthread_create   -o CMakeFiles/cmTC_14ab0.dir/CheckFunctionExists.c.o   -c /usr/share/cmake-3.16/Modules/CheckFunctionExists.c
Linking C executable cmTC_14ab0
/usr/bin/cmake -E cmake_link_script CMakeFiles/cmTC_14ab0.dir/link.txt --verbose=1
/usr/bin/cc  -DCHECK_FUNCTION_EXISTS=pthread_create    -rdynamic CMakeFiles/cmTC_14ab0.dir/CheckFunctionExists.c.o  -o cmTC_14ab0  -lpthreads 
/usr/bin/ld: 找不到 -lpthreads
collect2: error: ld returned 1 exit status
make[1]: *** [CMakeFiles/cmTC_14ab0.dir/build.make:87：cmTC_14ab0] 错误 1
make[1]: 离开目录“/home/rm/catkin_livox_ros_driver2/src/IST_2025_sentry/build/CMakeFiles/CMakeTmp”
make: *** [Makefile:121：cmTC_14ab0/fast] 错误 2



Performing C SOURCE FILE Test CMAKE_HAVE_LIBC_PTHREAD failed with the following output:
Change Dir: /home/rm/catkin_livox_ros_driver2/src/IST_2025_sentry/build/CMakeFiles/CMakeTmp

Run Build Command(s):/usr/bin/make cmTC_2ad33/fast && /usr/bin/make -f CMakeFiles/cmTC_2ad33.dir/build.make CMakeFiles/cmTC_2ad33.dir/build
make[1]: 进入目录“/home/rm/catkin_livox_ros_driver2/src/IST_2025_sentry/build/CMakeFiles/CMakeTmp”
Building C object CMakeFiles/cmTC_2ad33.dir/src.c.o
/usr/bin/cc   -DCMAKE_HAVE_LIBC_PTHREAD   -o CMakeFiles/cmTC_2ad33.dir/src.c.o   -c /home/rm/catkin_livox_ros_driver2/src/IST_2025_sentry/build/CMakeFiles/CMakeTmp/src.c
Linking C executable cmTC_2ad33
/usr/bin/cmake -E cmake_link_script CMakeFiles/cmTC_2ad33.dir/link.txt --verbose=1
/usr/bin/cc  -DCMAKE_HAVE_LIBC_PTHREAD    -rdynamic CMakeFiles/cmTC_2ad33.dir/src.c.o  -o cmTC_2ad33 
/usr/bin/ld: CMakeFiles/cmTC_2ad33.dir/src.c.o: in function `main':
src.c:(.text+0x46): undefined reference to `pthread_create'
/usr/bin/ld: src.c:(.text+0x52): undefined reference to `pthread_detach'
/usr/bin/ld: src.c:(.text+0x63): undefined reference to `pthread_join'
collect2: error: ld returned 1 exit status
make[1]: *** [CMakeFiles/cmTC_2ad33.dir/build.make:87：cmTC_2ad33] 错误 1
make[1]: 离开目录“/home/rm/catkin_livox_ros_driver2/src/IST_2025_sentry/build/CMakeFiles/CMakeTmp”
make: *** [Makefile:121：cmTC_2ad33/fast] 错误 2


Source file was:
#include <pthread.h>

void* test_func(void* data)
{
  return data;
}

int main(void)
{
  pthread_t thread;
  pthread_create(&thread, NULL, test_func, NULL);
  pthread_detach(thread);
  pthread_join(thread, NULL);
  pthread_atfork(NULL, NULL, NULL);
  pthread_exit(NULL);

  return 0;
}

Determining if the function pthread_create exists in the pthreads failed with the following output:
Change Dir: /home/rm/catkin_livox_ros_driver2/src/IST_2025_sentry/build/CMakeFiles/CMakeTmp

Run Build Command(s):/usr/bin/make cmTC_0de4b/fast && /usr/bin/make -f CMakeFiles/cmTC_0de4b.dir/build.make CMakeFiles/cmTC_0de4b.dir/build
make[1]: 进入目录“/home/rm/catkin_livox_ros_driver2/src/IST_2025_sentry/build/CMakeFiles/CMakeTmp”
Building C object CMakeFiles/cmTC_0de4b.dir/CheckFunctionExists.c.o
/usr/bin/cc   -DCHECK_FUNCTION_EXISTS=pthread_create   -o CMakeFiles/cmTC_0de4b.dir/CheckFunctionExists.c.o   -c /usr/share/cmake-3.16/Modules/CheckFunctionExists.c
Linking C executable cmTC_0de4b
/usr/bin/cmake -E cmake_link_script CMakeFiles/cmTC_0de4b.dir/link.txt --verbose=1
/usr/bin/cc  -DCHECK_FUNCTION_EXISTS=pthread_create    -rdynamic CMakeFiles/cmTC_0de4b.dir/CheckFunctionExists.c.o  -o cmTC_0de4b  -lpthreads 
/usr/bin/ld: 找不到 -lpthreads
collect2: error: ld returned 1 exit status
make[1]: *** [CMakeFiles/cmTC_0de4b.dir/build.make:87：cmTC_0de4b] 错误 1
make[1]: 离开目录“/home/rm/catkin_livox_ros_driver2/src/IST_2025_sentry/build/CMakeFiles/CMakeTmp”
make: *** [Makefile:121：cmTC_0de4b/fast] 错误 2



Performing C SOURCE FILE Test CMAKE_HAVE_LIBC_PTHREAD failed with the following output:
Change Dir: /home/rm/catkin_livox_ros_driver2/src/IST_2025_sentry/build/CMakeFiles/CMakeTmp

Run Build Command(s):/usr/bin/make cmTC_6ecba/fast && /usr/bin/make -f CMakeFiles/cmTC_6ecba.dir/build.make CMakeFiles/cmTC_6ecba.dir/build
make[1]: 进入目录“/home/rm/catkin_livox_ros_driver2/src/IST_2025_sentry/build/CMakeFiles/CMakeTmp”
Building C object CMakeFiles/cmTC_6ecba.dir/src.c.o
/usr/bin/cc   -DCMAKE_HAVE_LIBC_PTHREAD   -o CMakeFiles/cmTC_6ecba.dir/src.c.o   -c /home/rm/catkin_livox_ros_driver2/src/IST_2025_sentry/build/CMakeFiles/CMakeTmp/src.c
Linking C executable cmTC_6ecba
/usr/bin/cmake -E cmake_link_script CMakeFiles/cmTC_6ecba.dir/link.txt --verbose=1
/usr/bin/cc  -DCMAKE_HAVE_LIBC_PTHREAD    -rdynamic CMakeFiles/cmTC_6ecba.dir/src.c.o  -o cmTC_6ecba 
/usr/bin/ld: CMakeFiles/cmTC_6ecba.dir/src.c.o: in function `main':
src.c:(.text+0x46): undefined reference to `pthread_create'
/usr/bin/ld: src.c:(.text+0x52): undefined reference to `pthread_detach'
/usr/bin/ld: src.c:(.text+0x63): undefined reference to `pthread_join'
collect2: error: ld returned 1 exit status
make[1]: *** [CMakeFiles/cmTC_6ecba.dir/build.make:87：cmTC_6ecba] 错误 1
make[1]: 离开目录“/home/rm/catkin_livox_ros_driver2/src/IST_2025_sentry/build/CMakeFiles/CMakeTmp”
make: *** [Makefile:121：cmTC_6ecba/fast] 错误 2


Source file was:
#include <pthread.h>

void* test_func(void* data)
{
  return data;
}

int main(void)
{
  pthread_t thread;
  pthread_create(&thread, NULL, test_func, NULL);
  pthread_detach(thread);
  pthread_join(thread, NULL);
  pthread_atfork(NULL, NULL, NULL);
  pthread_exit(NULL);

  return 0;
}

Determining if the function pthread_create exists in the pthreads failed with the following output:
Change Dir: /home/rm/catkin_livox_ros_driver2/src/IST_2025_sentry/build/CMakeFiles/CMakeTmp

Run Build Command(s):/usr/bin/make cmTC_3683b/fast && /usr/bin/make -f CMakeFiles/cmTC_3683b.dir/build.make CMakeFiles/cmTC_3683b.dir/build
make[1]: 进入目录“/home/rm/catkin_livox_ros_driver2/src/IST_2025_sentry/build/CMakeFiles/CMakeTmp”
Building C object CMakeFiles/cmTC_3683b.dir/CheckFunctionExists.c.o
/usr/bin/cc   -DCHECK_FUNCTION_EXISTS=pthread_create   -o CMakeFiles/cmTC_3683b.dir/CheckFunctionExists.c.o   -c /usr/share/cmake-3.16/Modules/CheckFunctionExists.c
Linking C executable cmTC_3683b
/usr/bin/cmake -E cmake_link_script CMakeFiles/cmTC_3683b.dir/link.txt --verbose=1
/usr/bin/cc  -DCHECK_FUNCTION_EXISTS=pthread_create    -rdynamic CMakeFiles/cmTC_3683b.dir/CheckFunctionExists.c.o  -o cmTC_3683b  -lpthreads 
/usr/bin/ld: 找不到 -lpthreads
collect2: error: ld returned 1 exit status
make[1]: *** [CMakeFiles/cmTC_3683b.dir/build.make:87：cmTC_3683b] 错误 1
make[1]: 离开目录“/home/rm/catkin_livox_ros_driver2/src/IST_2025_sentry/build/CMakeFiles/CMakeTmp”
make: *** [Makefile:121：cmTC_3683b/fast] 错误 2



Performing C SOURCE FILE Test CMAKE_HAVE_LIBC_PTHREAD failed with the following output:
Change Dir: /home/rm/catkin_livox_ros_driver2/src/IST_2025_sentry/build/CMakeFiles/CMakeTmp

Run Build Command(s):/usr/bin/make cmTC_2c43f/fast && /usr/bin/make -f CMakeFiles/cmTC_2c43f.dir/build.make CMakeFiles/cmTC_2c43f.dir/build
make[1]: 进入目录“/home/rm/catkin_livox_ros_driver2/src/IST_2025_sentry/build/CMakeFiles/CMakeTmp”
Building C object CMakeFiles/cmTC_2c43f.dir/src.c.o
/usr/bin/cc   -DCMAKE_HAVE_LIBC_PTHREAD   -o CMakeFiles/cmTC_2c43f.dir/src.c.o   -c /home/rm/catkin_livox_ros_driver2/src/IST_2025_sentry/build/CMakeFiles/CMakeTmp/src.c
Linking C executable cmTC_2c43f
/usr/bin/cmake -E cmake_link_script CMakeFiles/cmTC_2c43f.dir/link.txt --verbose=1
/usr/bin/cc  -DCMAKE_HAVE_LIBC_PTHREAD    -rdynamic CMakeFiles/cmTC_2c43f.dir/src.c.o  -o cmTC_2c43f 
/usr/bin/ld: CMakeFiles/cmTC_2c43f.dir/src.c.o: in function `main':
src.c:(.text+0x46): undefined reference to `pthread_create'
/usr/bin/ld: src.c:(.text+0x52): undefined reference to `pthread_detach'
/usr/bin/ld: src.c:(.text+0x63): undefined reference to `pthread_join'
collect2: error: ld returned 1 exit status
make[1]: *** [CMakeFiles/cmTC_2c43f.dir/build.make:87：cmTC_2c43f] 错误 1
make[1]: 离开目录“/home/rm/catkin_livox_ros_driver2/src/IST_2025_sentry/build/CMakeFiles/CMakeTmp”
make: *** [Makefile:121：cmTC_2c43f/fast] 错误 2


Source file was:
#include <pthread.h>

void* test_func(void* data)
{
  return data;
}

int main(void)
{
  pthread_t thread;
  pthread_create(&thread, NULL, test_func, NULL);
  pthread_detach(thread);
  pthread_join(thread, NULL);
  pthread_atfork(NULL, NULL, NULL);
  pthread_exit(NULL);

  return 0;
}

Determining if the function pthread_create exists in the pthreads failed with the following output:
Change Dir: /home/rm/catkin_livox_ros_driver2/src/IST_2025_sentry/build/CMakeFiles/CMakeTmp

Run Build Command(s):/usr/bin/make cmTC_290bf/fast && /usr/bin/make -f CMakeFiles/cmTC_290bf.dir/build.make CMakeFiles/cmTC_290bf.dir/build
make[1]: 进入目录“/home/rm/catkin_livox_ros_driver2/src/IST_2025_sentry/build/CMakeFiles/CMakeTmp”
Building C object CMakeFiles/cmTC_290bf.dir/CheckFunctionExists.c.o
/usr/bin/cc   -DCHECK_FUNCTION_EXISTS=pthread_create   -o CMakeFiles/cmTC_290bf.dir/CheckFunctionExists.c.o   -c /usr/share/cmake-3.16/Modules/CheckFunctionExists.c
Linking C executable cmTC_290bf
/usr/bin/cmake -E cmake_link_script CMakeFiles/cmTC_290bf.dir/link.txt --verbose=1
/usr/bin/cc  -DCHECK_FUNCTION_EXISTS=pthread_create    -rdynamic CMakeFiles/cmTC_290bf.dir/CheckFunctionExists.c.o  -o cmTC_290bf  -lpthreads 
/usr/bin/ld: 找不到 -lpthreads
collect2: error: ld returned 1 exit status
make[1]: *** [CMakeFiles/cmTC_290bf.dir/build.make:87：cmTC_290bf] 错误 1
make[1]: 离开目录“/home/rm/catkin_livox_ros_driver2/src/IST_2025_sentry/build/CMakeFiles/CMakeTmp”
make: *** [Makefile:121：cmTC_290bf/fast] 错误 2



Performing C SOURCE FILE Test CMAKE_HAVE_LIBC_PTHREAD failed with the following output:
Change Dir: /home/rm/catkin_livox_ros_driver2/src/IST_2025_sentry/build/CMakeFiles/CMakeTmp

Run Build Command(s):/usr/bin/make cmTC_f4d9c/fast && /usr/bin/make -f CMakeFiles/cmTC_f4d9c.dir/build.make CMakeFiles/cmTC_f4d9c.dir/build
make[1]: 进入目录“/home/rm/catkin_livox_ros_driver2/src/IST_2025_sentry/build/CMakeFiles/CMakeTmp”
Building C object CMakeFiles/cmTC_f4d9c.dir/src.c.o
/usr/bin/cc   -DCMAKE_HAVE_LIBC_PTHREAD   -o CMakeFiles/cmTC_f4d9c.dir/src.c.o   -c /home/rm/catkin_livox_ros_driver2/src/IST_2025_sentry/build/CMakeFiles/CMakeTmp/src.c
Linking C executable cmTC_f4d9c
/usr/bin/cmake -E cmake_link_script CMakeFiles/cmTC_f4d9c.dir/link.txt --verbose=1
/usr/bin/cc  -DCMAKE_HAVE_LIBC_PTHREAD    -rdynamic CMakeFiles/cmTC_f4d9c.dir/src.c.o  -o cmTC_f4d9c 
/usr/bin/ld: CMakeFiles/cmTC_f4d9c.dir/src.c.o: in function `main':
src.c:(.text+0x46): undefined reference to `pthread_create'
/usr/bin/ld: src.c:(.text+0x52): undefined reference to `pthread_detach'
/usr/bin/ld: src.c:(.text+0x63): undefined reference to `pthread_join'
collect2: error: ld returned 1 exit status
make[1]: *** [CMakeFiles/cmTC_f4d9c.dir/build.make:87：cmTC_f4d9c] 错误 1
make[1]: 离开目录“/home/rm/catkin_livox_ros_driver2/src/IST_2025_sentry/build/CMakeFiles/CMakeTmp”
make: *** [Makefile:121：cmTC_f4d9c/fast] 错误 2


Source file was:
#include <pthread.h>

void* test_func(void* data)
{
  return data;
}

int main(void)
{
  pthread_t thread;
  pthread_create(&thread, NULL, test_func, NULL);
  pthread_detach(thread);
  pthread_join(thread, NULL);
  pthread_atfork(NULL, NULL, NULL);
  pthread_exit(NULL);

  return 0;
}

Determining if the function pthread_create exists in the pthreads failed with the following output:
Change Dir: /home/rm/catkin_livox_ros_driver2/src/IST_2025_sentry/build/CMakeFiles/CMakeTmp

Run Build Command(s):/usr/bin/make cmTC_d7b6c/fast && /usr/bin/make -f CMakeFiles/cmTC_d7b6c.dir/build.make CMakeFiles/cmTC_d7b6c.dir/build
make[1]: 进入目录“/home/rm/catkin_livox_ros_driver2/src/IST_2025_sentry/build/CMakeFiles/CMakeTmp”
Building C object CMakeFiles/cmTC_d7b6c.dir/CheckFunctionExists.c.o
/usr/bin/cc   -DCHECK_FUNCTION_EXISTS=pthread_create   -o CMakeFiles/cmTC_d7b6c.dir/CheckFunctionExists.c.o   -c /usr/share/cmake-3.16/Modules/CheckFunctionExists.c
Linking C executable cmTC_d7b6c
/usr/bin/cmake -E cmake_link_script CMakeFiles/cmTC_d7b6c.dir/link.txt --verbose=1
/usr/bin/cc  -DCHECK_FUNCTION_EXISTS=pthread_create    -rdynamic CMakeFiles/cmTC_d7b6c.dir/CheckFunctionExists.c.o  -o cmTC_d7b6c  -lpthreads 
/usr/bin/ld: 找不到 -lpthreads
collect2: error: ld returned 1 exit status
make[1]: *** [CMakeFiles/cmTC_d7b6c.dir/build.make:87：cmTC_d7b6c] 错误 1
make[1]: 离开目录“/home/rm/catkin_livox_ros_driver2/src/IST_2025_sentry/build/CMakeFiles/CMakeTmp”
make: *** [Makefile:121：cmTC_d7b6c/fast] 错误 2



Performing C SOURCE FILE Test CMAKE_HAVE_LIBC_PTHREAD failed with the following output:
Change Dir: /home/rm/catkin_livox_ros_driver2/src/IST_2025_sentry/build/CMakeFiles/CMakeTmp

Run Build Command(s):/usr/bin/make cmTC_dda7f/fast && /usr/bin/make -f CMakeFiles/cmTC_dda7f.dir/build.make CMakeFiles/cmTC_dda7f.dir/build
make[1]: 进入目录“/home/rm/catkin_livox_ros_driver2/src/IST_2025_sentry/build/CMakeFiles/CMakeTmp”
Building C object CMakeFiles/cmTC_dda7f.dir/src.c.o
/usr/bin/cc   -DCMAKE_HAVE_LIBC_PTHREAD   -o CMakeFiles/cmTC_dda7f.dir/src.c.o   -c /home/rm/catkin_livox_ros_driver2/src/IST_2025_sentry/build/CMakeFiles/CMakeTmp/src.c
Linking C executable cmTC_dda7f
/usr/bin/cmake -E cmake_link_script CMakeFiles/cmTC_dda7f.dir/link.txt --verbose=1
/usr/bin/cc  -DCMAKE_HAVE_LIBC_PTHREAD    -rdynamic CMakeFiles/cmTC_dda7f.dir/src.c.o  -o cmTC_dda7f 
/usr/bin/ld: CMakeFiles/cmTC_dda7f.dir/src.c.o: in function `main':
src.c:(.text+0x46): undefined reference to `pthread_create'
/usr/bin/ld: src.c:(.text+0x52): undefined reference to `pthread_detach'
/usr/bin/ld: src.c:(.text+0x63): undefined reference to `pthread_join'
collect2: error: ld returned 1 exit status
make[1]: *** [CMakeFiles/cmTC_dda7f.dir/build.make:87：cmTC_dda7f] 错误 1
make[1]: 离开目录“/home/rm/catkin_livox_ros_driver2/src/IST_2025_sentry/build/CMakeFiles/CMakeTmp”
make: *** [Makefile:121：cmTC_dda7f/fast] 错误 2


Source file was:
#include <pthread.h>

void* test_func(void* data)
{
  return data;
}

int main(void)
{
  pthread_t thread;
  pthread_create(&thread, NULL, test_func, NULL);
  pthread_detach(thread);
  pthread_join(thread, NULL);
  pthread_atfork(NULL, NULL, NULL);
  pthread_exit(NULL);

  return 0;
}

Determining if the function pthread_create exists in the pthreads failed with the following output:
Change Dir: /home/rm/catkin_livox_ros_driver2/src/IST_2025_sentry/build/CMakeFiles/CMakeTmp

Run Build Command(s):/usr/bin/make cmTC_e380b/fast && /usr/bin/make -f CMakeFiles/cmTC_e380b.dir/build.make CMakeFiles/cmTC_e380b.dir/build
make[1]: 进入目录“/home/rm/catkin_livox_ros_driver2/src/IST_2025_sentry/build/CMakeFiles/CMakeTmp”
Building C object CMakeFiles/cmTC_e380b.dir/CheckFunctionExists.c.o
/usr/bin/cc   -DCHECK_FUNCTION_EXISTS=pthread_create   -o CMakeFiles/cmTC_e380b.dir/CheckFunctionExists.c.o   -c /usr/share/cmake-3.16/Modules/CheckFunctionExists.c
Linking C executable cmTC_e380b
/usr/bin/cmake -E cmake_link_script CMakeFiles/cmTC_e380b.dir/link.txt --verbose=1
/usr/bin/cc  -DCHECK_FUNCTION_EXISTS=pthread_create    -rdynamic CMakeFiles/cmTC_e380b.dir/CheckFunctionExists.c.o  -o cmTC_e380b  -lpthreads 
/usr/bin/ld: 找不到 -lpthreads
collect2: error: ld returned 1 exit status
make[1]: *** [CMakeFiles/cmTC_e380b.dir/build.make:87：cmTC_e380b] 错误 1
make[1]: 离开目录“/home/rm/catkin_livox_ros_driver2/src/IST_2025_sentry/build/CMakeFiles/CMakeTmp”
make: *** [Makefile:121：cmTC_e380b/fast] 错误 2



Performing C SOURCE FILE Test CMAKE_HAVE_LIBC_PTHREAD failed with the following output:
Change Dir: /home/rm/catkin_livox_ros_driver2/src/IST_2025_sentry/build/CMakeFiles/CMakeTmp

Run Build Command(s):/usr/bin/make cmTC_4c5f7/fast && /usr/bin/make -f CMakeFiles/cmTC_4c5f7.dir/build.make CMakeFiles/cmTC_4c5f7.dir/build
make[1]: 进入目录“/home/rm/catkin_livox_ros_driver2/src/IST_2025_sentry/build/CMakeFiles/CMakeTmp”
Building C object CMakeFiles/cmTC_4c5f7.dir/src.c.o
/usr/bin/cc   -DCMAKE_HAVE_LIBC_PTHREAD   -o CMakeFiles/cmTC_4c5f7.dir/src.c.o   -c /home/rm/catkin_livox_ros_driver2/src/IST_2025_sentry/build/CMakeFiles/CMakeTmp/src.c
Linking C executable cmTC_4c5f7
/usr/bin/cmake -E cmake_link_script CMakeFiles/cmTC_4c5f7.dir/link.txt --verbose=1
/usr/bin/cc  -DCMAKE_HAVE_LIBC_PTHREAD    -rdynamic CMakeFiles/cmTC_4c5f7.dir/src.c.o  -o cmTC_4c5f7 
/usr/bin/ld: CMakeFiles/cmTC_4c5f7.dir/src.c.o: in function `main':
src.c:(.text+0x46): undefined reference to `pthread_create'
/usr/bin/ld: src.c:(.text+0x52): undefined reference to `pthread_detach'
/usr/bin/ld: src.c:(.text+0x63): undefined reference to `pthread_join'
collect2: error: ld returned 1 exit status
make[1]: *** [CMakeFiles/cmTC_4c5f7.dir/build.make:87：cmTC_4c5f7] 错误 1
make[1]: 离开目录“/home/rm/catkin_livox_ros_driver2/src/IST_2025_sentry/build/CMakeFiles/CMakeTmp”
make: *** [Makefile:121：cmTC_4c5f7/fast] 错误 2


Source file was:
#include <pthread.h>

void* test_func(void* data)
{
  return data;
}

int main(void)
{
  pthread_t thread;
  pthread_create(&thread, NULL, test_func, NULL);
  pthread_detach(thread);
  pthread_join(thread, NULL);
  pthread_atfork(NULL, NULL, NULL);
  pthread_exit(NULL);

  return 0;
}

Determining if the function pthread_create exists in the pthreads failed with the following output:
Change Dir: /home/rm/catkin_livox_ros_driver2/src/IST_2025_sentry/build/CMakeFiles/CMakeTmp

Run Build Command(s):/usr/bin/make cmTC_01723/fast && /usr/bin/make -f CMakeFiles/cmTC_01723.dir/build.make CMakeFiles/cmTC_01723.dir/build
make[1]: 进入目录“/home/rm/catkin_livox_ros_driver2/src/IST_2025_sentry/build/CMakeFiles/CMakeTmp”
Building C object CMakeFiles/cmTC_01723.dir/CheckFunctionExists.c.o
/usr/bin/cc   -DCHECK_FUNCTION_EXISTS=pthread_create   -o CMakeFiles/cmTC_01723.dir/CheckFunctionExists.c.o   -c /usr/share/cmake-3.16/Modules/CheckFunctionExists.c
Linking C executable cmTC_01723
/usr/bin/cmake -E cmake_link_script CMakeFiles/cmTC_01723.dir/link.txt --verbose=1
/usr/bin/cc  -DCHECK_FUNCTION_EXISTS=pthread_create    -rdynamic CMakeFiles/cmTC_01723.dir/CheckFunctionExists.c.o  -o cmTC_01723  -lpthreads 
/usr/bin/ld: 找不到 -lpthreads
collect2: error: ld returned 1 exit status
make[1]: *** [CMakeFiles/cmTC_01723.dir/build.make:87：cmTC_01723] 错误 1
make[1]: 离开目录“/home/rm/catkin_livox_ros_driver2/src/IST_2025_sentry/build/CMakeFiles/CMakeTmp”
make: *** [Makefile:121：cmTC_01723/fast] 错误 2



Performing C SOURCE FILE Test CMAKE_HAVE_LIBC_PTHREAD failed with the following output:
Change Dir: /home/rm/catkin_livox_ros_driver2/src/IST_2025_sentry/build/CMakeFiles/CMakeTmp

Run Build Command(s):/usr/bin/make cmTC_a60d9/fast && /usr/bin/make -f CMakeFiles/cmTC_a60d9.dir/build.make CMakeFiles/cmTC_a60d9.dir/build
make[1]: 进入目录“/home/rm/catkin_livox_ros_driver2/src/IST_2025_sentry/build/CMakeFiles/CMakeTmp”
Building C object CMakeFiles/cmTC_a60d9.dir/src.c.o
/usr/bin/cc   -DCMAKE_HAVE_LIBC_PTHREAD   -o CMakeFiles/cmTC_a60d9.dir/src.c.o   -c /home/rm/catkin_livox_ros_driver2/src/IST_2025_sentry/build/CMakeFiles/CMakeTmp/src.c
Linking C executable cmTC_a60d9
/usr/bin/cmake -E cmake_link_script CMakeFiles/cmTC_a60d9.dir/link.txt --verbose=1
/usr/bin/cc  -DCMAKE_HAVE_LIBC_PTHREAD    -rdynamic CMakeFiles/cmTC_a60d9.dir/src.c.o  -o cmTC_a60d9 
/usr/bin/ld: CMakeFiles/cmTC_a60d9.dir/src.c.o: in function `main':
src.c:(.text+0x46): undefined reference to `pthread_create'
/usr/bin/ld: src.c:(.text+0x52): undefined reference to `pthread_detach'
/usr/bin/ld: src.c:(.text+0x63): undefined reference to `pthread_join'
collect2: error: ld returned 1 exit status
make[1]: *** [CMakeFiles/cmTC_a60d9.dir/build.make:87：cmTC_a60d9] 错误 1
make[1]: 离开目录“/home/rm/catkin_livox_ros_driver2/src/IST_2025_sentry/build/CMakeFiles/CMakeTmp”
make: *** [Makefile:121：cmTC_a60d9/fast] 错误 2


Source file was:
#include <pthread.h>

void* test_func(void* data)
{
  return data;
}

int main(void)
{
  pthread_t thread;
  pthread_create(&thread, NULL, test_func, NULL);
  pthread_detach(thread);
  pthread_join(thread, NULL);
  pthread_atfork(NULL, NULL, NULL);
  pthread_exit(NULL);

  return 0;
}

Determining if the function pthread_create exists in the pthreads failed with the following output:
Change Dir: /home/rm/catkin_livox_ros_driver2/src/IST_2025_sentry/build/CMakeFiles/CMakeTmp

Run Build Command(s):/usr/bin/make cmTC_0418d/fast && /usr/bin/make -f CMakeFiles/cmTC_0418d.dir/build.make CMakeFiles/cmTC_0418d.dir/build
make[1]: 进入目录“/home/rm/catkin_livox_ros_driver2/src/IST_2025_sentry/build/CMakeFiles/CMakeTmp”
Building C object CMakeFiles/cmTC_0418d.dir/CheckFunctionExists.c.o
/usr/bin/cc   -DCHECK_FUNCTION_EXISTS=pthread_create   -o CMakeFiles/cmTC_0418d.dir/CheckFunctionExists.c.o   -c /usr/share/cmake-3.16/Modules/CheckFunctionExists.c
Linking C executable cmTC_0418d
/usr/bin/cmake -E cmake_link_script CMakeFiles/cmTC_0418d.dir/link.txt --verbose=1
/usr/bin/cc  -DCHECK_FUNCTION_EXISTS=pthread_create    -rdynamic CMakeFiles/cmTC_0418d.dir/CheckFunctionExists.c.o  -o cmTC_0418d  -lpthreads 
/usr/bin/ld: 找不到 -lpthreads
collect2: error: ld returned 1 exit status
make[1]: *** [CMakeFiles/cmTC_0418d.dir/build.make:87：cmTC_0418d] 错误 1
make[1]: 离开目录“/home/rm/catkin_livox_ros_driver2/src/IST_2025_sentry/build/CMakeFiles/CMakeTmp”
make: *** [Makefile:121：cmTC_0418d/fast] 错误 2



Performing C SOURCE FILE Test CMAKE_HAVE_LIBC_PTHREAD failed with the following output:
Change Dir: /home/rm/catkin_livox_ros_driver2/src/IST_2025_sentry/build/CMakeFiles/CMakeTmp

Run Build Command(s):/usr/bin/make cmTC_3f6be/fast && /usr/bin/make -f CMakeFiles/cmTC_3f6be.dir/build.make CMakeFiles/cmTC_3f6be.dir/build
make[1]: 进入目录“/home/rm/catkin_livox_ros_driver2/src/IST_2025_sentry/build/CMakeFiles/CMakeTmp”
Building C object CMakeFiles/cmTC_3f6be.dir/src.c.o
/usr/bin/cc   -DCMAKE_HAVE_LIBC_PTHREAD   -o CMakeFiles/cmTC_3f6be.dir/src.c.o   -c /home/rm/catkin_livox_ros_driver2/src/IST_2025_sentry/build/CMakeFiles/CMakeTmp/src.c
Linking C executable cmTC_3f6be
/usr/bin/cmake -E cmake_link_script CMakeFiles/cmTC_3f6be.dir/link.txt --verbose=1
/usr/bin/cc  -DCMAKE_HAVE_LIBC_PTHREAD    -rdynamic CMakeFiles/cmTC_3f6be.dir/src.c.o  -o cmTC_3f6be 
/usr/bin/ld: CMakeFiles/cmTC_3f6be.dir/src.c.o: in function `main':
src.c:(.text+0x46): undefined reference to `pthread_create'
/usr/bin/ld: src.c:(.text+0x52): undefined reference to `pthread_detach'
/usr/bin/ld: src.c:(.text+0x63): undefined reference to `pthread_join'
collect2: error: ld returned 1 exit status
make[1]: *** [CMakeFiles/cmTC_3f6be.dir/build.make:87：cmTC_3f6be] 错误 1
make[1]: 离开目录“/home/rm/catkin_livox_ros_driver2/src/IST_2025_sentry/build/CMakeFiles/CMakeTmp”
make: *** [Makefile:121：cmTC_3f6be/fast] 错误 2


Source file was:
#include <pthread.h>

void* test_func(void* data)
{
  return data;
}

int main(void)
{
  pthread_t thread;
  pthread_create(&thread, NULL, test_func, NULL);
  pthread_detach(thread);
  pthread_join(thread, NULL);
  pthread_atfork(NULL, NULL, NULL);
  pthread_exit(NULL);

  return 0;
}

Determining if the function pthread_create exists in the pthreads failed with the following output:
Change Dir: /home/rm/catkin_livox_ros_driver2/src/IST_2025_sentry/build/CMakeFiles/CMakeTmp

Run Build Command(s):/usr/bin/make cmTC_5a77b/fast && /usr/bin/make -f CMakeFiles/cmTC_5a77b.dir/build.make CMakeFiles/cmTC_5a77b.dir/build
make[1]: 进入目录“/home/rm/catkin_livox_ros_driver2/src/IST_2025_sentry/build/CMakeFiles/CMakeTmp”
Building C object CMakeFiles/cmTC_5a77b.dir/CheckFunctionExists.c.o
/usr/bin/cc   -DCHECK_FUNCTION_EXISTS=pthread_create   -o CMakeFiles/cmTC_5a77b.dir/CheckFunctionExists.c.o   -c /usr/share/cmake-3.16/Modules/CheckFunctionExists.c
Linking C executable cmTC_5a77b
/usr/bin/cmake -E cmake_link_script CMakeFiles/cmTC_5a77b.dir/link.txt --verbose=1
/usr/bin/cc  -DCHECK_FUNCTION_EXISTS=pthread_create    -rdynamic CMakeFiles/cmTC_5a77b.dir/CheckFunctionExists.c.o  -o cmTC_5a77b  -lpthreads 
/usr/bin/ld: 找不到 -lpthreads
collect2: error: ld returned 1 exit status
make[1]: *** [CMakeFiles/cmTC_5a77b.dir/build.make:87：cmTC_5a77b] 错误 1
make[1]: 离开目录“/home/rm/catkin_livox_ros_driver2/src/IST_2025_sentry/build/CMakeFiles/CMakeTmp”
make: *** [Makefile:121：cmTC_5a77b/fast] 错误 2



Performing C SOURCE FILE Test CMAKE_HAVE_LIBC_PTHREAD failed with the following output:
Change Dir: /home/rm/catkin_livox_ros_driver2/src/IST_2025_sentry/build/CMakeFiles/CMakeTmp

Run Build Command(s):/usr/bin/make cmTC_19cea/fast && /usr/bin/make -f CMakeFiles/cmTC_19cea.dir/build.make CMakeFiles/cmTC_19cea.dir/build
make[1]: 进入目录“/home/rm/catkin_livox_ros_driver2/src/IST_2025_sentry/build/CMakeFiles/CMakeTmp”
Building C object CMakeFiles/cmTC_19cea.dir/src.c.o
/usr/bin/cc   -DCMAKE_HAVE_LIBC_PTHREAD   -o CMakeFiles/cmTC_19cea.dir/src.c.o   -c /home/rm/catkin_livox_ros_driver2/src/IST_2025_sentry/build/CMakeFiles/CMakeTmp/src.c
Linking C executable cmTC_19cea
/usr/bin/cmake -E cmake_link_script CMakeFiles/cmTC_19cea.dir/link.txt --verbose=1
/usr/bin/cc  -DCMAKE_HAVE_LIBC_PTHREAD    -rdynamic CMakeFiles/cmTC_19cea.dir/src.c.o  -o cmTC_19cea 
/usr/bin/ld: CMakeFiles/cmTC_19cea.dir/src.c.o: in function `main':
src.c:(.text+0x46): undefined reference to `pthread_create'
/usr/bin/ld: src.c:(.text+0x52): undefined reference to `pthread_detach'
/usr/bin/ld: src.c:(.text+0x63): undefined reference to `pthread_join'
collect2: error: ld returned 1 exit status
make[1]: *** [CMakeFiles/cmTC_19cea.dir/build.make:87：cmTC_19cea] 错误 1
make[1]: 离开目录“/home/rm/catkin_livox_ros_driver2/src/IST_2025_sentry/build/CMakeFiles/CMakeTmp”
make: *** [Makefile:121：cmTC_19cea/fast] 错误 2


Source file was:
#include <pthread.h>

void* test_func(void* data)
{
  return data;
}

int main(void)
{
  pthread_t thread;
  pthread_create(&thread, NULL, test_func, NULL);
  pthread_detach(thread);
  pthread_join(thread, NULL);
  pthread_atfork(NULL, NULL, NULL);
  pthread_exit(NULL);

  return 0;
}

Determining if the function pthread_create exists in the pthreads failed with the following output:
Change Dir: /home/rm/catkin_livox_ros_driver2/src/IST_2025_sentry/build/CMakeFiles/CMakeTmp

Run Build Command(s):/usr/bin/make cmTC_b773f/fast && /usr/bin/make -f CMakeFiles/cmTC_b773f.dir/build.make CMakeFiles/cmTC_b773f.dir/build
make[1]: 进入目录“/home/rm/catkin_livox_ros_driver2/src/IST_2025_sentry/build/CMakeFiles/CMakeTmp”
Building C object CMakeFiles/cmTC_b773f.dir/CheckFunctionExists.c.o
/usr/bin/cc   -DCHECK_FUNCTION_EXISTS=pthread_create   -o CMakeFiles/cmTC_b773f.dir/CheckFunctionExists.c.o   -c /usr/share/cmake-3.16/Modules/CheckFunctionExists.c
Linking C executable cmTC_b773f
/usr/bin/cmake -E cmake_link_script CMakeFiles/cmTC_b773f.dir/link.txt --verbose=1
/usr/bin/cc  -DCHECK_FUNCTION_EXISTS=pthread_create    -rdynamic CMakeFiles/cmTC_b773f.dir/CheckFunctionExists.c.o  -o cmTC_b773f  -lpthreads 
/usr/bin/ld: 找不到 -lpthreads
collect2: error: ld returned 1 exit status
make[1]: *** [CMakeFiles/cmTC_b773f.dir/build.make:87：cmTC_b773f] 错误 1
make[1]: 离开目录“/home/rm/catkin_livox_ros_driver2/src/IST_2025_sentry/build/CMakeFiles/CMakeTmp”
make: *** [Makefile:121：cmTC_b773f/fast] 错误 2



Performing C SOURCE FILE Test CMAKE_HAVE_LIBC_PTHREAD failed with the following output:
Change Dir: /home/rm/catkin_livox_ros_driver2/src/IST_2025_sentry/build/CMakeFiles/CMakeTmp

Run Build Command(s):/usr/bin/make cmTC_9cd9f/fast && /usr/bin/make -f CMakeFiles/cmTC_9cd9f.dir/build.make CMakeFiles/cmTC_9cd9f.dir/build
make[1]: 进入目录“/home/rm/catkin_livox_ros_driver2/src/IST_2025_sentry/build/CMakeFiles/CMakeTmp”
Building C object CMakeFiles/cmTC_9cd9f.dir/src.c.o
/usr/bin/cc   -DCMAKE_HAVE_LIBC_PTHREAD   -o CMakeFiles/cmTC_9cd9f.dir/src.c.o   -c /home/rm/catkin_livox_ros_driver2/src/IST_2025_sentry/build/CMakeFiles/CMakeTmp/src.c
Linking C executable cmTC_9cd9f
/usr/bin/cmake -E cmake_link_script CMakeFiles/cmTC_9cd9f.dir/link.txt --verbose=1
/usr/bin/cc  -DCMAKE_HAVE_LIBC_PTHREAD    -rdynamic CMakeFiles/cmTC_9cd9f.dir/src.c.o  -o cmTC_9cd9f 
/usr/bin/ld: CMakeFiles/cmTC_9cd9f.dir/src.c.o: in function `main':
src.c:(.text+0x46): undefined reference to `pthread_create'
/usr/bin/ld: src.c:(.text+0x52): undefined reference to `pthread_detach'
/usr/bin/ld: src.c:(.text+0x63): undefined reference to `pthread_join'
collect2: error: ld returned 1 exit status
make[1]: *** [CMakeFiles/cmTC_9cd9f.dir/build.make:87：cmTC_9cd9f] 错误 1
make[1]: 离开目录“/home/rm/catkin_livox_ros_driver2/src/IST_2025_sentry/build/CMakeFiles/CMakeTmp”
make: *** [Makefile:121：cmTC_9cd9f/fast] 错误 2


Source file was:
#include <pthread.h>

void* test_func(void* data)
{
  return data;
}

int main(void)
{
  pthread_t thread;
  pthread_create(&thread, NULL, test_func, NULL);
  pthread_detach(thread);
  pthread_join(thread, NULL);
  pthread_atfork(NULL, NULL, NULL);
  pthread_exit(NULL);

  return 0;
}

Determining if the function pthread_create exists in the pthreads failed with the following output:
Change Dir: /home/rm/catkin_livox_ros_driver2/src/IST_2025_sentry/build/CMakeFiles/CMakeTmp

Run Build Command(s):/usr/bin/make cmTC_23ae9/fast && /usr/bin/make -f CMakeFiles/cmTC_23ae9.dir/build.make CMakeFiles/cmTC_23ae9.dir/build
make[1]: 进入目录“/home/rm/catkin_livox_ros_driver2/src/IST_2025_sentry/build/CMakeFiles/CMakeTmp”
Building C object CMakeFiles/cmTC_23ae9.dir/CheckFunctionExists.c.o
/usr/bin/cc   -DCHECK_FUNCTION_EXISTS=pthread_create   -o CMakeFiles/cmTC_23ae9.dir/CheckFunctionExists.c.o   -c /usr/share/cmake-3.16/Modules/CheckFunctionExists.c
Linking C executable cmTC_23ae9
/usr/bin/cmake -E cmake_link_script CMakeFiles/cmTC_23ae9.dir/link.txt --verbose=1
/usr/bin/cc  -DCHECK_FUNCTION_EXISTS=pthread_create    -rdynamic CMakeFiles/cmTC_23ae9.dir/CheckFunctionExists.c.o  -o cmTC_23ae9  -lpthreads 
/usr/bin/ld: 找不到 -lpthreads
collect2: error: ld returned 1 exit status
make[1]: *** [CMakeFiles/cmTC_23ae9.dir/build.make:87：cmTC_23ae9] 错误 1
make[1]: 离开目录“/home/rm/catkin_livox_ros_driver2/src/IST_2025_sentry/build/CMakeFiles/CMakeTmp”
make: *** [Makefile:121：cmTC_23ae9/fast] 错误 2



Performing C SOURCE FILE Test CMAKE_HAVE_LIBC_PTHREAD failed with the following output:
Change Dir: /home/rm/catkin_livox_ros_driver2/src/IST_2025_sentry/build/CMakeFiles/CMakeTmp

Run Build Command(s):/usr/bin/make cmTC_b6762/fast && /usr/bin/make -f CMakeFiles/cmTC_b6762.dir/build.make CMakeFiles/cmTC_b6762.dir/build
make[1]: 进入目录“/home/rm/catkin_livox_ros_driver2/src/IST_2025_sentry/build/CMakeFiles/CMakeTmp”
Building C object CMakeFiles/cmTC_b6762.dir/src.c.o
/usr/bin/cc   -DCMAKE_HAVE_LIBC_PTHREAD   -o CMakeFiles/cmTC_b6762.dir/src.c.o   -c /home/rm/catkin_livox_ros_driver2/src/IST_2025_sentry/build/CMakeFiles/CMakeTmp/src.c
Linking C executable cmTC_b6762
/usr/bin/cmake -E cmake_link_script CMakeFiles/cmTC_b6762.dir/link.txt --verbose=1
/usr/bin/cc  -DCMAKE_HAVE_LIBC_PTHREAD    -rdynamic CMakeFiles/cmTC_b6762.dir/src.c.o  -o cmTC_b6762 
/usr/bin/ld: CMakeFiles/cmTC_b6762.dir/src.c.o: in function `main':
src.c:(.text+0x46): undefined reference to `pthread_create'
/usr/bin/ld: src.c:(.text+0x52): undefined reference to `pthread_detach'
/usr/bin/ld: src.c:(.text+0x63): undefined reference to `pthread_join'
collect2: error: ld returned 1 exit status
make[1]: *** [CMakeFiles/cmTC_b6762.dir/build.make:87：cmTC_b6762] 错误 1
make[1]: 离开目录“/home/rm/catkin_livox_ros_driver2/src/IST_2025_sentry/build/CMakeFiles/CMakeTmp”
make: *** [Makefile:121：cmTC_b6762/fast] 错误 2


Source file was:
#include <pthread.h>

void* test_func(void* data)
{
  return data;
}

int main(void)
{
  pthread_t thread;
  pthread_create(&thread, NULL, test_func, NULL);
  pthread_detach(thread);
  pthread_join(thread, NULL);
  pthread_atfork(NULL, NULL, NULL);
  pthread_exit(NULL);

  return 0;
}

Determining if the function pthread_create exists in the pthreads failed with the following output:
Change Dir: /home/rm/catkin_livox_ros_driver2/src/IST_2025_sentry/build/CMakeFiles/CMakeTmp

Run Build Command(s):/usr/bin/make cmTC_2124f/fast && /usr/bin/make -f CMakeFiles/cmTC_2124f.dir/build.make CMakeFiles/cmTC_2124f.dir/build
make[1]: 进入目录“/home/rm/catkin_livox_ros_driver2/src/IST_2025_sentry/build/CMakeFiles/CMakeTmp”
Building C object CMakeFiles/cmTC_2124f.dir/CheckFunctionExists.c.o
/usr/bin/cc   -DCHECK_FUNCTION_EXISTS=pthread_create   -o CMakeFiles/cmTC_2124f.dir/CheckFunctionExists.c.o   -c /usr/share/cmake-3.16/Modules/CheckFunctionExists.c
Linking C executable cmTC_2124f
/usr/bin/cmake -E cmake_link_script CMakeFiles/cmTC_2124f.dir/link.txt --verbose=1
/usr/bin/cc  -DCHECK_FUNCTION_EXISTS=pthread_create    -rdynamic CMakeFiles/cmTC_2124f.dir/CheckFunctionExists.c.o  -o cmTC_2124f  -lpthreads 
/usr/bin/ld: 找不到 -lpthreads
collect2: error: ld returned 1 exit status
make[1]: *** [CMakeFiles/cmTC_2124f.dir/build.make:87：cmTC_2124f] 错误 1
make[1]: 离开目录“/home/rm/catkin_livox_ros_driver2/src/IST_2025_sentry/build/CMakeFiles/CMakeTmp”
make: *** [Makefile:121：cmTC_2124f/fast] 错误 2



Performing C SOURCE FILE Test CMAKE_HAVE_LIBC_PTHREAD failed with the following output:
Change Dir: /home/rm/catkin_livox_ros_driver2/src/IST_2025_sentry/build/CMakeFiles/CMakeTmp

Run Build Command(s):/usr/bin/make cmTC_0564a/fast && /usr/bin/make -f CMakeFiles/cmTC_0564a.dir/build.make CMakeFiles/cmTC_0564a.dir/build
make[1]: 进入目录“/home/rm/catkin_livox_ros_driver2/src/IST_2025_sentry/build/CMakeFiles/CMakeTmp”
Building C object CMakeFiles/cmTC_0564a.dir/src.c.o
/usr/bin/cc   -DCMAKE_HAVE_LIBC_PTHREAD   -o CMakeFiles/cmTC_0564a.dir/src.c.o   -c /home/rm/catkin_livox_ros_driver2/src/IST_2025_sentry/build/CMakeFiles/CMakeTmp/src.c
Linking C executable cmTC_0564a
/usr/bin/cmake -E cmake_link_script CMakeFiles/cmTC_0564a.dir/link.txt --verbose=1
/usr/bin/cc  -DCMAKE_HAVE_LIBC_PTHREAD    -rdynamic CMakeFiles/cmTC_0564a.dir/src.c.o  -o cmTC_0564a 
/usr/bin/ld: CMakeFiles/cmTC_0564a.dir/src.c.o: in function `main':
src.c:(.text+0x46): undefined reference to `pthread_create'
/usr/bin/ld: src.c:(.text+0x52): undefined reference to `pthread_detach'
/usr/bin/ld: src.c:(.text+0x63): undefined reference to `pthread_join'
collect2: error: ld returned 1 exit status
make[1]: *** [CMakeFiles/cmTC_0564a.dir/build.make:87：cmTC_0564a] 错误 1
make[1]: 离开目录“/home/rm/catkin_livox_ros_driver2/src/IST_2025_sentry/build/CMakeFiles/CMakeTmp”
make: *** [Makefile:121：cmTC_0564a/fast] 错误 2


Source file was:
#include <pthread.h>

void* test_func(void* data)
{
  return data;
}

int main(void)
{
  pthread_t thread;
  pthread_create(&thread, NULL, test_func, NULL);
  pthread_detach(thread);
  pthread_join(thread, NULL);
  pthread_atfork(NULL, NULL, NULL);
  pthread_exit(NULL);

  return 0;
}

Determining if the function pthread_create exists in the pthreads failed with the following output:
Change Dir: /home/rm/catkin_livox_ros_driver2/src/IST_2025_sentry/build/CMakeFiles/CMakeTmp

Run Build Command(s):/usr/bin/make cmTC_1cd46/fast && /usr/bin/make -f CMakeFiles/cmTC_1cd46.dir/build.make CMakeFiles/cmTC_1cd46.dir/build
make[1]: 进入目录“/home/rm/catkin_livox_ros_driver2/src/IST_2025_sentry/build/CMakeFiles/CMakeTmp”
Building C object CMakeFiles/cmTC_1cd46.dir/CheckFunctionExists.c.o
/usr/bin/cc   -DCHECK_FUNCTION_EXISTS=pthread_create   -o CMakeFiles/cmTC_1cd46.dir/CheckFunctionExists.c.o   -c /usr/share/cmake-3.16/Modules/CheckFunctionExists.c
Linking C executable cmTC_1cd46
/usr/bin/cmake -E cmake_link_script CMakeFiles/cmTC_1cd46.dir/link.txt --verbose=1
/usr/bin/cc  -DCHECK_FUNCTION_EXISTS=pthread_create    -rdynamic CMakeFiles/cmTC_1cd46.dir/CheckFunctionExists.c.o  -o cmTC_1cd46  -lpthreads 
/usr/bin/ld: 找不到 -lpthreads
collect2: error: ld returned 1 exit status
make[1]: *** [CMakeFiles/cmTC_1cd46.dir/build.make:87：cmTC_1cd46] 错误 1
make[1]: 离开目录“/home/rm/catkin_livox_ros_driver2/src/IST_2025_sentry/build/CMakeFiles/CMakeTmp”
make: *** [Makefile:121：cmTC_1cd46/fast] 错误 2



Performing C SOURCE FILE Test CMAKE_HAVE_LIBC_PTHREAD failed with the following output:
Change Dir: /home/rm/catkin_livox_ros_driver2/src/IST_2025_sentry/build/CMakeFiles/CMakeTmp

Run Build Command(s):/usr/bin/make cmTC_9fb5f/fast && /usr/bin/make -f CMakeFiles/cmTC_9fb5f.dir/build.make CMakeFiles/cmTC_9fb5f.dir/build
make[1]: 进入目录“/home/rm/catkin_livox_ros_driver2/src/IST_2025_sentry/build/CMakeFiles/CMakeTmp”
Building C object CMakeFiles/cmTC_9fb5f.dir/src.c.o
/usr/bin/cc   -DCMAKE_HAVE_LIBC_PTHREAD   -o CMakeFiles/cmTC_9fb5f.dir/src.c.o   -c /home/rm/catkin_livox_ros_driver2/src/IST_2025_sentry/build/CMakeFiles/CMakeTmp/src.c
Linking C executable cmTC_9fb5f
/usr/bin/cmake -E cmake_link_script CMakeFiles/cmTC_9fb5f.dir/link.txt --verbose=1
/usr/bin/cc  -DCMAKE_HAVE_LIBC_PTHREAD    -rdynamic CMakeFiles/cmTC_9fb5f.dir/src.c.o  -o cmTC_9fb5f 
/usr/bin/ld: CMakeFiles/cmTC_9fb5f.dir/src.c.o: in function `main':
src.c:(.text+0x46): undefined reference to `pthread_create'
/usr/bin/ld: src.c:(.text+0x52): undefined reference to `pthread_detach'
/usr/bin/ld: src.c:(.text+0x63): undefined reference to `pthread_join'
collect2: error: ld returned 1 exit status
make[1]: *** [CMakeFiles/cmTC_9fb5f.dir/build.make:87：cmTC_9fb5f] 错误 1
make[1]: 离开目录“/home/rm/catkin_livox_ros_driver2/src/IST_2025_sentry/build/CMakeFiles/CMakeTmp”
make: *** [Makefile:121：cmTC_9fb5f/fast] 错误 2


Source file was:
#include <pthread.h>

void* test_func(void* data)
{
  return data;
}

int main(void)
{
  pthread_t thread;
  pthread_create(&thread, NULL, test_func, NULL);
  pthread_detach(thread);
  pthread_join(thread, NULL);
  pthread_atfork(NULL, NULL, NULL);
  pthread_exit(NULL);

  return 0;
}

Determining if the function pthread_create exists in the pthreads failed with the following output:
Change Dir: /home/rm/catkin_livox_ros_driver2/src/IST_2025_sentry/build/CMakeFiles/CMakeTmp

Run Build Command(s):/usr/bin/make cmTC_d258b/fast && /usr/bin/make -f CMakeFiles/cmTC_d258b.dir/build.make CMakeFiles/cmTC_d258b.dir/build
make[1]: 进入目录“/home/rm/catkin_livox_ros_driver2/src/IST_2025_sentry/build/CMakeFiles/CMakeTmp”
Building C object CMakeFiles/cmTC_d258b.dir/CheckFunctionExists.c.o
/usr/bin/cc   -DCHECK_FUNCTION_EXISTS=pthread_create   -o CMakeFiles/cmTC_d258b.dir/CheckFunctionExists.c.o   -c /usr/share/cmake-3.16/Modules/CheckFunctionExists.c
Linking C executable cmTC_d258b
/usr/bin/cmake -E cmake_link_script CMakeFiles/cmTC_d258b.dir/link.txt --verbose=1
/usr/bin/cc  -DCHECK_FUNCTION_EXISTS=pthread_create    -rdynamic CMakeFiles/cmTC_d258b.dir/CheckFunctionExists.c.o  -o cmTC_d258b  -lpthreads 
/usr/bin/ld: 找不到 -lpthreads
collect2: error: ld returned 1 exit status
make[1]: *** [CMakeFiles/cmTC_d258b.dir/build.make:87：cmTC_d258b] 错误 1
make[1]: 离开目录“/home/rm/catkin_livox_ros_driver2/src/IST_2025_sentry/build/CMakeFiles/CMakeTmp”
make: *** [Makefile:121：cmTC_d258b/fast] 错误 2



Performing C SOURCE FILE Test CMAKE_HAVE_LIBC_PTHREAD failed with the following output:
Change Dir: /home/rm/catkin_livox_ros_driver2/src/IST_2025_sentry/build/CMakeFiles/CMakeTmp

Run Build Command(s):/usr/bin/make cmTC_a1600/fast && /usr/bin/make -f CMakeFiles/cmTC_a1600.dir/build.make CMakeFiles/cmTC_a1600.dir/build
make[1]: 进入目录“/home/rm/catkin_livox_ros_driver2/src/IST_2025_sentry/build/CMakeFiles/CMakeTmp”
Building C object CMakeFiles/cmTC_a1600.dir/src.c.o
/usr/bin/cc   -DCMAKE_HAVE_LIBC_PTHREAD   -o CMakeFiles/cmTC_a1600.dir/src.c.o   -c /home/rm/catkin_livox_ros_driver2/src/IST_2025_sentry/build/CMakeFiles/CMakeTmp/src.c
Linking C executable cmTC_a1600
/usr/bin/cmake -E cmake_link_script CMakeFiles/cmTC_a1600.dir/link.txt --verbose=1
/usr/bin/cc  -DCMAKE_HAVE_LIBC_PTHREAD    -rdynamic CMakeFiles/cmTC_a1600.dir/src.c.o  -o cmTC_a1600 
/usr/bin/ld: CMakeFiles/cmTC_a1600.dir/src.c.o: in function `main':
src.c:(.text+0x46): undefined reference to `pthread_create'
/usr/bin/ld: src.c:(.text+0x52): undefined reference to `pthread_detach'
/usr/bin/ld: src.c:(.text+0x63): undefined reference to `pthread_join'
collect2: error: ld returned 1 exit status
make[1]: *** [CMakeFiles/cmTC_a1600.dir/build.make:87：cmTC_a1600] 错误 1
make[1]: 离开目录“/home/rm/catkin_livox_ros_driver2/src/IST_2025_sentry/build/CMakeFiles/CMakeTmp”
make: *** [Makefile:121：cmTC_a1600/fast] 错误 2


Source file was:
#include <pthread.h>

void* test_func(void* data)
{
  return data;
}

int main(void)
{
  pthread_t thread;
  pthread_create(&thread, NULL, test_func, NULL);
  pthread_detach(thread);
  pthread_join(thread, NULL);
  pthread_atfork(NULL, NULL, NULL);
  pthread_exit(NULL);

  return 0;
}

Determining if the function pthread_create exists in the pthreads failed with the following output:
Change Dir: /home/rm/catkin_livox_ros_driver2/src/IST_2025_sentry/build/CMakeFiles/CMakeTmp

Run Build Command(s):/usr/bin/make cmTC_e5eca/fast && /usr/bin/make -f CMakeFiles/cmTC_e5eca.dir/build.make CMakeFiles/cmTC_e5eca.dir/build
make[1]: 进入目录“/home/rm/catkin_livox_ros_driver2/src/IST_2025_sentry/build/CMakeFiles/CMakeTmp”
Building C object CMakeFiles/cmTC_e5eca.dir/CheckFunctionExists.c.o
/usr/bin/cc   -DCHECK_FUNCTION_EXISTS=pthread_create   -o CMakeFiles/cmTC_e5eca.dir/CheckFunctionExists.c.o   -c /usr/share/cmake-3.16/Modules/CheckFunctionExists.c
Linking C executable cmTC_e5eca
/usr/bin/cmake -E cmake_link_script CMakeFiles/cmTC_e5eca.dir/link.txt --verbose=1
/usr/bin/cc  -DCHECK_FUNCTION_EXISTS=pthread_create    -rdynamic CMakeFiles/cmTC_e5eca.dir/CheckFunctionExists.c.o  -o cmTC_e5eca  -lpthreads 
/usr/bin/ld: 找不到 -lpthreads
collect2: error: ld returned 1 exit status
make[1]: *** [CMakeFiles/cmTC_e5eca.dir/build.make:87：cmTC_e5eca] 错误 1
make[1]: 离开目录“/home/rm/catkin_livox_ros_driver2/src/IST_2025_sentry/build/CMakeFiles/CMakeTmp”
make: *** [Makefile:121：cmTC_e5eca/fast] 错误 2



Performing C SOURCE FILE Test CMAKE_HAVE_LIBC_PTHREAD failed with the following output:
Change Dir: /home/rm/catkin_livox_ros_driver2/src/IST_2025_sentry/build/CMakeFiles/CMakeTmp

Run Build Command(s):/usr/bin/make cmTC_99071/fast && /usr/bin/make -f CMakeFiles/cmTC_99071.dir/build.make CMakeFiles/cmTC_99071.dir/build
make[1]: 进入目录“/home/rm/catkin_livox_ros_driver2/src/IST_2025_sentry/build/CMakeFiles/CMakeTmp”
Building C object CMakeFiles/cmTC_99071.dir/src.c.o
/usr/bin/cc   -DCMAKE_HAVE_LIBC_PTHREAD   -o CMakeFiles/cmTC_99071.dir/src.c.o   -c /home/rm/catkin_livox_ros_driver2/src/IST_2025_sentry/build/CMakeFiles/CMakeTmp/src.c
Linking C executable cmTC_99071
/usr/bin/cmake -E cmake_link_script CMakeFiles/cmTC_99071.dir/link.txt --verbose=1
/usr/bin/cc  -DCMAKE_HAVE_LIBC_PTHREAD    -rdynamic CMakeFiles/cmTC_99071.dir/src.c.o  -o cmTC_99071 
/usr/bin/ld: CMakeFiles/cmTC_99071.dir/src.c.o: in function `main':
src.c:(.text+0x46): undefined reference to `pthread_create'
/usr/bin/ld: src.c:(.text+0x52): undefined reference to `pthread_detach'
/usr/bin/ld: src.c:(.text+0x63): undefined reference to `pthread_join'
collect2: error: ld returned 1 exit status
make[1]: *** [CMakeFiles/cmTC_99071.dir/build.make:87：cmTC_99071] 错误 1
make[1]: 离开目录“/home/rm/catkin_livox_ros_driver2/src/IST_2025_sentry/build/CMakeFiles/CMakeTmp”
make: *** [Makefile:121：cmTC_99071/fast] 错误 2


Source file was:
#include <pthread.h>

void* test_func(void* data)
{
  return data;
}

int main(void)
{
  pthread_t thread;
  pthread_create(&thread, NULL, test_func, NULL);
  pthread_detach(thread);
  pthread_join(thread, NULL);
  pthread_atfork(NULL, NULL, NULL);
  pthread_exit(NULL);

  return 0;
}

Determining if the function pthread_create exists in the pthreads failed with the following output:
Change Dir: /home/rm/catkin_livox_ros_driver2/src/IST_2025_sentry/build/CMakeFiles/CMakeTmp

Run Build Command(s):/usr/bin/make cmTC_4202b/fast && /usr/bin/make -f CMakeFiles/cmTC_4202b.dir/build.make CMakeFiles/cmTC_4202b.dir/build
make[1]: 进入目录“/home/rm/catkin_livox_ros_driver2/src/IST_2025_sentry/build/CMakeFiles/CMakeTmp”
Building C object CMakeFiles/cmTC_4202b.dir/CheckFunctionExists.c.o
/usr/bin/cc   -DCHECK_FUNCTION_EXISTS=pthread_create   -o CMakeFiles/cmTC_4202b.dir/CheckFunctionExists.c.o   -c /usr/share/cmake-3.16/Modules/CheckFunctionExists.c
Linking C executable cmTC_4202b
/usr/bin/cmake -E cmake_link_script CMakeFiles/cmTC_4202b.dir/link.txt --verbose=1
/usr/bin/cc  -DCHECK_FUNCTION_EXISTS=pthread_create    -rdynamic CMakeFiles/cmTC_4202b.dir/CheckFunctionExists.c.o  -o cmTC_4202b  -lpthreads 
/usr/bin/ld: 找不到 -lpthreads
collect2: error: ld returned 1 exit status
make[1]: *** [CMakeFiles/cmTC_4202b.dir/build.make:87：cmTC_4202b] 错误 1
make[1]: 离开目录“/home/rm/catkin_livox_ros_driver2/src/IST_2025_sentry/build/CMakeFiles/CMakeTmp”
make: *** [Makefile:121：cmTC_4202b/fast] 错误 2



Performing C SOURCE FILE Test CMAKE_HAVE_LIBC_PTHREAD failed with the following output:
Change Dir: /home/rm/catkin_livox_ros_driver2/src/IST_2025_sentry/build/CMakeFiles/CMakeTmp

Run Build Command(s):/usr/bin/make cmTC_9d814/fast && /usr/bin/make -f CMakeFiles/cmTC_9d814.dir/build.make CMakeFiles/cmTC_9d814.dir/build
make[1]: 进入目录“/home/rm/catkin_livox_ros_driver2/src/IST_2025_sentry/build/CMakeFiles/CMakeTmp”
Building C object CMakeFiles/cmTC_9d814.dir/src.c.o
/usr/bin/cc   -DCMAKE_HAVE_LIBC_PTHREAD   -o CMakeFiles/cmTC_9d814.dir/src.c.o   -c /home/rm/catkin_livox_ros_driver2/src/IST_2025_sentry/build/CMakeFiles/CMakeTmp/src.c
Linking C executable cmTC_9d814
/usr/bin/cmake -E cmake_link_script CMakeFiles/cmTC_9d814.dir/link.txt --verbose=1
/usr/bin/cc  -DCMAKE_HAVE_LIBC_PTHREAD    -rdynamic CMakeFiles/cmTC_9d814.dir/src.c.o  -o cmTC_9d814 
/usr/bin/ld: CMakeFiles/cmTC_9d814.dir/src.c.o: in function `main':
src.c:(.text+0x46): undefined reference to `pthread_create'
/usr/bin/ld: src.c:(.text+0x52): undefined reference to `pthread_detach'
/usr/bin/ld: src.c:(.text+0x63): undefined reference to `pthread_join'
collect2: error: ld returned 1 exit status
make[1]: *** [CMakeFiles/cmTC_9d814.dir/build.make:87：cmTC_9d814] 错误 1
make[1]: 离开目录“/home/rm/catkin_livox_ros_driver2/src/IST_2025_sentry/build/CMakeFiles/CMakeTmp”
make: *** [Makefile:121：cmTC_9d814/fast] 错误 2


Source file was:
#include <pthread.h>

void* test_func(void* data)
{
  return data;
}

int main(void)
{
  pthread_t thread;
  pthread_create(&thread, NULL, test_func, NULL);
  pthread_detach(thread);
  pthread_join(thread, NULL);
  pthread_atfork(NULL, NULL, NULL);
  pthread_exit(NULL);

  return 0;
}

Determining if the function pthread_create exists in the pthreads failed with the following output:
Change Dir: /home/rm/catkin_livox_ros_driver2/src/IST_2025_sentry/build/CMakeFiles/CMakeTmp

Run Build Command(s):/usr/bin/make cmTC_d7e6f/fast && /usr/bin/make -f CMakeFiles/cmTC_d7e6f.dir/build.make CMakeFiles/cmTC_d7e6f.dir/build
make[1]: 进入目录“/home/rm/catkin_livox_ros_driver2/src/IST_2025_sentry/build/CMakeFiles/CMakeTmp”
Building C object CMakeFiles/cmTC_d7e6f.dir/CheckFunctionExists.c.o
/usr/bin/cc   -DCHECK_FUNCTION_EXISTS=pthread_create   -o CMakeFiles/cmTC_d7e6f.dir/CheckFunctionExists.c.o   -c /usr/share/cmake-3.16/Modules/CheckFunctionExists.c
Linking C executable cmTC_d7e6f
/usr/bin/cmake -E cmake_link_script CMakeFiles/cmTC_d7e6f.dir/link.txt --verbose=1
/usr/bin/cc  -DCHECK_FUNCTION_EXISTS=pthread_create    -rdynamic CMakeFiles/cmTC_d7e6f.dir/CheckFunctionExists.c.o  -o cmTC_d7e6f  -lpthreads 
/usr/bin/ld: 找不到 -lpthreads
collect2: error: ld returned 1 exit status
make[1]: *** [CMakeFiles/cmTC_d7e6f.dir/build.make:87：cmTC_d7e6f] 错误 1
make[1]: 离开目录“/home/rm/catkin_livox_ros_driver2/src/IST_2025_sentry/build/CMakeFiles/CMakeTmp”
make: *** [Makefile:121：cmTC_d7e6f/fast] 错误 2



Performing C SOURCE FILE Test CMAKE_HAVE_LIBC_PTHREAD failed with the following output:
Change Dir: /home/rm/catkin_livox_ros_driver2/src/IST_2025_sentry/build/CMakeFiles/CMakeTmp

Run Build Command(s):/usr/bin/make cmTC_54fd1/fast && /usr/bin/make -f CMakeFiles/cmTC_54fd1.dir/build.make CMakeFiles/cmTC_54fd1.dir/build
make[1]: 进入目录“/home/rm/catkin_livox_ros_driver2/src/IST_2025_sentry/build/CMakeFiles/CMakeTmp”
Building C object CMakeFiles/cmTC_54fd1.dir/src.c.o
/usr/bin/cc   -DCMAKE_HAVE_LIBC_PTHREAD   -o CMakeFiles/cmTC_54fd1.dir/src.c.o   -c /home/rm/catkin_livox_ros_driver2/src/IST_2025_sentry/build/CMakeFiles/CMakeTmp/src.c
Linking C executable cmTC_54fd1
/usr/bin/cmake -E cmake_link_script CMakeFiles/cmTC_54fd1.dir/link.txt --verbose=1
/usr/bin/cc  -DCMAKE_HAVE_LIBC_PTHREAD    -rdynamic CMakeFiles/cmTC_54fd1.dir/src.c.o  -o cmTC_54fd1 
/usr/bin/ld: CMakeFiles/cmTC_54fd1.dir/src.c.o: in function `main':
src.c:(.text+0x46): undefined reference to `pthread_create'
/usr/bin/ld: src.c:(.text+0x52): undefined reference to `pthread_detach'
/usr/bin/ld: src.c:(.text+0x63): undefined reference to `pthread_join'
collect2: error: ld returned 1 exit status
make[1]: *** [CMakeFiles/cmTC_54fd1.dir/build.make:87：cmTC_54fd1] 错误 1
make[1]: 离开目录“/home/rm/catkin_livox_ros_driver2/src/IST_2025_sentry/build/CMakeFiles/CMakeTmp”
make: *** [Makefile:121：cmTC_54fd1/fast] 错误 2


Source file was:
#include <pthread.h>

void* test_func(void* data)
{
  return data;
}

int main(void)
{
  pthread_t thread;
  pthread_create(&thread, NULL, test_func, NULL);
  pthread_detach(thread);
  pthread_join(thread, NULL);
  pthread_atfork(NULL, NULL, NULL);
  pthread_exit(NULL);

  return 0;
}

Determining if the function pthread_create exists in the pthreads failed with the following output:
Change Dir: /home/rm/catkin_livox_ros_driver2/src/IST_2025_sentry/build/CMakeFiles/CMakeTmp

Run Build Command(s):/usr/bin/make cmTC_90e05/fast && /usr/bin/make -f CMakeFiles/cmTC_90e05.dir/build.make CMakeFiles/cmTC_90e05.dir/build
make[1]: 进入目录“/home/rm/catkin_livox_ros_driver2/src/IST_2025_sentry/build/CMakeFiles/CMakeTmp”
Building C object CMakeFiles/cmTC_90e05.dir/CheckFunctionExists.c.o
/usr/bin/cc   -DCHECK_FUNCTION_EXISTS=pthread_create   -o CMakeFiles/cmTC_90e05.dir/CheckFunctionExists.c.o   -c /usr/share/cmake-3.16/Modules/CheckFunctionExists.c
Linking C executable cmTC_90e05
/usr/bin/cmake -E cmake_link_script CMakeFiles/cmTC_90e05.dir/link.txt --verbose=1
/usr/bin/cc  -DCHECK_FUNCTION_EXISTS=pthread_create    -rdynamic CMakeFiles/cmTC_90e05.dir/CheckFunctionExists.c.o  -o cmTC_90e05  -lpthreads 
/usr/bin/ld: 找不到 -lpthreads
collect2: error: ld returned 1 exit status
make[1]: *** [CMakeFiles/cmTC_90e05.dir/build.make:87：cmTC_90e05] 错误 1
make[1]: 离开目录“/home/rm/catkin_livox_ros_driver2/src/IST_2025_sentry/build/CMakeFiles/CMakeTmp”
make: *** [Makefile:121：cmTC_90e05/fast] 错误 2



Performing C SOURCE FILE Test CMAKE_HAVE_LIBC_PTHREAD failed with the following output:
Change Dir: /home/rm/catkin_livox_ros_driver2/src/IST_2025_sentry/build/CMakeFiles/CMakeTmp

Run Build Command(s):/usr/bin/make cmTC_90478/fast && /usr/bin/make -f CMakeFiles/cmTC_90478.dir/build.make CMakeFiles/cmTC_90478.dir/build
make[1]: 进入目录“/home/rm/catkin_livox_ros_driver2/src/IST_2025_sentry/build/CMakeFiles/CMakeTmp”
Building C object CMakeFiles/cmTC_90478.dir/src.c.o
/usr/bin/cc   -DCMAKE_HAVE_LIBC_PTHREAD   -o CMakeFiles/cmTC_90478.dir/src.c.o   -c /home/rm/catkin_livox_ros_driver2/src/IST_2025_sentry/build/CMakeFiles/CMakeTmp/src.c
Linking C executable cmTC_90478
/usr/bin/cmake -E cmake_link_script CMakeFiles/cmTC_90478.dir/link.txt --verbose=1
/usr/bin/cc  -DCMAKE_HAVE_LIBC_PTHREAD    -rdynamic CMakeFiles/cmTC_90478.dir/src.c.o  -o cmTC_90478 
/usr/bin/ld: CMakeFiles/cmTC_90478.dir/src.c.o: in function `main':
src.c:(.text+0x46): undefined reference to `pthread_create'
/usr/bin/ld: src.c:(.text+0x52): undefined reference to `pthread_detach'
/usr/bin/ld: src.c:(.text+0x63): undefined reference to `pthread_join'
collect2: error: ld returned 1 exit status
make[1]: *** [CMakeFiles/cmTC_90478.dir/build.make:87：cmTC_90478] 错误 1
make[1]: 离开目录“/home/rm/catkin_livox_ros_driver2/src/IST_2025_sentry/build/CMakeFiles/CMakeTmp”
make: *** [Makefile:121：cmTC_90478/fast] 错误 2


Source file was:
#include <pthread.h>

void* test_func(void* data)
{
  return data;
}

int main(void)
{
  pthread_t thread;
  pthread_create(&thread, NULL, test_func, NULL);
  pthread_detach(thread);
  pthread_join(thread, NULL);
  pthread_atfork(NULL, NULL, NULL);
  pthread_exit(NULL);

  return 0;
}

Determining if the function pthread_create exists in the pthreads failed with the following output:
Change Dir: /home/rm/catkin_livox_ros_driver2/src/IST_2025_sentry/build/CMakeFiles/CMakeTmp

Run Build Command(s):/usr/bin/make cmTC_54fb8/fast && /usr/bin/make -f CMakeFiles/cmTC_54fb8.dir/build.make CMakeFiles/cmTC_54fb8.dir/build
make[1]: 进入目录“/home/rm/catkin_livox_ros_driver2/src/IST_2025_sentry/build/CMakeFiles/CMakeTmp”
Building C object CMakeFiles/cmTC_54fb8.dir/CheckFunctionExists.c.o
/usr/bin/cc   -DCHECK_FUNCTION_EXISTS=pthread_create   -o CMakeFiles/cmTC_54fb8.dir/CheckFunctionExists.c.o   -c /usr/share/cmake-3.16/Modules/CheckFunctionExists.c
Linking C executable cmTC_54fb8
/usr/bin/cmake -E cmake_link_script CMakeFiles/cmTC_54fb8.dir/link.txt --verbose=1
/usr/bin/cc  -DCHECK_FUNCTION_EXISTS=pthread_create    -rdynamic CMakeFiles/cmTC_54fb8.dir/CheckFunctionExists.c.o  -o cmTC_54fb8  -lpthreads 
/usr/bin/ld: 找不到 -lpthreads
collect2: error: ld returned 1 exit status
make[1]: *** [CMakeFiles/cmTC_54fb8.dir/build.make:87：cmTC_54fb8] 错误 1
make[1]: 离开目录“/home/rm/catkin_livox_ros_driver2/src/IST_2025_sentry/build/CMakeFiles/CMakeTmp”
make: *** [Makefile:121：cmTC_54fb8/fast] 错误 2



Performing C SOURCE FILE Test CMAKE_HAVE_LIBC_PTHREAD failed with the following output:
Change Dir: /home/rm/catkin_livox_ros_driver2/src/IST_2025_sentry/build/CMakeFiles/CMakeTmp

Run Build Command(s):/usr/bin/make cmTC_8e9c0/fast && /usr/bin/make -f CMakeFiles/cmTC_8e9c0.dir/build.make CMakeFiles/cmTC_8e9c0.dir/build
make[1]: 进入目录“/home/rm/catkin_livox_ros_driver2/src/IST_2025_sentry/build/CMakeFiles/CMakeTmp”
Building C object CMakeFiles/cmTC_8e9c0.dir/src.c.o
/usr/bin/cc   -DCMAKE_HAVE_LIBC_PTHREAD   -o CMakeFiles/cmTC_8e9c0.dir/src.c.o   -c /home/rm/catkin_livox_ros_driver2/src/IST_2025_sentry/build/CMakeFiles/CMakeTmp/src.c
Linking C executable cmTC_8e9c0
/usr/bin/cmake -E cmake_link_script CMakeFiles/cmTC_8e9c0.dir/link.txt --verbose=1
/usr/bin/cc  -DCMAKE_HAVE_LIBC_PTHREAD    -rdynamic CMakeFiles/cmTC_8e9c0.dir/src.c.o  -o cmTC_8e9c0 
/usr/bin/ld: CMakeFiles/cmTC_8e9c0.dir/src.c.o: in function `main':
src.c:(.text+0x46): undefined reference to `pthread_create'
/usr/bin/ld: src.c:(.text+0x52): undefined reference to `pthread_detach'
/usr/bin/ld: src.c:(.text+0x63): undefined reference to `pthread_join'
collect2: error: ld returned 1 exit status
make[1]: *** [CMakeFiles/cmTC_8e9c0.dir/build.make:87：cmTC_8e9c0] 错误 1
make[1]: 离开目录“/home/rm/catkin_livox_ros_driver2/src/IST_2025_sentry/build/CMakeFiles/CMakeTmp”
make: *** [Makefile:121：cmTC_8e9c0/fast] 错误 2


Source file was:
#include <pthread.h>

void* test_func(void* data)
{
  return data;
}

int main(void)
{
  pthread_t thread;
  pthread_create(&thread, NULL, test_func, NULL);
  pthread_detach(thread);
  pthread_join(thread, NULL);
  pthread_atfork(NULL, NULL, NULL);
  pthread_exit(NULL);

  return 0;
}

Determining if the function pthread_create exists in the pthreads failed with the following output:
Change Dir: /home/rm/catkin_livox_ros_driver2/src/IST_2025_sentry/build/CMakeFiles/CMakeTmp

Run Build Command(s):/usr/bin/make cmTC_2e3ef/fast && /usr/bin/make -f CMakeFiles/cmTC_2e3ef.dir/build.make CMakeFiles/cmTC_2e3ef.dir/build
make[1]: 进入目录“/home/rm/catkin_livox_ros_driver2/src/IST_2025_sentry/build/CMakeFiles/CMakeTmp”
Building C object CMakeFiles/cmTC_2e3ef.dir/CheckFunctionExists.c.o
/usr/bin/cc   -DCHECK_FUNCTION_EXISTS=pthread_create   -o CMakeFiles/cmTC_2e3ef.dir/CheckFunctionExists.c.o   -c /usr/share/cmake-3.16/Modules/CheckFunctionExists.c
Linking C executable cmTC_2e3ef
/usr/bin/cmake -E cmake_link_script CMakeFiles/cmTC_2e3ef.dir/link.txt --verbose=1
/usr/bin/cc  -DCHECK_FUNCTION_EXISTS=pthread_create    -rdynamic CMakeFiles/cmTC_2e3ef.dir/CheckFunctionExists.c.o  -o cmTC_2e3ef  -lpthreads 
/usr/bin/ld: 找不到 -lpthreads
collect2: error: ld returned 1 exit status
make[1]: *** [CMakeFiles/cmTC_2e3ef.dir/build.make:87：cmTC_2e3ef] 错误 1
make[1]: 离开目录“/home/rm/catkin_livox_ros_driver2/src/IST_2025_sentry/build/CMakeFiles/CMakeTmp”
make: *** [Makefile:121：cmTC_2e3ef/fast] 错误 2



Performing C SOURCE FILE Test CMAKE_HAVE_LIBC_PTHREAD failed with the following output:
Change Dir: /home/rm/catkin_livox_ros_driver2/src/IST_2025_sentry/build/CMakeFiles/CMakeTmp

Run Build Command(s):/usr/bin/make cmTC_8e0e1/fast && /usr/bin/make -f CMakeFiles/cmTC_8e0e1.dir/build.make CMakeFiles/cmTC_8e0e1.dir/build
make[1]: 进入目录“/home/rm/catkin_livox_ros_driver2/src/IST_2025_sentry/build/CMakeFiles/CMakeTmp”
Building C object CMakeFiles/cmTC_8e0e1.dir/src.c.o
/usr/bin/cc   -DCMAKE_HAVE_LIBC_PTHREAD   -o CMakeFiles/cmTC_8e0e1.dir/src.c.o   -c /home/rm/catkin_livox_ros_driver2/src/IST_2025_sentry/build/CMakeFiles/CMakeTmp/src.c
Linking C executable cmTC_8e0e1
/usr/bin/cmake -E cmake_link_script CMakeFiles/cmTC_8e0e1.dir/link.txt --verbose=1
/usr/bin/cc  -DCMAKE_HAVE_LIBC_PTHREAD    -rdynamic CMakeFiles/cmTC_8e0e1.dir/src.c.o  -o cmTC_8e0e1 
/usr/bin/ld: CMakeFiles/cmTC_8e0e1.dir/src.c.o: in function `main':
src.c:(.text+0x46): undefined reference to `pthread_create'
/usr/bin/ld: src.c:(.text+0x52): undefined reference to `pthread_detach'
/usr/bin/ld: src.c:(.text+0x63): undefined reference to `pthread_join'
collect2: error: ld returned 1 exit status
make[1]: *** [CMakeFiles/cmTC_8e0e1.dir/build.make:87：cmTC_8e0e1] 错误 1
make[1]: 离开目录“/home/rm/catkin_livox_ros_driver2/src/IST_2025_sentry/build/CMakeFiles/CMakeTmp”
make: *** [Makefile:121：cmTC_8e0e1/fast] 错误 2


Source file was:
#include <pthread.h>

void* test_func(void* data)
{
  return data;
}

int main(void)
{
  pthread_t thread;
  pthread_create(&thread, NULL, test_func, NULL);
  pthread_detach(thread);
  pthread_join(thread, NULL);
  pthread_atfork(NULL, NULL, NULL);
  pthread_exit(NULL);

  return 0;
}

Determining if the function pthread_create exists in the pthreads failed with the following output:
Change Dir: /home/rm/catkin_livox_ros_driver2/src/IST_2025_sentry/build/CMakeFiles/CMakeTmp

Run Build Command(s):/usr/bin/make cmTC_b8b1b/fast && /usr/bin/make -f CMakeFiles/cmTC_b8b1b.dir/build.make CMakeFiles/cmTC_b8b1b.dir/build
make[1]: 进入目录“/home/rm/catkin_livox_ros_driver2/src/IST_2025_sentry/build/CMakeFiles/CMakeTmp”
Building C object CMakeFiles/cmTC_b8b1b.dir/CheckFunctionExists.c.o
/usr/bin/cc   -DCHECK_FUNCTION_EXISTS=pthread_create   -o CMakeFiles/cmTC_b8b1b.dir/CheckFunctionExists.c.o   -c /usr/share/cmake-3.16/Modules/CheckFunctionExists.c
Linking C executable cmTC_b8b1b
/usr/bin/cmake -E cmake_link_script CMakeFiles/cmTC_b8b1b.dir/link.txt --verbose=1
/usr/bin/cc  -DCHECK_FUNCTION_EXISTS=pthread_create    -rdynamic CMakeFiles/cmTC_b8b1b.dir/CheckFunctionExists.c.o  -o cmTC_b8b1b  -lpthreads 
/usr/bin/ld: 找不到 -lpthreads
collect2: error: ld returned 1 exit status
make[1]: *** [CMakeFiles/cmTC_b8b1b.dir/build.make:87：cmTC_b8b1b] 错误 1
make[1]: 离开目录“/home/rm/catkin_livox_ros_driver2/src/IST_2025_sentry/build/CMakeFiles/CMakeTmp”
make: *** [Makefile:121：cmTC_b8b1b/fast] 错误 2



Performing C SOURCE FILE Test CMAKE_HAVE_LIBC_PTHREAD failed with the following output:
Change Dir: /home/rm/catkin_livox_ros_driver2/src/IST_2025_sentry/build/CMakeFiles/CMakeTmp

Run Build Command(s):/usr/bin/make cmTC_cf7e8/fast && /usr/bin/make -f CMakeFiles/cmTC_cf7e8.dir/build.make CMakeFiles/cmTC_cf7e8.dir/build
make[1]: 进入目录“/home/rm/catkin_livox_ros_driver2/src/IST_2025_sentry/build/CMakeFiles/CMakeTmp”
Building C object CMakeFiles/cmTC_cf7e8.dir/src.c.o
/usr/bin/cc   -DCMAKE_HAVE_LIBC_PTHREAD   -o CMakeFiles/cmTC_cf7e8.dir/src.c.o   -c /home/rm/catkin_livox_ros_driver2/src/IST_2025_sentry/build/CMakeFiles/CMakeTmp/src.c
Linking C executable cmTC_cf7e8
/usr/bin/cmake -E cmake_link_script CMakeFiles/cmTC_cf7e8.dir/link.txt --verbose=1
/usr/bin/cc  -DCMAKE_HAVE_LIBC_PTHREAD    -rdynamic CMakeFiles/cmTC_cf7e8.dir/src.c.o  -o cmTC_cf7e8 
/usr/bin/ld: CMakeFiles/cmTC_cf7e8.dir/src.c.o: in function `main':
src.c:(.text+0x46): undefined reference to `pthread_create'
/usr/bin/ld: src.c:(.text+0x52): undefined reference to `pthread_detach'
/usr/bin/ld: src.c:(.text+0x63): undefined reference to `pthread_join'
collect2: error: ld returned 1 exit status
make[1]: *** [CMakeFiles/cmTC_cf7e8.dir/build.make:87：cmTC_cf7e8] 错误 1
make[1]: 离开目录“/home/rm/catkin_livox_ros_driver2/src/IST_2025_sentry/build/CMakeFiles/CMakeTmp”
make: *** [Makefile:121：cmTC_cf7e8/fast] 错误 2


Source file was:
#include <pthread.h>

void* test_func(void* data)
{
  return data;
}

int main(void)
{
  pthread_t thread;
  pthread_create(&thread, NULL, test_func, NULL);
  pthread_detach(thread);
  pthread_join(thread, NULL);
  pthread_atfork(NULL, NULL, NULL);
  pthread_exit(NULL);

  return 0;
}

Determining if the function pthread_create exists in the pthreads failed with the following output:
Change Dir: /home/rm/catkin_livox_ros_driver2/src/IST_2025_sentry/build/CMakeFiles/CMakeTmp

Run Build Command(s):/usr/bin/make cmTC_70deb/fast && /usr/bin/make -f CMakeFiles/cmTC_70deb.dir/build.make CMakeFiles/cmTC_70deb.dir/build
make[1]: 进入目录“/home/rm/catkin_livox_ros_driver2/src/IST_2025_sentry/build/CMakeFiles/CMakeTmp”
Building C object CMakeFiles/cmTC_70deb.dir/CheckFunctionExists.c.o
/usr/bin/cc   -DCHECK_FUNCTION_EXISTS=pthread_create   -o CMakeFiles/cmTC_70deb.dir/CheckFunctionExists.c.o   -c /usr/share/cmake-3.16/Modules/CheckFunctionExists.c
Linking C executable cmTC_70deb
/usr/bin/cmake -E cmake_link_script CMakeFiles/cmTC_70deb.dir/link.txt --verbose=1
/usr/bin/cc  -DCHECK_FUNCTION_EXISTS=pthread_create    -rdynamic CMakeFiles/cmTC_70deb.dir/CheckFunctionExists.c.o  -o cmTC_70deb  -lpthreads 
/usr/bin/ld: 找不到 -lpthreads
collect2: error: ld returned 1 exit status
make[1]: *** [CMakeFiles/cmTC_70deb.dir/build.make:87：cmTC_70deb] 错误 1
make[1]: 离开目录“/home/rm/catkin_livox_ros_driver2/src/IST_2025_sentry/build/CMakeFiles/CMakeTmp”
make: *** [Makefile:121：cmTC_70deb/fast] 错误 2



Performing C SOURCE FILE Test CMAKE_HAVE_LIBC_PTHREAD failed with the following output:
Change Dir: /home/rm/catkin_livox_ros_driver2/src/IST_2025_sentry/build/CMakeFiles/CMakeTmp

Run Build Command(s):/usr/bin/make cmTC_d0d36/fast && /usr/bin/make -f CMakeFiles/cmTC_d0d36.dir/build.make CMakeFiles/cmTC_d0d36.dir/build
make[1]: 进入目录“/home/rm/catkin_livox_ros_driver2/src/IST_2025_sentry/build/CMakeFiles/CMakeTmp”
Building C object CMakeFiles/cmTC_d0d36.dir/src.c.o
/usr/bin/cc   -DCMAKE_HAVE_LIBC_PTHREAD   -o CMakeFiles/cmTC_d0d36.dir/src.c.o   -c /home/rm/catkin_livox_ros_driver2/src/IST_2025_sentry/build/CMakeFiles/CMakeTmp/src.c
Linking C executable cmTC_d0d36
/usr/bin/cmake -E cmake_link_script CMakeFiles/cmTC_d0d36.dir/link.txt --verbose=1
/usr/bin/cc  -DCMAKE_HAVE_LIBC_PTHREAD    -rdynamic CMakeFiles/cmTC_d0d36.dir/src.c.o  -o cmTC_d0d36 
/usr/bin/ld: CMakeFiles/cmTC_d0d36.dir/src.c.o: in function `main':
src.c:(.text+0x46): undefined reference to `pthread_create'
/usr/bin/ld: src.c:(.text+0x52): undefined reference to `pthread_detach'
/usr/bin/ld: src.c:(.text+0x63): undefined reference to `pthread_join'
collect2: error: ld returned 1 exit status
make[1]: *** [CMakeFiles/cmTC_d0d36.dir/build.make:87：cmTC_d0d36] 错误 1
make[1]: 离开目录“/home/rm/catkin_livox_ros_driver2/src/IST_2025_sentry/build/CMakeFiles/CMakeTmp”
make: *** [Makefile:121：cmTC_d0d36/fast] 错误 2


Source file was:
#include <pthread.h>

void* test_func(void* data)
{
  return data;
}

int main(void)
{
  pthread_t thread;
  pthread_create(&thread, NULL, test_func, NULL);
  pthread_detach(thread);
  pthread_join(thread, NULL);
  pthread_atfork(NULL, NULL, NULL);
  pthread_exit(NULL);

  return 0;
}

Determining if the function pthread_create exists in the pthreads failed with the following output:
Change Dir: /home/rm/catkin_livox_ros_driver2/src/IST_2025_sentry/build/CMakeFiles/CMakeTmp

Run Build Command(s):/usr/bin/make cmTC_a1082/fast && /usr/bin/make -f CMakeFiles/cmTC_a1082.dir/build.make CMakeFiles/cmTC_a1082.dir/build
make[1]: 进入目录“/home/rm/catkin_livox_ros_driver2/src/IST_2025_sentry/build/CMakeFiles/CMakeTmp”
Building C object CMakeFiles/cmTC_a1082.dir/CheckFunctionExists.c.o
/usr/bin/cc   -DCHECK_FUNCTION_EXISTS=pthread_create   -o CMakeFiles/cmTC_a1082.dir/CheckFunctionExists.c.o   -c /usr/share/cmake-3.16/Modules/CheckFunctionExists.c
Linking C executable cmTC_a1082
/usr/bin/cmake -E cmake_link_script CMakeFiles/cmTC_a1082.dir/link.txt --verbose=1
/usr/bin/cc  -DCHECK_FUNCTION_EXISTS=pthread_create    -rdynamic CMakeFiles/cmTC_a1082.dir/CheckFunctionExists.c.o  -o cmTC_a1082  -lpthreads 
/usr/bin/ld: 找不到 -lpthreads
collect2: error: ld returned 1 exit status
make[1]: *** [CMakeFiles/cmTC_a1082.dir/build.make:87：cmTC_a1082] 错误 1
make[1]: 离开目录“/home/rm/catkin_livox_ros_driver2/src/IST_2025_sentry/build/CMakeFiles/CMakeTmp”
make: *** [Makefile:121：cmTC_a1082/fast] 错误 2



Performing C SOURCE FILE Test CMAKE_HAVE_LIBC_PTHREAD failed with the following output:
Change Dir: /home/rm/catkin_livox_ros_driver2/src/IST_2025_sentry/build/CMakeFiles/CMakeTmp

Run Build Command(s):/usr/bin/make cmTC_f5cac/fast && /usr/bin/make -f CMakeFiles/cmTC_f5cac.dir/build.make CMakeFiles/cmTC_f5cac.dir/build
make[1]: 进入目录“/home/rm/catkin_livox_ros_driver2/src/IST_2025_sentry/build/CMakeFiles/CMakeTmp”
Building C object CMakeFiles/cmTC_f5cac.dir/src.c.o
/usr/bin/cc   -DCMAKE_HAVE_LIBC_PTHREAD   -o CMakeFiles/cmTC_f5cac.dir/src.c.o   -c /home/rm/catkin_livox_ros_driver2/src/IST_2025_sentry/build/CMakeFiles/CMakeTmp/src.c
Linking C executable cmTC_f5cac
/usr/bin/cmake -E cmake_link_script CMakeFiles/cmTC_f5cac.dir/link.txt --verbose=1
/usr/bin/cc  -DCMAKE_HAVE_LIBC_PTHREAD    -rdynamic CMakeFiles/cmTC_f5cac.dir/src.c.o  -o cmTC_f5cac 
/usr/bin/ld: CMakeFiles/cmTC_f5cac.dir/src.c.o: in function `main':
src.c:(.text+0x46): undefined reference to `pthread_create'
/usr/bin/ld: src.c:(.text+0x52): undefined reference to `pthread_detach'
/usr/bin/ld: src.c:(.text+0x63): undefined reference to `pthread_join'
collect2: error: ld returned 1 exit status
make[1]: *** [CMakeFiles/cmTC_f5cac.dir/build.make:87：cmTC_f5cac] 错误 1
make[1]: 离开目录“/home/rm/catkin_livox_ros_driver2/src/IST_2025_sentry/build/CMakeFiles/CMakeTmp”
make: *** [Makefile:121：cmTC_f5cac/fast] 错误 2


Source file was:
#include <pthread.h>

void* test_func(void* data)
{
  return data;
}

int main(void)
{
  pthread_t thread;
  pthread_create(&thread, NULL, test_func, NULL);
  pthread_detach(thread);
  pthread_join(thread, NULL);
  pthread_atfork(NULL, NULL, NULL);
  pthread_exit(NULL);

  return 0;
}

Determining if the function pthread_create exists in the pthreads failed with the following output:
Change Dir: /home/rm/catkin_livox_ros_driver2/src/IST_2025_sentry/build/CMakeFiles/CMakeTmp

Run Build Command(s):/usr/bin/make cmTC_8ae74/fast && /usr/bin/make -f CMakeFiles/cmTC_8ae74.dir/build.make CMakeFiles/cmTC_8ae74.dir/build
make[1]: 进入目录“/home/rm/catkin_livox_ros_driver2/src/IST_2025_sentry/build/CMakeFiles/CMakeTmp”
Building C object CMakeFiles/cmTC_8ae74.dir/CheckFunctionExists.c.o
/usr/bin/cc   -DCHECK_FUNCTION_EXISTS=pthread_create   -o CMakeFiles/cmTC_8ae74.dir/CheckFunctionExists.c.o   -c /usr/share/cmake-3.16/Modules/CheckFunctionExists.c
Linking C executable cmTC_8ae74
/usr/bin/cmake -E cmake_link_script CMakeFiles/cmTC_8ae74.dir/link.txt --verbose=1
/usr/bin/cc  -DCHECK_FUNCTION_EXISTS=pthread_create    -rdynamic CMakeFiles/cmTC_8ae74.dir/CheckFunctionExists.c.o  -o cmTC_8ae74  -lpthreads 
/usr/bin/ld: 找不到 -lpthreads
collect2: error: ld returned 1 exit status
make[1]: *** [CMakeFiles/cmTC_8ae74.dir/build.make:87：cmTC_8ae74] 错误 1
make[1]: 离开目录“/home/rm/catkin_livox_ros_driver2/src/IST_2025_sentry/build/CMakeFiles/CMakeTmp”
make: *** [Makefile:121：cmTC_8ae74/fast] 错误 2



Performing C SOURCE FILE Test CMAKE_HAVE_LIBC_PTHREAD failed with the following output:
Change Dir: /home/rm/catkin_livox_ros_driver2/src/IST_2025_sentry/build/CMakeFiles/CMakeTmp

Run Build Command(s):/usr/bin/make cmTC_611cc/fast && /usr/bin/make -f CMakeFiles/cmTC_611cc.dir/build.make CMakeFiles/cmTC_611cc.dir/build
make[1]: 进入目录“/home/rm/catkin_livox_ros_driver2/src/IST_2025_sentry/build/CMakeFiles/CMakeTmp”
Building C object CMakeFiles/cmTC_611cc.dir/src.c.o
/usr/bin/cc   -DCMAKE_HAVE_LIBC_PTHREAD   -o CMakeFiles/cmTC_611cc.dir/src.c.o   -c /home/rm/catkin_livox_ros_driver2/src/IST_2025_sentry/build/CMakeFiles/CMakeTmp/src.c
Linking C executable cmTC_611cc
/usr/bin/cmake -E cmake_link_script CMakeFiles/cmTC_611cc.dir/link.txt --verbose=1
/usr/bin/cc  -DCMAKE_HAVE_LIBC_PTHREAD    -rdynamic CMakeFiles/cmTC_611cc.dir/src.c.o  -o cmTC_611cc 
/usr/bin/ld: CMakeFiles/cmTC_611cc.dir/src.c.o: in function `main':
src.c:(.text+0x46): undefined reference to `pthread_create'
/usr/bin/ld: src.c:(.text+0x52): undefined reference to `pthread_detach'
/usr/bin/ld: src.c:(.text+0x63): undefined reference to `pthread_join'
collect2: error: ld returned 1 exit status
make[1]: *** [CMakeFiles/cmTC_611cc.dir/build.make:87：cmTC_611cc] 错误 1
make[1]: 离开目录“/home/rm/catkin_livox_ros_driver2/src/IST_2025_sentry/build/CMakeFiles/CMakeTmp”
make: *** [Makefile:121：cmTC_611cc/fast] 错误 2


Source file was:
#include <pthread.h>

void* test_func(void* data)
{
  return data;
}

int main(void)
{
  pthread_t thread;
  pthread_create(&thread, NULL, test_func, NULL);
  pthread_detach(thread);
  pthread_join(thread, NULL);
  pthread_atfork(NULL, NULL, NULL);
  pthread_exit(NULL);

  return 0;
}

Determining if the function pthread_create exists in the pthreads failed with the following output:
Change Dir: /home/rm/catkin_livox_ros_driver2/src/IST_2025_sentry/build/CMakeFiles/CMakeTmp

Run Build Command(s):/usr/bin/make cmTC_90f5d/fast && /usr/bin/make -f CMakeFiles/cmTC_90f5d.dir/build.make CMakeFiles/cmTC_90f5d.dir/build
make[1]: 进入目录“/home/rm/catkin_livox_ros_driver2/src/IST_2025_sentry/build/CMakeFiles/CMakeTmp”
Building C object CMakeFiles/cmTC_90f5d.dir/CheckFunctionExists.c.o
/usr/bin/cc   -DCHECK_FUNCTION_EXISTS=pthread_create   -o CMakeFiles/cmTC_90f5d.dir/CheckFunctionExists.c.o   -c /usr/share/cmake-3.16/Modules/CheckFunctionExists.c
Linking C executable cmTC_90f5d
/usr/bin/cmake -E cmake_link_script CMakeFiles/cmTC_90f5d.dir/link.txt --verbose=1
/usr/bin/cc  -DCHECK_FUNCTION_EXISTS=pthread_create    -rdynamic CMakeFiles/cmTC_90f5d.dir/CheckFunctionExists.c.o  -o cmTC_90f5d  -lpthreads 
/usr/bin/ld: 找不到 -lpthreads
collect2: error: ld returned 1 exit status
make[1]: *** [CMakeFiles/cmTC_90f5d.dir/build.make:87：cmTC_90f5d] 错误 1
make[1]: 离开目录“/home/rm/catkin_livox_ros_driver2/src/IST_2025_sentry/build/CMakeFiles/CMakeTmp”
make: *** [Makefile:121：cmTC_90f5d/fast] 错误 2



Performing C SOURCE FILE Test CMAKE_HAVE_LIBC_PTHREAD failed with the following output:
Change Dir: /home/rm/catkin_livox_ros_driver2/src/IST_2025_sentry/build/CMakeFiles/CMakeTmp

Run Build Command(s):/usr/bin/make cmTC_b5222/fast && /usr/bin/make -f CMakeFiles/cmTC_b5222.dir/build.make CMakeFiles/cmTC_b5222.dir/build
make[1]: 进入目录“/home/rm/catkin_livox_ros_driver2/src/IST_2025_sentry/build/CMakeFiles/CMakeTmp”
Building C object CMakeFiles/cmTC_b5222.dir/src.c.o
/usr/bin/cc   -DCMAKE_HAVE_LIBC_PTHREAD   -o CMakeFiles/cmTC_b5222.dir/src.c.o   -c /home/rm/catkin_livox_ros_driver2/src/IST_2025_sentry/build/CMakeFiles/CMakeTmp/src.c
Linking C executable cmTC_b5222
/usr/bin/cmake -E cmake_link_script CMakeFiles/cmTC_b5222.dir/link.txt --verbose=1
/usr/bin/cc  -DCMAKE_HAVE_LIBC_PTHREAD    -rdynamic CMakeFiles/cmTC_b5222.dir/src.c.o  -o cmTC_b5222 
/usr/bin/ld: CMakeFiles/cmTC_b5222.dir/src.c.o: in function `main':
src.c:(.text+0x46): undefined reference to `pthread_create'
/usr/bin/ld: src.c:(.text+0x52): undefined reference to `pthread_detach'
/usr/bin/ld: src.c:(.text+0x63): undefined reference to `pthread_join'
collect2: error: ld returned 1 exit status
make[1]: *** [CMakeFiles/cmTC_b5222.dir/build.make:87：cmTC_b5222] 错误 1
make[1]: 离开目录“/home/rm/catkin_livox_ros_driver2/src/IST_2025_sentry/build/CMakeFiles/CMakeTmp”
make: *** [Makefile:121：cmTC_b5222/fast] 错误 2


Source file was:
#include <pthread.h>

void* test_func(void* data)
{
  return data;
}

int main(void)
{
  pthread_t thread;
  pthread_create(&thread, NULL, test_func, NULL);
  pthread_detach(thread);
  pthread_join(thread, NULL);
  pthread_atfork(NULL, NULL, NULL);
  pthread_exit(NULL);

  return 0;
}

Determining if the function pthread_create exists in the pthreads failed with the following output:
Change Dir: /home/rm/catkin_livox_ros_driver2/src/IST_2025_sentry/build/CMakeFiles/CMakeTmp

Run Build Command(s):/usr/bin/make cmTC_8e3af/fast && /usr/bin/make -f CMakeFiles/cmTC_8e3af.dir/build.make CMakeFiles/cmTC_8e3af.dir/build
make[1]: 进入目录“/home/rm/catkin_livox_ros_driver2/src/IST_2025_sentry/build/CMakeFiles/CMakeTmp”
Building C object CMakeFiles/cmTC_8e3af.dir/CheckFunctionExists.c.o
/usr/bin/cc   -DCHECK_FUNCTION_EXISTS=pthread_create   -o CMakeFiles/cmTC_8e3af.dir/CheckFunctionExists.c.o   -c /usr/share/cmake-3.16/Modules/CheckFunctionExists.c
Linking C executable cmTC_8e3af
/usr/bin/cmake -E cmake_link_script CMakeFiles/cmTC_8e3af.dir/link.txt --verbose=1
/usr/bin/cc  -DCHECK_FUNCTION_EXISTS=pthread_create    -rdynamic CMakeFiles/cmTC_8e3af.dir/CheckFunctionExists.c.o  -o cmTC_8e3af  -lpthreads 
/usr/bin/ld: 找不到 -lpthreads
collect2: error: ld returned 1 exit status
make[1]: *** [CMakeFiles/cmTC_8e3af.dir/build.make:87：cmTC_8e3af] 错误 1
make[1]: 离开目录“/home/rm/catkin_livox_ros_driver2/src/IST_2025_sentry/build/CMakeFiles/CMakeTmp”
make: *** [Makefile:121：cmTC_8e3af/fast] 错误 2



Performing C SOURCE FILE Test CMAKE_HAVE_LIBC_PTHREAD failed with the following output:
Change Dir: /home/rm/catkin_livox_ros_driver2/src/IST_2025_sentry/build/CMakeFiles/CMakeTmp

Run Build Command(s):/usr/bin/make cmTC_1d437/fast && /usr/bin/make -f CMakeFiles/cmTC_1d437.dir/build.make CMakeFiles/cmTC_1d437.dir/build
make[1]: 进入目录“/home/rm/catkin_livox_ros_driver2/src/IST_2025_sentry/build/CMakeFiles/CMakeTmp”
Building C object CMakeFiles/cmTC_1d437.dir/src.c.o
/usr/bin/cc   -DCMAKE_HAVE_LIBC_PTHREAD   -o CMakeFiles/cmTC_1d437.dir/src.c.o   -c /home/rm/catkin_livox_ros_driver2/src/IST_2025_sentry/build/CMakeFiles/CMakeTmp/src.c
Linking C executable cmTC_1d437
/usr/bin/cmake -E cmake_link_script CMakeFiles/cmTC_1d437.dir/link.txt --verbose=1
/usr/bin/cc  -DCMAKE_HAVE_LIBC_PTHREAD    -rdynamic CMakeFiles/cmTC_1d437.dir/src.c.o  -o cmTC_1d437 
/usr/bin/ld: CMakeFiles/cmTC_1d437.dir/src.c.o: in function `main':
src.c:(.text+0x46): undefined reference to `pthread_create'
/usr/bin/ld: src.c:(.text+0x52): undefined reference to `pthread_detach'
/usr/bin/ld: src.c:(.text+0x63): undefined reference to `pthread_join'
collect2: error: ld returned 1 exit status
make[1]: *** [CMakeFiles/cmTC_1d437.dir/build.make:87：cmTC_1d437] 错误 1
make[1]: 离开目录“/home/rm/catkin_livox_ros_driver2/src/IST_2025_sentry/build/CMakeFiles/CMakeTmp”
make: *** [Makefile:121：cmTC_1d437/fast] 错误 2


Source file was:
#include <pthread.h>

void* test_func(void* data)
{
  return data;
}

int main(void)
{
  pthread_t thread;
  pthread_create(&thread, NULL, test_func, NULL);
  pthread_detach(thread);
  pthread_join(thread, NULL);
  pthread_atfork(NULL, NULL, NULL);
  pthread_exit(NULL);

  return 0;
}

Determining if the function pthread_create exists in the pthreads failed with the following output:
Change Dir: /home/rm/catkin_livox_ros_driver2/src/IST_2025_sentry/build/CMakeFiles/CMakeTmp

Run Build Command(s):/usr/bin/make cmTC_e8fb1/fast && /usr/bin/make -f CMakeFiles/cmTC_e8fb1.dir/build.make CMakeFiles/cmTC_e8fb1.dir/build
make[1]: 进入目录“/home/rm/catkin_livox_ros_driver2/src/IST_2025_sentry/build/CMakeFiles/CMakeTmp”
Building C object CMakeFiles/cmTC_e8fb1.dir/CheckFunctionExists.c.o
/usr/bin/cc   -DCHECK_FUNCTION_EXISTS=pthread_create   -o CMakeFiles/cmTC_e8fb1.dir/CheckFunctionExists.c.o   -c /usr/share/cmake-3.16/Modules/CheckFunctionExists.c
Linking C executable cmTC_e8fb1
/usr/bin/cmake -E cmake_link_script CMakeFiles/cmTC_e8fb1.dir/link.txt --verbose=1
/usr/bin/cc  -DCHECK_FUNCTION_EXISTS=pthread_create    -rdynamic CMakeFiles/cmTC_e8fb1.dir/CheckFunctionExists.c.o  -o cmTC_e8fb1  -lpthreads 
/usr/bin/ld: 找不到 -lpthreads
collect2: error: ld returned 1 exit status
make[1]: *** [CMakeFiles/cmTC_e8fb1.dir/build.make:87：cmTC_e8fb1] 错误 1
make[1]: 离开目录“/home/rm/catkin_livox_ros_driver2/src/IST_2025_sentry/build/CMakeFiles/CMakeTmp”
make: *** [Makefile:121：cmTC_e8fb1/fast] 错误 2



Performing C SOURCE FILE Test CMAKE_HAVE_LIBC_PTHREAD failed with the following output:
Change Dir: /home/rm/catkin_livox_ros_driver2/src/IST_2025_sentry/build/CMakeFiles/CMakeTmp

Run Build Command(s):/usr/bin/make cmTC_048b3/fast && /usr/bin/make -f CMakeFiles/cmTC_048b3.dir/build.make CMakeFiles/cmTC_048b3.dir/build
make[1]: 进入目录“/home/rm/catkin_livox_ros_driver2/src/IST_2025_sentry/build/CMakeFiles/CMakeTmp”
Building C object CMakeFiles/cmTC_048b3.dir/src.c.o
/usr/bin/cc   -DCMAKE_HAVE_LIBC_PTHREAD   -o CMakeFiles/cmTC_048b3.dir/src.c.o   -c /home/rm/catkin_livox_ros_driver2/src/IST_2025_sentry/build/CMakeFiles/CMakeTmp/src.c
Linking C executable cmTC_048b3
/usr/bin/cmake -E cmake_link_script CMakeFiles/cmTC_048b3.dir/link.txt --verbose=1
/usr/bin/cc  -DCMAKE_HAVE_LIBC_PTHREAD    -rdynamic CMakeFiles/cmTC_048b3.dir/src.c.o  -o cmTC_048b3 
/usr/bin/ld: CMakeFiles/cmTC_048b3.dir/src.c.o: in function `main':
src.c:(.text+0x46): undefined reference to `pthread_create'
/usr/bin/ld: src.c:(.text+0x52): undefined reference to `pthread_detach'
/usr/bin/ld: src.c:(.text+0x63): undefined reference to `pthread_join'
collect2: error: ld returned 1 exit status
make[1]: *** [CMakeFiles/cmTC_048b3.dir/build.make:87：cmTC_048b3] 错误 1
make[1]: 离开目录“/home/rm/catkin_livox_ros_driver2/src/IST_2025_sentry/build/CMakeFiles/CMakeTmp”
make: *** [Makefile:121：cmTC_048b3/fast] 错误 2


Source file was:
#include <pthread.h>

void* test_func(void* data)
{
  return data;
}

int main(void)
{
  pthread_t thread;
  pthread_create(&thread, NULL, test_func, NULL);
  pthread_detach(thread);
  pthread_join(thread, NULL);
  pthread_atfork(NULL, NULL, NULL);
  pthread_exit(NULL);

  return 0;
}

Determining if the function pthread_create exists in the pthreads failed with the following output:
Change Dir: /home/rm/catkin_livox_ros_driver2/src/IST_2025_sentry/build/CMakeFiles/CMakeTmp

Run Build Command(s):/usr/bin/make cmTC_f6525/fast && /usr/bin/make -f CMakeFiles/cmTC_f6525.dir/build.make CMakeFiles/cmTC_f6525.dir/build
make[1]: 进入目录“/home/rm/catkin_livox_ros_driver2/src/IST_2025_sentry/build/CMakeFiles/CMakeTmp”
Building C object CMakeFiles/cmTC_f6525.dir/CheckFunctionExists.c.o
/usr/bin/cc   -DCHECK_FUNCTION_EXISTS=pthread_create   -o CMakeFiles/cmTC_f6525.dir/CheckFunctionExists.c.o   -c /usr/share/cmake-3.16/Modules/CheckFunctionExists.c
Linking C executable cmTC_f6525
/usr/bin/cmake -E cmake_link_script CMakeFiles/cmTC_f6525.dir/link.txt --verbose=1
/usr/bin/cc  -DCHECK_FUNCTION_EXISTS=pthread_create    -rdynamic CMakeFiles/cmTC_f6525.dir/CheckFunctionExists.c.o  -o cmTC_f6525  -lpthreads 
/usr/bin/ld: 找不到 -lpthreads
collect2: error: ld returned 1 exit status
make[1]: *** [CMakeFiles/cmTC_f6525.dir/build.make:87：cmTC_f6525] 错误 1
make[1]: 离开目录“/home/rm/catkin_livox_ros_driver2/src/IST_2025_sentry/build/CMakeFiles/CMakeTmp”
make: *** [Makefile:121：cmTC_f6525/fast] 错误 2



Performing C SOURCE FILE Test CMAKE_HAVE_LIBC_PTHREAD failed with the following output:
Change Dir: /home/rm/catkin_livox_ros_driver2/src/IST_2025_sentry/build/CMakeFiles/CMakeTmp

Run Build Command(s):/usr/bin/make cmTC_4e28a/fast && /usr/bin/make -f CMakeFiles/cmTC_4e28a.dir/build.make CMakeFiles/cmTC_4e28a.dir/build
make[1]: 进入目录“/home/rm/catkin_livox_ros_driver2/src/IST_2025_sentry/build/CMakeFiles/CMakeTmp”
Building C object CMakeFiles/cmTC_4e28a.dir/src.c.o
/usr/bin/cc   -DCMAKE_HAVE_LIBC_PTHREAD   -o CMakeFiles/cmTC_4e28a.dir/src.c.o   -c /home/rm/catkin_livox_ros_driver2/src/IST_2025_sentry/build/CMakeFiles/CMakeTmp/src.c
Linking C executable cmTC_4e28a
/usr/bin/cmake -E cmake_link_script CMakeFiles/cmTC_4e28a.dir/link.txt --verbose=1
/usr/bin/cc  -DCMAKE_HAVE_LIBC_PTHREAD    -rdynamic CMakeFiles/cmTC_4e28a.dir/src.c.o  -o cmTC_4e28a 
/usr/bin/ld: CMakeFiles/cmTC_4e28a.dir/src.c.o: in function `main':
src.c:(.text+0x46): undefined reference to `pthread_create'
/usr/bin/ld: src.c:(.text+0x52): undefined reference to `pthread_detach'
/usr/bin/ld: src.c:(.text+0x63): undefined reference to `pthread_join'
collect2: error: ld returned 1 exit status
make[1]: *** [CMakeFiles/cmTC_4e28a.dir/build.make:87：cmTC_4e28a] 错误 1
make[1]: 离开目录“/home/rm/catkin_livox_ros_driver2/src/IST_2025_sentry/build/CMakeFiles/CMakeTmp”
make: *** [Makefile:121：cmTC_4e28a/fast] 错误 2


Source file was:
#include <pthread.h>

void* test_func(void* data)
{
  return data;
}

int main(void)
{
  pthread_t thread;
  pthread_create(&thread, NULL, test_func, NULL);
  pthread_detach(thread);
  pthread_join(thread, NULL);
  pthread_atfork(NULL, NULL, NULL);
  pthread_exit(NULL);

  return 0;
}

Determining if the function pthread_create exists in the pthreads failed with the following output:
Change Dir: /home/rm/catkin_livox_ros_driver2/src/IST_2025_sentry/build/CMakeFiles/CMakeTmp

Run Build Command(s):/usr/bin/make cmTC_06943/fast && /usr/bin/make -f CMakeFiles/cmTC_06943.dir/build.make CMakeFiles/cmTC_06943.dir/build
make[1]: 进入目录“/home/rm/catkin_livox_ros_driver2/src/IST_2025_sentry/build/CMakeFiles/CMakeTmp”
Building C object CMakeFiles/cmTC_06943.dir/CheckFunctionExists.c.o
/usr/bin/cc   -DCHECK_FUNCTION_EXISTS=pthread_create   -o CMakeFiles/cmTC_06943.dir/CheckFunctionExists.c.o   -c /usr/share/cmake-3.16/Modules/CheckFunctionExists.c
Linking C executable cmTC_06943
/usr/bin/cmake -E cmake_link_script CMakeFiles/cmTC_06943.dir/link.txt --verbose=1
/usr/bin/cc  -DCHECK_FUNCTION_EXISTS=pthread_create    -rdynamic CMakeFiles/cmTC_06943.dir/CheckFunctionExists.c.o  -o cmTC_06943  -lpthreads 
/usr/bin/ld: 找不到 -lpthreads
collect2: error: ld returned 1 exit status
make[1]: *** [CMakeFiles/cmTC_06943.dir/build.make:87：cmTC_06943] 错误 1
make[1]: 离开目录“/home/rm/catkin_livox_ros_driver2/src/IST_2025_sentry/build/CMakeFiles/CMakeTmp”
make: *** [Makefile:121：cmTC_06943/fast] 错误 2



Performing C SOURCE FILE Test CMAKE_HAVE_LIBC_PTHREAD failed with the following output:
Change Dir: /home/rm/catkin_livox_ros_driver2/src/IST_2025_sentry/build/CMakeFiles/CMakeTmp

Run Build Command(s):/usr/bin/make cmTC_7b95c/fast && /usr/bin/make -f CMakeFiles/cmTC_7b95c.dir/build.make CMakeFiles/cmTC_7b95c.dir/build
make[1]: 进入目录“/home/rm/catkin_livox_ros_driver2/src/IST_2025_sentry/build/CMakeFiles/CMakeTmp”
Building C object CMakeFiles/cmTC_7b95c.dir/src.c.o
/usr/bin/cc   -DCMAKE_HAVE_LIBC_PTHREAD   -o CMakeFiles/cmTC_7b95c.dir/src.c.o   -c /home/rm/catkin_livox_ros_driver2/src/IST_2025_sentry/build/CMakeFiles/CMakeTmp/src.c
Linking C executable cmTC_7b95c
/usr/bin/cmake -E cmake_link_script CMakeFiles/cmTC_7b95c.dir/link.txt --verbose=1
/usr/bin/cc  -DCMAKE_HAVE_LIBC_PTHREAD    -rdynamic CMakeFiles/cmTC_7b95c.dir/src.c.o  -o cmTC_7b95c 
/usr/bin/ld: CMakeFiles/cmTC_7b95c.dir/src.c.o: in function `main':
src.c:(.text+0x46): undefined reference to `pthread_create'
/usr/bin/ld: src.c:(.text+0x52): undefined reference to `pthread_detach'
/usr/bin/ld: src.c:(.text+0x63): undefined reference to `pthread_join'
collect2: error: ld returned 1 exit status
make[1]: *** [CMakeFiles/cmTC_7b95c.dir/build.make:87：cmTC_7b95c] 错误 1
make[1]: 离开目录“/home/rm/catkin_livox_ros_driver2/src/IST_2025_sentry/build/CMakeFiles/CMakeTmp”
make: *** [Makefile:121：cmTC_7b95c/fast] 错误 2


Source file was:
#include <pthread.h>

void* test_func(void* data)
{
  return data;
}

int main(void)
{
  pthread_t thread;
  pthread_create(&thread, NULL, test_func, NULL);
  pthread_detach(thread);
  pthread_join(thread, NULL);
  pthread_atfork(NULL, NULL, NULL);
  pthread_exit(NULL);

  return 0;
}

Determining if the function pthread_create exists in the pthreads failed with the following output:
Change Dir: /home/rm/catkin_livox_ros_driver2/src/IST_2025_sentry/build/CMakeFiles/CMakeTmp

Run Build Command(s):/usr/bin/make cmTC_2b522/fast && /usr/bin/make -f CMakeFiles/cmTC_2b522.dir/build.make CMakeFiles/cmTC_2b522.dir/build
make[1]: 进入目录“/home/rm/catkin_livox_ros_driver2/src/IST_2025_sentry/build/CMakeFiles/CMakeTmp”
Building C object CMakeFiles/cmTC_2b522.dir/CheckFunctionExists.c.o
/usr/bin/cc   -DCHECK_FUNCTION_EXISTS=pthread_create   -o CMakeFiles/cmTC_2b522.dir/CheckFunctionExists.c.o   -c /usr/share/cmake-3.16/Modules/CheckFunctionExists.c
Linking C executable cmTC_2b522
/usr/bin/cmake -E cmake_link_script CMakeFiles/cmTC_2b522.dir/link.txt --verbose=1
/usr/bin/cc  -DCHECK_FUNCTION_EXISTS=pthread_create    -rdynamic CMakeFiles/cmTC_2b522.dir/CheckFunctionExists.c.o  -o cmTC_2b522  -lpthreads 
/usr/bin/ld: 找不到 -lpthreads
collect2: error: ld returned 1 exit status
make[1]: *** [CMakeFiles/cmTC_2b522.dir/build.make:87：cmTC_2b522] 错误 1
make[1]: 离开目录“/home/rm/catkin_livox_ros_driver2/src/IST_2025_sentry/build/CMakeFiles/CMakeTmp”
make: *** [Makefile:121：cmTC_2b522/fast] 错误 2



Performing C SOURCE FILE Test CMAKE_HAVE_LIBC_PTHREAD failed with the following output:
Change Dir: /home/rm/catkin_livox_ros_driver2/src/IST_2025_sentry/build/CMakeFiles/CMakeTmp

Run Build Command(s):/usr/bin/make cmTC_81699/fast && /usr/bin/make -f CMakeFiles/cmTC_81699.dir/build.make CMakeFiles/cmTC_81699.dir/build
make[1]: 进入目录“/home/rm/catkin_livox_ros_driver2/src/IST_2025_sentry/build/CMakeFiles/CMakeTmp”
Building C object CMakeFiles/cmTC_81699.dir/src.c.o
/usr/bin/cc   -DCMAKE_HAVE_LIBC_PTHREAD   -o CMakeFiles/cmTC_81699.dir/src.c.o   -c /home/rm/catkin_livox_ros_driver2/src/IST_2025_sentry/build/CMakeFiles/CMakeTmp/src.c
Linking C executable cmTC_81699
/usr/bin/cmake -E cmake_link_script CMakeFiles/cmTC_81699.dir/link.txt --verbose=1
/usr/bin/cc  -DCMAKE_HAVE_LIBC_PTHREAD    -rdynamic CMakeFiles/cmTC_81699.dir/src.c.o  -o cmTC_81699 
/usr/bin/ld: CMakeFiles/cmTC_81699.dir/src.c.o: in function `main':
src.c:(.text+0x46): undefined reference to `pthread_create'
/usr/bin/ld: src.c:(.text+0x52): undefined reference to `pthread_detach'
/usr/bin/ld: src.c:(.text+0x63): undefined reference to `pthread_join'
collect2: error: ld returned 1 exit status
make[1]: *** [CMakeFiles/cmTC_81699.dir/build.make:87：cmTC_81699] 错误 1
make[1]: 离开目录“/home/rm/catkin_livox_ros_driver2/src/IST_2025_sentry/build/CMakeFiles/CMakeTmp”
make: *** [Makefile:121：cmTC_81699/fast] 错误 2


Source file was:
#include <pthread.h>

void* test_func(void* data)
{
  return data;
}

int main(void)
{
  pthread_t thread;
  pthread_create(&thread, NULL, test_func, NULL);
  pthread_detach(thread);
  pthread_join(thread, NULL);
  pthread_atfork(NULL, NULL, NULL);
  pthread_exit(NULL);

  return 0;
}

Determining if the function pthread_create exists in the pthreads failed with the following output:
Change Dir: /home/rm/catkin_livox_ros_driver2/src/IST_2025_sentry/build/CMakeFiles/CMakeTmp

Run Build Command(s):/usr/bin/make cmTC_38b07/fast && /usr/bin/make -f CMakeFiles/cmTC_38b07.dir/build.make CMakeFiles/cmTC_38b07.dir/build
make[1]: 进入目录“/home/rm/catkin_livox_ros_driver2/src/IST_2025_sentry/build/CMakeFiles/CMakeTmp”
Building C object CMakeFiles/cmTC_38b07.dir/CheckFunctionExists.c.o
/usr/bin/cc   -DCHECK_FUNCTION_EXISTS=pthread_create   -o CMakeFiles/cmTC_38b07.dir/CheckFunctionExists.c.o   -c /usr/share/cmake-3.16/Modules/CheckFunctionExists.c
Linking C executable cmTC_38b07
/usr/bin/cmake -E cmake_link_script CMakeFiles/cmTC_38b07.dir/link.txt --verbose=1
/usr/bin/cc  -DCHECK_FUNCTION_EXISTS=pthread_create    -rdynamic CMakeFiles/cmTC_38b07.dir/CheckFunctionExists.c.o  -o cmTC_38b07  -lpthreads 
/usr/bin/ld: 找不到 -lpthreads
collect2: error: ld returned 1 exit status
make[1]: *** [CMakeFiles/cmTC_38b07.dir/build.make:87：cmTC_38b07] 错误 1
make[1]: 离开目录“/home/rm/catkin_livox_ros_driver2/src/IST_2025_sentry/build/CMakeFiles/CMakeTmp”
make: *** [Makefile:121：cmTC_38b07/fast] 错误 2



Performing C SOURCE FILE Test CMAKE_HAVE_LIBC_PTHREAD failed with the following output:
Change Dir: /home/rm/catkin_livox_ros_driver2/src/IST_2025_sentry/build/CMakeFiles/CMakeTmp

Run Build Command(s):/usr/bin/make cmTC_53353/fast && /usr/bin/make -f CMakeFiles/cmTC_53353.dir/build.make CMakeFiles/cmTC_53353.dir/build
make[1]: 进入目录“/home/rm/catkin_livox_ros_driver2/src/IST_2025_sentry/build/CMakeFiles/CMakeTmp”
Building C object CMakeFiles/cmTC_53353.dir/src.c.o
/usr/bin/cc   -DCMAKE_HAVE_LIBC_PTHREAD   -o CMakeFiles/cmTC_53353.dir/src.c.o   -c /home/rm/catkin_livox_ros_driver2/src/IST_2025_sentry/build/CMakeFiles/CMakeTmp/src.c
Linking C executable cmTC_53353
/usr/bin/cmake -E cmake_link_script CMakeFiles/cmTC_53353.dir/link.txt --verbose=1
/usr/bin/cc  -DCMAKE_HAVE_LIBC_PTHREAD    -rdynamic CMakeFiles/cmTC_53353.dir/src.c.o  -o cmTC_53353 
/usr/bin/ld: CMakeFiles/cmTC_53353.dir/src.c.o: in function `main':
src.c:(.text+0x46): undefined reference to `pthread_create'
/usr/bin/ld: src.c:(.text+0x52): undefined reference to `pthread_detach'
/usr/bin/ld: src.c:(.text+0x63): undefined reference to `pthread_join'
collect2: error: ld returned 1 exit status
make[1]: *** [CMakeFiles/cmTC_53353.dir/build.make:87：cmTC_53353] 错误 1
make[1]: 离开目录“/home/rm/catkin_livox_ros_driver2/src/IST_2025_sentry/build/CMakeFiles/CMakeTmp”
make: *** [Makefile:121：cmTC_53353/fast] 错误 2


Source file was:
#include <pthread.h>

void* test_func(void* data)
{
  return data;
}

int main(void)
{
  pthread_t thread;
  pthread_create(&thread, NULL, test_func, NULL);
  pthread_detach(thread);
  pthread_join(thread, NULL);
  pthread_atfork(NULL, NULL, NULL);
  pthread_exit(NULL);

  return 0;
}

Determining if the function pthread_create exists in the pthreads failed with the following output:
Change Dir: /home/rm/catkin_livox_ros_driver2/src/IST_2025_sentry/build/CMakeFiles/CMakeTmp

Run Build Command(s):/usr/bin/make cmTC_5377c/fast && /usr/bin/make -f CMakeFiles/cmTC_5377c.dir/build.make CMakeFiles/cmTC_5377c.dir/build
make[1]: 进入目录“/home/rm/catkin_livox_ros_driver2/src/IST_2025_sentry/build/CMakeFiles/CMakeTmp”
Building C object CMakeFiles/cmTC_5377c.dir/CheckFunctionExists.c.o
/usr/bin/cc   -DCHECK_FUNCTION_EXISTS=pthread_create   -o CMakeFiles/cmTC_5377c.dir/CheckFunctionExists.c.o   -c /usr/share/cmake-3.16/Modules/CheckFunctionExists.c
Linking C executable cmTC_5377c
/usr/bin/cmake -E cmake_link_script CMakeFiles/cmTC_5377c.dir/link.txt --verbose=1
/usr/bin/cc  -DCHECK_FUNCTION_EXISTS=pthread_create    -rdynamic CMakeFiles/cmTC_5377c.dir/CheckFunctionExists.c.o  -o cmTC_5377c  -lpthreads 
/usr/bin/ld: 找不到 -lpthreads
collect2: error: ld returned 1 exit status
make[1]: *** [CMakeFiles/cmTC_5377c.dir/build.make:87：cmTC_5377c] 错误 1
make[1]: 离开目录“/home/rm/catkin_livox_ros_driver2/src/IST_2025_sentry/build/CMakeFiles/CMakeTmp”
make: *** [Makefile:121：cmTC_5377c/fast] 错误 2



Performing C SOURCE FILE Test CMAKE_HAVE_LIBC_PTHREAD failed with the following output:
Change Dir: /home/rm/catkin_livox_ros_driver2/src/IST_2025_sentry/build/CMakeFiles/CMakeTmp

Run Build Command(s):/usr/bin/make cmTC_fbb95/fast && /usr/bin/make -f CMakeFiles/cmTC_fbb95.dir/build.make CMakeFiles/cmTC_fbb95.dir/build
make[1]: 进入目录“/home/rm/catkin_livox_ros_driver2/src/IST_2025_sentry/build/CMakeFiles/CMakeTmp”
Building C object CMakeFiles/cmTC_fbb95.dir/src.c.o
/usr/bin/cc   -DCMAKE_HAVE_LIBC_PTHREAD   -o CMakeFiles/cmTC_fbb95.dir/src.c.o   -c /home/rm/catkin_livox_ros_driver2/src/IST_2025_sentry/build/CMakeFiles/CMakeTmp/src.c
Linking C executable cmTC_fbb95
/usr/bin/cmake -E cmake_link_script CMakeFiles/cmTC_fbb95.dir/link.txt --verbose=1
/usr/bin/cc  -DCMAKE_HAVE_LIBC_PTHREAD    -rdynamic CMakeFiles/cmTC_fbb95.dir/src.c.o  -o cmTC_fbb95 
/usr/bin/ld: CMakeFiles/cmTC_fbb95.dir/src.c.o: in function `main':
src.c:(.text+0x46): undefined reference to `pthread_create'
/usr/bin/ld: src.c:(.text+0x52): undefined reference to `pthread_detach'
/usr/bin/ld: src.c:(.text+0x63): undefined reference to `pthread_join'
collect2: error: ld returned 1 exit status
make[1]: *** [CMakeFiles/cmTC_fbb95.dir/build.make:87：cmTC_fbb95] 错误 1
make[1]: 离开目录“/home/rm/catkin_livox_ros_driver2/src/IST_2025_sentry/build/CMakeFiles/CMakeTmp”
make: *** [Makefile:121：cmTC_fbb95/fast] 错误 2


Source file was:
#include <pthread.h>

void* test_func(void* data)
{
  return data;
}

int main(void)
{
  pthread_t thread;
  pthread_create(&thread, NULL, test_func, NULL);
  pthread_detach(thread);
  pthread_join(thread, NULL);
  pthread_atfork(NULL, NULL, NULL);
  pthread_exit(NULL);

  return 0;
}

Determining if the function pthread_create exists in the pthreads failed with the following output:
Change Dir: /home/rm/catkin_livox_ros_driver2/src/IST_2025_sentry/build/CMakeFiles/CMakeTmp

Run Build Command(s):/usr/bin/make cmTC_dcfa3/fast && /usr/bin/make -f CMakeFiles/cmTC_dcfa3.dir/build.make CMakeFiles/cmTC_dcfa3.dir/build
make[1]: 进入目录“/home/rm/catkin_livox_ros_driver2/src/IST_2025_sentry/build/CMakeFiles/CMakeTmp”
Building C object CMakeFiles/cmTC_dcfa3.dir/CheckFunctionExists.c.o
/usr/bin/cc   -DCHECK_FUNCTION_EXISTS=pthread_create   -o CMakeFiles/cmTC_dcfa3.dir/CheckFunctionExists.c.o   -c /usr/share/cmake-3.16/Modules/CheckFunctionExists.c
Linking C executable cmTC_dcfa3
/usr/bin/cmake -E cmake_link_script CMakeFiles/cmTC_dcfa3.dir/link.txt --verbose=1
/usr/bin/cc  -DCHECK_FUNCTION_EXISTS=pthread_create    -rdynamic CMakeFiles/cmTC_dcfa3.dir/CheckFunctionExists.c.o  -o cmTC_dcfa3  -lpthreads 
/usr/bin/ld: 找不到 -lpthreads
collect2: error: ld returned 1 exit status
make[1]: *** [CMakeFiles/cmTC_dcfa3.dir/build.make:87：cmTC_dcfa3] 错误 1
make[1]: 离开目录“/home/rm/catkin_livox_ros_driver2/src/IST_2025_sentry/build/CMakeFiles/CMakeTmp”
make: *** [Makefile:121：cmTC_dcfa3/fast] 错误 2



Performing C SOURCE FILE Test CMAKE_HAVE_LIBC_PTHREAD failed with the following output:
Change Dir: /home/rm/catkin_livox_ros_driver2/src/IST_2025_sentry/build/CMakeFiles/CMakeTmp

Run Build Command(s):/usr/bin/make cmTC_c0064/fast && /usr/bin/make -f CMakeFiles/cmTC_c0064.dir/build.make CMakeFiles/cmTC_c0064.dir/build
make[1]: 进入目录“/home/rm/catkin_livox_ros_driver2/src/IST_2025_sentry/build/CMakeFiles/CMakeTmp”
Building C object CMakeFiles/cmTC_c0064.dir/src.c.o
/usr/bin/cc   -DCMAKE_HAVE_LIBC_PTHREAD   -o CMakeFiles/cmTC_c0064.dir/src.c.o   -c /home/rm/catkin_livox_ros_driver2/src/IST_2025_sentry/build/CMakeFiles/CMakeTmp/src.c
Linking C executable cmTC_c0064
/usr/bin/cmake -E cmake_link_script CMakeFiles/cmTC_c0064.dir/link.txt --verbose=1
/usr/bin/cc  -DCMAKE_HAVE_LIBC_PTHREAD    -rdynamic CMakeFiles/cmTC_c0064.dir/src.c.o  -o cmTC_c0064 
/usr/bin/ld: CMakeFiles/cmTC_c0064.dir/src.c.o: in function `main':
src.c:(.text+0x46): undefined reference to `pthread_create'
/usr/bin/ld: src.c:(.text+0x52): undefined reference to `pthread_detach'
/usr/bin/ld: src.c:(.text+0x63): undefined reference to `pthread_join'
collect2: error: ld returned 1 exit status
make[1]: *** [CMakeFiles/cmTC_c0064.dir/build.make:87：cmTC_c0064] 错误 1
make[1]: 离开目录“/home/rm/catkin_livox_ros_driver2/src/IST_2025_sentry/build/CMakeFiles/CMakeTmp”
make: *** [Makefile:121：cmTC_c0064/fast] 错误 2


Source file was:
#include <pthread.h>

void* test_func(void* data)
{
  return data;
}

int main(void)
{
  pthread_t thread;
  pthread_create(&thread, NULL, test_func, NULL);
  pthread_detach(thread);
  pthread_join(thread, NULL);
  pthread_atfork(NULL, NULL, NULL);
  pthread_exit(NULL);

  return 0;
}

Determining if the function pthread_create exists in the pthreads failed with the following output:
Change Dir: /home/rm/catkin_livox_ros_driver2/src/IST_2025_sentry/build/CMakeFiles/CMakeTmp

Run Build Command(s):/usr/bin/make cmTC_1a5f4/fast && /usr/bin/make -f CMakeFiles/cmTC_1a5f4.dir/build.make CMakeFiles/cmTC_1a5f4.dir/build
make[1]: 进入目录“/home/rm/catkin_livox_ros_driver2/src/IST_2025_sentry/build/CMakeFiles/CMakeTmp”
Building C object CMakeFiles/cmTC_1a5f4.dir/CheckFunctionExists.c.o
/usr/bin/cc   -DCHECK_FUNCTION_EXISTS=pthread_create   -o CMakeFiles/cmTC_1a5f4.dir/CheckFunctionExists.c.o   -c /usr/share/cmake-3.16/Modules/CheckFunctionExists.c
Linking C executable cmTC_1a5f4
/usr/bin/cmake -E cmake_link_script CMakeFiles/cmTC_1a5f4.dir/link.txt --verbose=1
/usr/bin/cc  -DCHECK_FUNCTION_EXISTS=pthread_create    -rdynamic CMakeFiles/cmTC_1a5f4.dir/CheckFunctionExists.c.o  -o cmTC_1a5f4  -lpthreads 
/usr/bin/ld: 找不到 -lpthreads
collect2: error: ld returned 1 exit status
make[1]: *** [CMakeFiles/cmTC_1a5f4.dir/build.make:87：cmTC_1a5f4] 错误 1
make[1]: 离开目录“/home/rm/catkin_livox_ros_driver2/src/IST_2025_sentry/build/CMakeFiles/CMakeTmp”
make: *** [Makefile:121：cmTC_1a5f4/fast] 错误 2



Performing C SOURCE FILE Test CMAKE_HAVE_LIBC_PTHREAD failed with the following output:
Change Dir: /home/rm/catkin_livox_ros_driver2/src/IST_2025_sentry/build/CMakeFiles/CMakeTmp

Run Build Command(s):/usr/bin/make cmTC_271ce/fast && /usr/bin/make -f CMakeFiles/cmTC_271ce.dir/build.make CMakeFiles/cmTC_271ce.dir/build
make[1]: 进入目录“/home/rm/catkin_livox_ros_driver2/src/IST_2025_sentry/build/CMakeFiles/CMakeTmp”
Building C object CMakeFiles/cmTC_271ce.dir/src.c.o
/usr/bin/cc   -DCMAKE_HAVE_LIBC_PTHREAD   -o CMakeFiles/cmTC_271ce.dir/src.c.o   -c /home/rm/catkin_livox_ros_driver2/src/IST_2025_sentry/build/CMakeFiles/CMakeTmp/src.c
Linking C executable cmTC_271ce
/usr/bin/cmake -E cmake_link_script CMakeFiles/cmTC_271ce.dir/link.txt --verbose=1
/usr/bin/cc  -DCMAKE_HAVE_LIBC_PTHREAD    -rdynamic CMakeFiles/cmTC_271ce.dir/src.c.o  -o cmTC_271ce 
/usr/bin/ld: CMakeFiles/cmTC_271ce.dir/src.c.o: in function `main':
src.c:(.text+0x46): undefined reference to `pthread_create'
/usr/bin/ld: src.c:(.text+0x52): undefined reference to `pthread_detach'
/usr/bin/ld: src.c:(.text+0x63): undefined reference to `pthread_join'
collect2: error: ld returned 1 exit status
make[1]: *** [CMakeFiles/cmTC_271ce.dir/build.make:87：cmTC_271ce] 错误 1
make[1]: 离开目录“/home/rm/catkin_livox_ros_driver2/src/IST_2025_sentry/build/CMakeFiles/CMakeTmp”
make: *** [Makefile:121：cmTC_271ce/fast] 错误 2


Source file was:
#include <pthread.h>

void* test_func(void* data)
{
  return data;
}

int main(void)
{
  pthread_t thread;
  pthread_create(&thread, NULL, test_func, NULL);
  pthread_detach(thread);
  pthread_join(thread, NULL);
  pthread_atfork(NULL, NULL, NULL);
  pthread_exit(NULL);

  return 0;
}

Determining if the function pthread_create exists in the pthreads failed with the following output:
Change Dir: /home/rm/catkin_livox_ros_driver2/src/IST_2025_sentry/build/CMakeFiles/CMakeTmp

Run Build Command(s):/usr/bin/make cmTC_d36e6/fast && /usr/bin/make -f CMakeFiles/cmTC_d36e6.dir/build.make CMakeFiles/cmTC_d36e6.dir/build
make[1]: 进入目录“/home/rm/catkin_livox_ros_driver2/src/IST_2025_sentry/build/CMakeFiles/CMakeTmp”
Building C object CMakeFiles/cmTC_d36e6.dir/CheckFunctionExists.c.o
/usr/bin/cc   -DCHECK_FUNCTION_EXISTS=pthread_create   -o CMakeFiles/cmTC_d36e6.dir/CheckFunctionExists.c.o   -c /usr/share/cmake-3.16/Modules/CheckFunctionExists.c
Linking C executable cmTC_d36e6
/usr/bin/cmake -E cmake_link_script CMakeFiles/cmTC_d36e6.dir/link.txt --verbose=1
/usr/bin/cc  -DCHECK_FUNCTION_EXISTS=pthread_create    -rdynamic CMakeFiles/cmTC_d36e6.dir/CheckFunctionExists.c.o  -o cmTC_d36e6  -lpthreads 
/usr/bin/ld: 找不到 -lpthreads
collect2: error: ld returned 1 exit status
make[1]: *** [CMakeFiles/cmTC_d36e6.dir/build.make:87：cmTC_d36e6] 错误 1
make[1]: 离开目录“/home/rm/catkin_livox_ros_driver2/src/IST_2025_sentry/build/CMakeFiles/CMakeTmp”
make: *** [Makefile:121：cmTC_d36e6/fast] 错误 2



Performing C SOURCE FILE Test CMAKE_HAVE_LIBC_PTHREAD failed with the following output:
Change Dir: /home/rm/catkin_livox_ros_driver2/src/IST_2025_sentry/build/CMakeFiles/CMakeTmp

Run Build Command(s):/usr/bin/make cmTC_2e56a/fast && /usr/bin/make -f CMakeFiles/cmTC_2e56a.dir/build.make CMakeFiles/cmTC_2e56a.dir/build
make[1]: 进入目录“/home/rm/catkin_livox_ros_driver2/src/IST_2025_sentry/build/CMakeFiles/CMakeTmp”
Building C object CMakeFiles/cmTC_2e56a.dir/src.c.o
/usr/bin/cc   -DCMAKE_HAVE_LIBC_PTHREAD   -o CMakeFiles/cmTC_2e56a.dir/src.c.o   -c /home/rm/catkin_livox_ros_driver2/src/IST_2025_sentry/build/CMakeFiles/CMakeTmp/src.c
Linking C executable cmTC_2e56a
/usr/bin/cmake -E cmake_link_script CMakeFiles/cmTC_2e56a.dir/link.txt --verbose=1
/usr/bin/cc  -DCMAKE_HAVE_LIBC_PTHREAD    -rdynamic CMakeFiles/cmTC_2e56a.dir/src.c.o  -o cmTC_2e56a 
/usr/bin/ld: CMakeFiles/cmTC_2e56a.dir/src.c.o: in function `main':
src.c:(.text+0x46): undefined reference to `pthread_create'
/usr/bin/ld: src.c:(.text+0x52): undefined reference to `pthread_detach'
/usr/bin/ld: src.c:(.text+0x63): undefined reference to `pthread_join'
collect2: error: ld returned 1 exit status
make[1]: *** [CMakeFiles/cmTC_2e56a.dir/build.make:87：cmTC_2e56a] 错误 1
make[1]: 离开目录“/home/rm/catkin_livox_ros_driver2/src/IST_2025_sentry/build/CMakeFiles/CMakeTmp”
make: *** [Makefile:121：cmTC_2e56a/fast] 错误 2


Source file was:
#include <pthread.h>

void* test_func(void* data)
{
  return data;
}

int main(void)
{
  pthread_t thread;
  pthread_create(&thread, NULL, test_func, NULL);
  pthread_detach(thread);
  pthread_join(thread, NULL);
  pthread_atfork(NULL, NULL, NULL);
  pthread_exit(NULL);

  return 0;
}

Determining if the function pthread_create exists in the pthreads failed with the following output:
Change Dir: /home/rm/catkin_livox_ros_driver2/src/IST_2025_sentry/build/CMakeFiles/CMakeTmp

Run Build Command(s):/usr/bin/make cmTC_e0c81/fast && /usr/bin/make -f CMakeFiles/cmTC_e0c81.dir/build.make CMakeFiles/cmTC_e0c81.dir/build
make[1]: 进入目录“/home/rm/catkin_livox_ros_driver2/src/IST_2025_sentry/build/CMakeFiles/CMakeTmp”
Building C object CMakeFiles/cmTC_e0c81.dir/CheckFunctionExists.c.o
/usr/bin/cc   -DCHECK_FUNCTION_EXISTS=pthread_create   -o CMakeFiles/cmTC_e0c81.dir/CheckFunctionExists.c.o   -c /usr/share/cmake-3.16/Modules/CheckFunctionExists.c
Linking C executable cmTC_e0c81
/usr/bin/cmake -E cmake_link_script CMakeFiles/cmTC_e0c81.dir/link.txt --verbose=1
/usr/bin/cc  -DCHECK_FUNCTION_EXISTS=pthread_create    -rdynamic CMakeFiles/cmTC_e0c81.dir/CheckFunctionExists.c.o  -o cmTC_e0c81  -lpthreads 
/usr/bin/ld: 找不到 -lpthreads
collect2: error: ld returned 1 exit status
make[1]: *** [CMakeFiles/cmTC_e0c81.dir/build.make:87：cmTC_e0c81] 错误 1
make[1]: 离开目录“/home/rm/catkin_livox_ros_driver2/src/IST_2025_sentry/build/CMakeFiles/CMakeTmp”
make: *** [Makefile:121：cmTC_e0c81/fast] 错误 2



Performing C SOURCE FILE Test CMAKE_HAVE_LIBC_PTHREAD failed with the following output:
Change Dir: /home/rm/catkin_livox_ros_driver2/src/IST_2025_sentry/build/CMakeFiles/CMakeTmp

Run Build Command(s):/usr/bin/make cmTC_02522/fast && /usr/bin/make -f CMakeFiles/cmTC_02522.dir/build.make CMakeFiles/cmTC_02522.dir/build
make[1]: 进入目录“/home/rm/catkin_livox_ros_driver2/src/IST_2025_sentry/build/CMakeFiles/CMakeTmp”
Building C object CMakeFiles/cmTC_02522.dir/src.c.o
/usr/bin/cc   -DCMAKE_HAVE_LIBC_PTHREAD   -o CMakeFiles/cmTC_02522.dir/src.c.o   -c /home/rm/catkin_livox_ros_driver2/src/IST_2025_sentry/build/CMakeFiles/CMakeTmp/src.c
Linking C executable cmTC_02522
/usr/bin/cmake -E cmake_link_script CMakeFiles/cmTC_02522.dir/link.txt --verbose=1
/usr/bin/cc  -DCMAKE_HAVE_LIBC_PTHREAD    -rdynamic CMakeFiles/cmTC_02522.dir/src.c.o  -o cmTC_02522 
/usr/bin/ld: CMakeFiles/cmTC_02522.dir/src.c.o: in function `main':
src.c:(.text+0x46): undefined reference to `pthread_create'
/usr/bin/ld: src.c:(.text+0x52): undefined reference to `pthread_detach'
/usr/bin/ld: src.c:(.text+0x63): undefined reference to `pthread_join'
collect2: error: ld returned 1 exit status
make[1]: *** [CMakeFiles/cmTC_02522.dir/build.make:87：cmTC_02522] 错误 1
make[1]: 离开目录“/home/rm/catkin_livox_ros_driver2/src/IST_2025_sentry/build/CMakeFiles/CMakeTmp”
make: *** [Makefile:121：cmTC_02522/fast] 错误 2


Source file was:
#include <pthread.h>

void* test_func(void* data)
{
  return data;
}

int main(void)
{
  pthread_t thread;
  pthread_create(&thread, NULL, test_func, NULL);
  pthread_detach(thread);
  pthread_join(thread, NULL);
  pthread_atfork(NULL, NULL, NULL);
  pthread_exit(NULL);

  return 0;
}

Determining if the function pthread_create exists in the pthreads failed with the following output:
Change Dir: /home/rm/catkin_livox_ros_driver2/src/IST_2025_sentry/build/CMakeFiles/CMakeTmp

Run Build Command(s):/usr/bin/make cmTC_7869e/fast && /usr/bin/make -f CMakeFiles/cmTC_7869e.dir/build.make CMakeFiles/cmTC_7869e.dir/build
make[1]: 进入目录“/home/rm/catkin_livox_ros_driver2/src/IST_2025_sentry/build/CMakeFiles/CMakeTmp”
Building C object CMakeFiles/cmTC_7869e.dir/CheckFunctionExists.c.o
/usr/bin/cc   -DCHECK_FUNCTION_EXISTS=pthread_create   -o CMakeFiles/cmTC_7869e.dir/CheckFunctionExists.c.o   -c /usr/share/cmake-3.16/Modules/CheckFunctionExists.c
Linking C executable cmTC_7869e
/usr/bin/cmake -E cmake_link_script CMakeFiles/cmTC_7869e.dir/link.txt --verbose=1
/usr/bin/cc  -DCHECK_FUNCTION_EXISTS=pthread_create    -rdynamic CMakeFiles/cmTC_7869e.dir/CheckFunctionExists.c.o  -o cmTC_7869e  -lpthreads 
/usr/bin/ld: 找不到 -lpthreads
collect2: error: ld returned 1 exit status
make[1]: *** [CMakeFiles/cmTC_7869e.dir/build.make:87：cmTC_7869e] 错误 1
make[1]: 离开目录“/home/rm/catkin_livox_ros_driver2/src/IST_2025_sentry/build/CMakeFiles/CMakeTmp”
make: *** [Makefile:121：cmTC_7869e/fast] 错误 2



Performing C SOURCE FILE Test CMAKE_HAVE_LIBC_PTHREAD failed with the following output:
Change Dir: /home/rm/catkin_livox_ros_driver2/src/IST_2025_sentry/build/CMakeFiles/CMakeTmp

Run Build Command(s):/usr/bin/make cmTC_57209/fast && /usr/bin/make -f CMakeFiles/cmTC_57209.dir/build.make CMakeFiles/cmTC_57209.dir/build
make[1]: 进入目录“/home/rm/catkin_livox_ros_driver2/src/IST_2025_sentry/build/CMakeFiles/CMakeTmp”
Building C object CMakeFiles/cmTC_57209.dir/src.c.o
/usr/bin/cc   -DCMAKE_HAVE_LIBC_PTHREAD   -o CMakeFiles/cmTC_57209.dir/src.c.o   -c /home/rm/catkin_livox_ros_driver2/src/IST_2025_sentry/build/CMakeFiles/CMakeTmp/src.c
Linking C executable cmTC_57209
/usr/bin/cmake -E cmake_link_script CMakeFiles/cmTC_57209.dir/link.txt --verbose=1
/usr/bin/cc  -DCMAKE_HAVE_LIBC_PTHREAD    -rdynamic CMakeFiles/cmTC_57209.dir/src.c.o  -o cmTC_57209 
/usr/bin/ld: CMakeFiles/cmTC_57209.dir/src.c.o: in function `main':
src.c:(.text+0x46): undefined reference to `pthread_create'
/usr/bin/ld: src.c:(.text+0x52): undefined reference to `pthread_detach'
/usr/bin/ld: src.c:(.text+0x63): undefined reference to `pthread_join'
collect2: error: ld returned 1 exit status
make[1]: *** [CMakeFiles/cmTC_57209.dir/build.make:87：cmTC_57209] 错误 1
make[1]: 离开目录“/home/rm/catkin_livox_ros_driver2/src/IST_2025_sentry/build/CMakeFiles/CMakeTmp”
make: *** [Makefile:121：cmTC_57209/fast] 错误 2


Source file was:
#include <pthread.h>

void* test_func(void* data)
{
  return data;
}

int main(void)
{
  pthread_t thread;
  pthread_create(&thread, NULL, test_func, NULL);
  pthread_detach(thread);
  pthread_join(thread, NULL);
  pthread_atfork(NULL, NULL, NULL);
  pthread_exit(NULL);

  return 0;
}

Determining if the function pthread_create exists in the pthreads failed with the following output:
Change Dir: /home/rm/catkin_livox_ros_driver2/src/IST_2025_sentry/build/CMakeFiles/CMakeTmp

Run Build Command(s):/usr/bin/make cmTC_99686/fast && /usr/bin/make -f CMakeFiles/cmTC_99686.dir/build.make CMakeFiles/cmTC_99686.dir/build
make[1]: 进入目录“/home/rm/catkin_livox_ros_driver2/src/IST_2025_sentry/build/CMakeFiles/CMakeTmp”
Building C object CMakeFiles/cmTC_99686.dir/CheckFunctionExists.c.o
/usr/bin/cc   -DCHECK_FUNCTION_EXISTS=pthread_create   -o CMakeFiles/cmTC_99686.dir/CheckFunctionExists.c.o   -c /usr/share/cmake-3.16/Modules/CheckFunctionExists.c
Linking C executable cmTC_99686
/usr/bin/cmake -E cmake_link_script CMakeFiles/cmTC_99686.dir/link.txt --verbose=1
/usr/bin/cc  -DCHECK_FUNCTION_EXISTS=pthread_create    -rdynamic CMakeFiles/cmTC_99686.dir/CheckFunctionExists.c.o  -o cmTC_99686  -lpthreads 
/usr/bin/ld: 找不到 -lpthreads
collect2: error: ld returned 1 exit status
make[1]: *** [CMakeFiles/cmTC_99686.dir/build.make:87：cmTC_99686] 错误 1
make[1]: 离开目录“/home/rm/catkin_livox_ros_driver2/src/IST_2025_sentry/build/CMakeFiles/CMakeTmp”
make: *** [Makefile:121：cmTC_99686/fast] 错误 2



Performing C SOURCE FILE Test CMAKE_HAVE_LIBC_PTHREAD failed with the following output:
Change Dir: /home/rm/catkin_livox_ros_driver2/src/IST_2025_sentry/build/CMakeFiles/CMakeTmp

Run Build Command(s):/usr/bin/make cmTC_433b4/fast && /usr/bin/make -f CMakeFiles/cmTC_433b4.dir/build.make CMakeFiles/cmTC_433b4.dir/build
make[1]: 进入目录“/home/rm/catkin_livox_ros_driver2/src/IST_2025_sentry/build/CMakeFiles/CMakeTmp”
Building C object CMakeFiles/cmTC_433b4.dir/src.c.o
/usr/bin/cc   -DCMAKE_HAVE_LIBC_PTHREAD   -o CMakeFiles/cmTC_433b4.dir/src.c.o   -c /home/rm/catkin_livox_ros_driver2/src/IST_2025_sentry/build/CMakeFiles/CMakeTmp/src.c
Linking C executable cmTC_433b4
/usr/bin/cmake -E cmake_link_script CMakeFiles/cmTC_433b4.dir/link.txt --verbose=1
/usr/bin/cc  -DCMAKE_HAVE_LIBC_PTHREAD    -rdynamic CMakeFiles/cmTC_433b4.dir/src.c.o  -o cmTC_433b4 
/usr/bin/ld: CMakeFiles/cmTC_433b4.dir/src.c.o: in function `main':
src.c:(.text+0x46): undefined reference to `pthread_create'
/usr/bin/ld: src.c:(.text+0x52): undefined reference to `pthread_detach'
/usr/bin/ld: src.c:(.text+0x63): undefined reference to `pthread_join'
collect2: error: ld returned 1 exit status
make[1]: *** [CMakeFiles/cmTC_433b4.dir/build.make:87：cmTC_433b4] 错误 1
make[1]: 离开目录“/home/rm/catkin_livox_ros_driver2/src/IST_2025_sentry/build/CMakeFiles/CMakeTmp”
make: *** [Makefile:121：cmTC_433b4/fast] 错误 2


Source file was:
#include <pthread.h>

void* test_func(void* data)
{
  return data;
}

int main(void)
{
  pthread_t thread;
  pthread_create(&thread, NULL, test_func, NULL);
  pthread_detach(thread);
  pthread_join(thread, NULL);
  pthread_atfork(NULL, NULL, NULL);
  pthread_exit(NULL);

  return 0;
}

Determining if the function pthread_create exists in the pthreads failed with the following output:
Change Dir: /home/rm/catkin_livox_ros_driver2/src/IST_2025_sentry/build/CMakeFiles/CMakeTmp

Run Build Command(s):/usr/bin/make cmTC_8de86/fast && /usr/bin/make -f CMakeFiles/cmTC_8de86.dir/build.make CMakeFiles/cmTC_8de86.dir/build
make[1]: 进入目录“/home/rm/catkin_livox_ros_driver2/src/IST_2025_sentry/build/CMakeFiles/CMakeTmp”
Building C object CMakeFiles/cmTC_8de86.dir/CheckFunctionExists.c.o
/usr/bin/cc   -DCHECK_FUNCTION_EXISTS=pthread_create   -o CMakeFiles/cmTC_8de86.dir/CheckFunctionExists.c.o   -c /usr/share/cmake-3.16/Modules/CheckFunctionExists.c
Linking C executable cmTC_8de86
/usr/bin/cmake -E cmake_link_script CMakeFiles/cmTC_8de86.dir/link.txt --verbose=1
/usr/bin/cc  -DCHECK_FUNCTION_EXISTS=pthread_create    -rdynamic CMakeFiles/cmTC_8de86.dir/CheckFunctionExists.c.o  -o cmTC_8de86  -lpthreads 
/usr/bin/ld: 找不到 -lpthreads
collect2: error: ld returned 1 exit status
make[1]: *** [CMakeFiles/cmTC_8de86.dir/build.make:87：cmTC_8de86] 错误 1
make[1]: 离开目录“/home/rm/catkin_livox_ros_driver2/src/IST_2025_sentry/build/CMakeFiles/CMakeTmp”
make: *** [Makefile:121：cmTC_8de86/fast] 错误 2



Performing C SOURCE FILE Test CMAKE_HAVE_LIBC_PTHREAD failed with the following output:
Change Dir: /home/rm/catkin_livox_ros_driver2/src/IST_2025_sentry/build/CMakeFiles/CMakeTmp

Run Build Command(s):/usr/bin/make cmTC_c0eb2/fast && /usr/bin/make -f CMakeFiles/cmTC_c0eb2.dir/build.make CMakeFiles/cmTC_c0eb2.dir/build
make[1]: 进入目录“/home/rm/catkin_livox_ros_driver2/src/IST_2025_sentry/build/CMakeFiles/CMakeTmp”
Building C object CMakeFiles/cmTC_c0eb2.dir/src.c.o
/usr/bin/cc   -DCMAKE_HAVE_LIBC_PTHREAD   -o CMakeFiles/cmTC_c0eb2.dir/src.c.o   -c /home/rm/catkin_livox_ros_driver2/src/IST_2025_sentry/build/CMakeFiles/CMakeTmp/src.c
Linking C executable cmTC_c0eb2
/usr/bin/cmake -E cmake_link_script CMakeFiles/cmTC_c0eb2.dir/link.txt --verbose=1
/usr/bin/cc  -DCMAKE_HAVE_LIBC_PTHREAD    -rdynamic CMakeFiles/cmTC_c0eb2.dir/src.c.o  -o cmTC_c0eb2 
/usr/bin/ld: CMakeFiles/cmTC_c0eb2.dir/src.c.o: in function `main':
src.c:(.text+0x46): undefined reference to `pthread_create'
/usr/bin/ld: src.c:(.text+0x52): undefined reference to `pthread_detach'
/usr/bin/ld: src.c:(.text+0x63): undefined reference to `pthread_join'
collect2: error: ld returned 1 exit status
make[1]: *** [CMakeFiles/cmTC_c0eb2.dir/build.make:87：cmTC_c0eb2] 错误 1
make[1]: 离开目录“/home/rm/catkin_livox_ros_driver2/src/IST_2025_sentry/build/CMakeFiles/CMakeTmp”
make: *** [Makefile:121：cmTC_c0eb2/fast] 错误 2


Source file was:
#include <pthread.h>

void* test_func(void* data)
{
  return data;
}

int main(void)
{
  pthread_t thread;
  pthread_create(&thread, NULL, test_func, NULL);
  pthread_detach(thread);
  pthread_join(thread, NULL);
  pthread_atfork(NULL, NULL, NULL);
  pthread_exit(NULL);

  return 0;
}

Determining if the function pthread_create exists in the pthreads failed with the following output:
Change Dir: /home/rm/catkin_livox_ros_driver2/src/IST_2025_sentry/build/CMakeFiles/CMakeTmp

Run Build Command(s):/usr/bin/make cmTC_aa884/fast && /usr/bin/make -f CMakeFiles/cmTC_aa884.dir/build.make CMakeFiles/cmTC_aa884.dir/build
make[1]: 进入目录“/home/rm/catkin_livox_ros_driver2/src/IST_2025_sentry/build/CMakeFiles/CMakeTmp”
Building C object CMakeFiles/cmTC_aa884.dir/CheckFunctionExists.c.o
/usr/bin/cc   -DCHECK_FUNCTION_EXISTS=pthread_create   -o CMakeFiles/cmTC_aa884.dir/CheckFunctionExists.c.o   -c /usr/share/cmake-3.16/Modules/CheckFunctionExists.c
Linking C executable cmTC_aa884
/usr/bin/cmake -E cmake_link_script CMakeFiles/cmTC_aa884.dir/link.txt --verbose=1
/usr/bin/cc  -DCHECK_FUNCTION_EXISTS=pthread_create    -rdynamic CMakeFiles/cmTC_aa884.dir/CheckFunctionExists.c.o  -o cmTC_aa884  -lpthreads 
/usr/bin/ld: 找不到 -lpthreads
collect2: error: ld returned 1 exit status
make[1]: *** [CMakeFiles/cmTC_aa884.dir/build.make:87：cmTC_aa884] 错误 1
make[1]: 离开目录“/home/rm/catkin_livox_ros_driver2/src/IST_2025_sentry/build/CMakeFiles/CMakeTmp”
make: *** [Makefile:121：cmTC_aa884/fast] 错误 2



Performing C SOURCE FILE Test CMAKE_HAVE_LIBC_PTHREAD failed with the following output:
Change Dir: /home/rm/catkin_livox_ros_driver2/src/IST_2025_sentry/build/CMakeFiles/CMakeTmp

Run Build Command(s):/usr/bin/make cmTC_a5dd7/fast && /usr/bin/make -f CMakeFiles/cmTC_a5dd7.dir/build.make CMakeFiles/cmTC_a5dd7.dir/build
make[1]: 进入目录“/home/rm/catkin_livox_ros_driver2/src/IST_2025_sentry/build/CMakeFiles/CMakeTmp”
Building C object CMakeFiles/cmTC_a5dd7.dir/src.c.o
/usr/bin/cc   -DCMAKE_HAVE_LIBC_PTHREAD   -o CMakeFiles/cmTC_a5dd7.dir/src.c.o   -c /home/rm/catkin_livox_ros_driver2/src/IST_2025_sentry/build/CMakeFiles/CMakeTmp/src.c
Linking C executable cmTC_a5dd7
/usr/bin/cmake -E cmake_link_script CMakeFiles/cmTC_a5dd7.dir/link.txt --verbose=1
/usr/bin/cc  -DCMAKE_HAVE_LIBC_PTHREAD    -rdynamic CMakeFiles/cmTC_a5dd7.dir/src.c.o  -o cmTC_a5dd7 
/usr/bin/ld: CMakeFiles/cmTC_a5dd7.dir/src.c.o: in function `main':
src.c:(.text+0x46): undefined reference to `pthread_create'
/usr/bin/ld: src.c:(.text+0x52): undefined reference to `pthread_detach'
/usr/bin/ld: src.c:(.text+0x63): undefined reference to `pthread_join'
collect2: error: ld returned 1 exit status
make[1]: *** [CMakeFiles/cmTC_a5dd7.dir/build.make:87：cmTC_a5dd7] 错误 1
make[1]: 离开目录“/home/rm/catkin_livox_ros_driver2/src/IST_2025_sentry/build/CMakeFiles/CMakeTmp”
make: *** [Makefile:121：cmTC_a5dd7/fast] 错误 2


Source file was:
#include <pthread.h>

void* test_func(void* data)
{
  return data;
}

int main(void)
{
  pthread_t thread;
  pthread_create(&thread, NULL, test_func, NULL);
  pthread_detach(thread);
  pthread_join(thread, NULL);
  pthread_atfork(NULL, NULL, NULL);
  pthread_exit(NULL);

  return 0;
}

Determining if the function pthread_create exists in the pthreads failed with the following output:
Change Dir: /home/rm/catkin_livox_ros_driver2/src/IST_2025_sentry/build/CMakeFiles/CMakeTmp

Run Build Command(s):/usr/bin/make cmTC_10d37/fast && /usr/bin/make -f CMakeFiles/cmTC_10d37.dir/build.make CMakeFiles/cmTC_10d37.dir/build
make[1]: 进入目录“/home/rm/catkin_livox_ros_driver2/src/IST_2025_sentry/build/CMakeFiles/CMakeTmp”
Building C object CMakeFiles/cmTC_10d37.dir/CheckFunctionExists.c.o
/usr/bin/cc   -DCHECK_FUNCTION_EXISTS=pthread_create   -o CMakeFiles/cmTC_10d37.dir/CheckFunctionExists.c.o   -c /usr/share/cmake-3.16/Modules/CheckFunctionExists.c
Linking C executable cmTC_10d37
/usr/bin/cmake -E cmake_link_script CMakeFiles/cmTC_10d37.dir/link.txt --verbose=1
/usr/bin/cc  -DCHECK_FUNCTION_EXISTS=pthread_create    -rdynamic CMakeFiles/cmTC_10d37.dir/CheckFunctionExists.c.o  -o cmTC_10d37  -lpthreads 
/usr/bin/ld: 找不到 -lpthreads
collect2: error: ld returned 1 exit status
make[1]: *** [CMakeFiles/cmTC_10d37.dir/build.make:87：cmTC_10d37] 错误 1
make[1]: 离开目录“/home/rm/catkin_livox_ros_driver2/src/IST_2025_sentry/build/CMakeFiles/CMakeTmp”
make: *** [Makefile:121：cmTC_10d37/fast] 错误 2



Performing C SOURCE FILE Test CMAKE_HAVE_LIBC_PTHREAD failed with the following output:
Change Dir: /home/rm/catkin_livox_ros_driver2/src/IST_2025_sentry/build/CMakeFiles/CMakeTmp

Run Build Command(s):/usr/bin/make cmTC_43d0b/fast && /usr/bin/make -f CMakeFiles/cmTC_43d0b.dir/build.make CMakeFiles/cmTC_43d0b.dir/build
make[1]: 进入目录“/home/rm/catkin_livox_ros_driver2/src/IST_2025_sentry/build/CMakeFiles/CMakeTmp”
Building C object CMakeFiles/cmTC_43d0b.dir/src.c.o
/usr/bin/cc   -DCMAKE_HAVE_LIBC_PTHREAD   -o CMakeFiles/cmTC_43d0b.dir/src.c.o   -c /home/rm/catkin_livox_ros_driver2/src/IST_2025_sentry/build/CMakeFiles/CMakeTmp/src.c
Linking C executable cmTC_43d0b
/usr/bin/cmake -E cmake_link_script CMakeFiles/cmTC_43d0b.dir/link.txt --verbose=1
/usr/bin/cc  -DCMAKE_HAVE_LIBC_PTHREAD    -rdynamic CMakeFiles/cmTC_43d0b.dir/src.c.o  -o cmTC_43d0b 
/usr/bin/ld: CMakeFiles/cmTC_43d0b.dir/src.c.o: in function `main':
src.c:(.text+0x46): undefined reference to `pthread_create'
/usr/bin/ld: src.c:(.text+0x52): undefined reference to `pthread_detach'
/usr/bin/ld: src.c:(.text+0x63): undefined reference to `pthread_join'
collect2: error: ld returned 1 exit status
make[1]: *** [CMakeFiles/cmTC_43d0b.dir/build.make:87：cmTC_43d0b] 错误 1
make[1]: 离开目录“/home/rm/catkin_livox_ros_driver2/src/IST_2025_sentry/build/CMakeFiles/CMakeTmp”
make: *** [Makefile:121：cmTC_43d0b/fast] 错误 2


Source file was:
#include <pthread.h>

void* test_func(void* data)
{
  return data;
}

int main(void)
{
  pthread_t thread;
  pthread_create(&thread, NULL, test_func, NULL);
  pthread_detach(thread);
  pthread_join(thread, NULL);
  pthread_atfork(NULL, NULL, NULL);
  pthread_exit(NULL);

  return 0;
}

Determining if the function pthread_create exists in the pthreads failed with the following output:
Change Dir: /home/rm/catkin_livox_ros_driver2/src/IST_2025_sentry/build/CMakeFiles/CMakeTmp

Run Build Command(s):/usr/bin/make cmTC_dd961/fast && /usr/bin/make -f CMakeFiles/cmTC_dd961.dir/build.make CMakeFiles/cmTC_dd961.dir/build
make[1]: 进入目录“/home/rm/catkin_livox_ros_driver2/src/IST_2025_sentry/build/CMakeFiles/CMakeTmp”
Building C object CMakeFiles/cmTC_dd961.dir/CheckFunctionExists.c.o
/usr/bin/cc   -DCHECK_FUNCTION_EXISTS=pthread_create   -o CMakeFiles/cmTC_dd961.dir/CheckFunctionExists.c.o   -c /usr/share/cmake-3.16/Modules/CheckFunctionExists.c
Linking C executable cmTC_dd961
/usr/bin/cmake -E cmake_link_script CMakeFiles/cmTC_dd961.dir/link.txt --verbose=1
/usr/bin/cc  -DCHECK_FUNCTION_EXISTS=pthread_create    -rdynamic CMakeFiles/cmTC_dd961.dir/CheckFunctionExists.c.o  -o cmTC_dd961  -lpthreads 
/usr/bin/ld: 找不到 -lpthreads
collect2: error: ld returned 1 exit status
make[1]: *** [CMakeFiles/cmTC_dd961.dir/build.make:87：cmTC_dd961] 错误 1
make[1]: 离开目录“/home/rm/catkin_livox_ros_driver2/src/IST_2025_sentry/build/CMakeFiles/CMakeTmp”
make: *** [Makefile:121：cmTC_dd961/fast] 错误 2



Performing C SOURCE FILE Test CMAKE_HAVE_LIBC_PTHREAD failed with the following output:
Change Dir: /home/rm/catkin_livox_ros_driver2/src/IST_2025_sentry/build/CMakeFiles/CMakeTmp

Run Build Command(s):/usr/bin/make cmTC_0c8a3/fast && /usr/bin/make -f CMakeFiles/cmTC_0c8a3.dir/build.make CMakeFiles/cmTC_0c8a3.dir/build
make[1]: 进入目录“/home/rm/catkin_livox_ros_driver2/src/IST_2025_sentry/build/CMakeFiles/CMakeTmp”
Building C object CMakeFiles/cmTC_0c8a3.dir/src.c.o
/usr/bin/cc   -DCMAKE_HAVE_LIBC_PTHREAD   -o CMakeFiles/cmTC_0c8a3.dir/src.c.o   -c /home/rm/catkin_livox_ros_driver2/src/IST_2025_sentry/build/CMakeFiles/CMakeTmp/src.c
Linking C executable cmTC_0c8a3
/usr/bin/cmake -E cmake_link_script CMakeFiles/cmTC_0c8a3.dir/link.txt --verbose=1
/usr/bin/cc  -DCMAKE_HAVE_LIBC_PTHREAD    -rdynamic CMakeFiles/cmTC_0c8a3.dir/src.c.o  -o cmTC_0c8a3 
/usr/bin/ld: CMakeFiles/cmTC_0c8a3.dir/src.c.o: in function `main':
src.c:(.text+0x46): undefined reference to `pthread_create'
/usr/bin/ld: src.c:(.text+0x52): undefined reference to `pthread_detach'
/usr/bin/ld: src.c:(.text+0x63): undefined reference to `pthread_join'
collect2: error: ld returned 1 exit status
make[1]: *** [CMakeFiles/cmTC_0c8a3.dir/build.make:87：cmTC_0c8a3] 错误 1
make[1]: 离开目录“/home/rm/catkin_livox_ros_driver2/src/IST_2025_sentry/build/CMakeFiles/CMakeTmp”
make: *** [Makefile:121：cmTC_0c8a3/fast] 错误 2


Source file was:
#include <pthread.h>

void* test_func(void* data)
{
  return data;
}

int main(void)
{
  pthread_t thread;
  pthread_create(&thread, NULL, test_func, NULL);
  pthread_detach(thread);
  pthread_join(thread, NULL);
  pthread_atfork(NULL, NULL, NULL);
  pthread_exit(NULL);

  return 0;
}

Determining if the function pthread_create exists in the pthreads failed with the following output:
Change Dir: /home/rm/catkin_livox_ros_driver2/src/IST_2025_sentry/build/CMakeFiles/CMakeTmp

Run Build Command(s):/usr/bin/make cmTC_8c882/fast && /usr/bin/make -f CMakeFiles/cmTC_8c882.dir/build.make CMakeFiles/cmTC_8c882.dir/build
make[1]: 进入目录“/home/rm/catkin_livox_ros_driver2/src/IST_2025_sentry/build/CMakeFiles/CMakeTmp”
Building C object CMakeFiles/cmTC_8c882.dir/CheckFunctionExists.c.o
/usr/bin/cc   -DCHECK_FUNCTION_EXISTS=pthread_create   -o CMakeFiles/cmTC_8c882.dir/CheckFunctionExists.c.o   -c /usr/share/cmake-3.16/Modules/CheckFunctionExists.c
Linking C executable cmTC_8c882
/usr/bin/cmake -E cmake_link_script CMakeFiles/cmTC_8c882.dir/link.txt --verbose=1
/usr/bin/cc  -DCHECK_FUNCTION_EXISTS=pthread_create    -rdynamic CMakeFiles/cmTC_8c882.dir/CheckFunctionExists.c.o  -o cmTC_8c882  -lpthreads 
/usr/bin/ld: 找不到 -lpthreads
collect2: error: ld returned 1 exit status
make[1]: *** [CMakeFiles/cmTC_8c882.dir/build.make:87：cmTC_8c882] 错误 1
make[1]: 离开目录“/home/rm/catkin_livox_ros_driver2/src/IST_2025_sentry/build/CMakeFiles/CMakeTmp”
make: *** [Makefile:121：cmTC_8c882/fast] 错误 2



Performing C SOURCE FILE Test CMAKE_HAVE_LIBC_PTHREAD failed with the following output:
Change Dir: /home/rm/catkin_livox_ros_driver2/src/IST_2025_sentry/build/CMakeFiles/CMakeTmp

Run Build Command(s):/usr/bin/make cmTC_c747c/fast && /usr/bin/make -f CMakeFiles/cmTC_c747c.dir/build.make CMakeFiles/cmTC_c747c.dir/build
make[1]: 进入目录“/home/rm/catkin_livox_ros_driver2/src/IST_2025_sentry/build/CMakeFiles/CMakeTmp”
Building C object CMakeFiles/cmTC_c747c.dir/src.c.o
/usr/bin/cc   -DCMAKE_HAVE_LIBC_PTHREAD   -o CMakeFiles/cmTC_c747c.dir/src.c.o   -c /home/rm/catkin_livox_ros_driver2/src/IST_2025_sentry/build/CMakeFiles/CMakeTmp/src.c
Linking C executable cmTC_c747c
/usr/bin/cmake -E cmake_link_script CMakeFiles/cmTC_c747c.dir/link.txt --verbose=1
/usr/bin/cc  -DCMAKE_HAVE_LIBC_PTHREAD    -rdynamic CMakeFiles/cmTC_c747c.dir/src.c.o  -o cmTC_c747c 
/usr/bin/ld: CMakeFiles/cmTC_c747c.dir/src.c.o: in function `main':
src.c:(.text+0x46): undefined reference to `pthread_create'
/usr/bin/ld: src.c:(.text+0x52): undefined reference to `pthread_detach'
/usr/bin/ld: src.c:(.text+0x63): undefined reference to `pthread_join'
collect2: error: ld returned 1 exit status
make[1]: *** [CMakeFiles/cmTC_c747c.dir/build.make:87：cmTC_c747c] 错误 1
make[1]: 离开目录“/home/rm/catkin_livox_ros_driver2/src/IST_2025_sentry/build/CMakeFiles/CMakeTmp”
make: *** [Makefile:121：cmTC_c747c/fast] 错误 2


Source file was:
#include <pthread.h>

void* test_func(void* data)
{
  return data;
}

int main(void)
{
  pthread_t thread;
  pthread_create(&thread, NULL, test_func, NULL);
  pthread_detach(thread);
  pthread_join(thread, NULL);
  pthread_atfork(NULL, NULL, NULL);
  pthread_exit(NULL);

  return 0;
}

Determining if the function pthread_create exists in the pthreads failed with the following output:
Change Dir: /home/rm/catkin_livox_ros_driver2/src/IST_2025_sentry/build/CMakeFiles/CMakeTmp

Run Build Command(s):/usr/bin/make cmTC_934c3/fast && /usr/bin/make -f CMakeFiles/cmTC_934c3.dir/build.make CMakeFiles/cmTC_934c3.dir/build
make[1]: 进入目录“/home/rm/catkin_livox_ros_driver2/src/IST_2025_sentry/build/CMakeFiles/CMakeTmp”
Building C object CMakeFiles/cmTC_934c3.dir/CheckFunctionExists.c.o
/usr/bin/cc   -DCHECK_FUNCTION_EXISTS=pthread_create   -o CMakeFiles/cmTC_934c3.dir/CheckFunctionExists.c.o   -c /usr/share/cmake-3.16/Modules/CheckFunctionExists.c
Linking C executable cmTC_934c3
/usr/bin/cmake -E cmake_link_script CMakeFiles/cmTC_934c3.dir/link.txt --verbose=1
/usr/bin/cc  -DCHECK_FUNCTION_EXISTS=pthread_create    -rdynamic CMakeFiles/cmTC_934c3.dir/CheckFunctionExists.c.o  -o cmTC_934c3  -lpthreads 
/usr/bin/ld: 找不到 -lpthreads
collect2: error: ld returned 1 exit status
make[1]: *** [CMakeFiles/cmTC_934c3.dir/build.make:87：cmTC_934c3] 错误 1
make[1]: 离开目录“/home/rm/catkin_livox_ros_driver2/src/IST_2025_sentry/build/CMakeFiles/CMakeTmp”
make: *** [Makefile:121：cmTC_934c3/fast] 错误 2



Performing C SOURCE FILE Test CMAKE_HAVE_LIBC_PTHREAD failed with the following output:
Change Dir: /home/rm/catkin_livox_ros_driver2/src/IST_2025_sentry/build/CMakeFiles/CMakeTmp

Run Build Command(s):/usr/bin/make cmTC_95867/fast && /usr/bin/make -f CMakeFiles/cmTC_95867.dir/build.make CMakeFiles/cmTC_95867.dir/build
make[1]: 进入目录“/home/rm/catkin_livox_ros_driver2/src/IST_2025_sentry/build/CMakeFiles/CMakeTmp”
Building C object CMakeFiles/cmTC_95867.dir/src.c.o
/usr/bin/cc   -DCMAKE_HAVE_LIBC_PTHREAD   -o CMakeFiles/cmTC_95867.dir/src.c.o   -c /home/rm/catkin_livox_ros_driver2/src/IST_2025_sentry/build/CMakeFiles/CMakeTmp/src.c
Linking C executable cmTC_95867
/usr/bin/cmake -E cmake_link_script CMakeFiles/cmTC_95867.dir/link.txt --verbose=1
/usr/bin/cc  -DCMAKE_HAVE_LIBC_PTHREAD    -rdynamic CMakeFiles/cmTC_95867.dir/src.c.o  -o cmTC_95867 
/usr/bin/ld: CMakeFiles/cmTC_95867.dir/src.c.o: in function `main':
src.c:(.text+0x46): undefined reference to `pthread_create'
/usr/bin/ld: src.c:(.text+0x52): undefined reference to `pthread_detach'
/usr/bin/ld: src.c:(.text+0x63): undefined reference to `pthread_join'
collect2: error: ld returned 1 exit status
make[1]: *** [CMakeFiles/cmTC_95867.dir/build.make:87：cmTC_95867] 错误 1
make[1]: 离开目录“/home/rm/catkin_livox_ros_driver2/src/IST_2025_sentry/build/CMakeFiles/CMakeTmp”
make: *** [Makefile:121：cmTC_95867/fast] 错误 2


Source file was:
#include <pthread.h>

void* test_func(void* data)
{
  return data;
}

int main(void)
{
  pthread_t thread;
  pthread_create(&thread, NULL, test_func, NULL);
  pthread_detach(thread);
  pthread_join(thread, NULL);
  pthread_atfork(NULL, NULL, NULL);
  pthread_exit(NULL);

  return 0;
}

Determining if the function pthread_create exists in the pthreads failed with the following output:
Change Dir: /home/rm/catkin_livox_ros_driver2/src/IST_2025_sentry/build/CMakeFiles/CMakeTmp

Run Build Command(s):/usr/bin/make cmTC_217f0/fast && /usr/bin/make -f CMakeFiles/cmTC_217f0.dir/build.make CMakeFiles/cmTC_217f0.dir/build
make[1]: 进入目录“/home/rm/catkin_livox_ros_driver2/src/IST_2025_sentry/build/CMakeFiles/CMakeTmp”
Building C object CMakeFiles/cmTC_217f0.dir/CheckFunctionExists.c.o
/usr/bin/cc   -DCHECK_FUNCTION_EXISTS=pthread_create   -o CMakeFiles/cmTC_217f0.dir/CheckFunctionExists.c.o   -c /usr/share/cmake-3.16/Modules/CheckFunctionExists.c
Linking C executable cmTC_217f0
/usr/bin/cmake -E cmake_link_script CMakeFiles/cmTC_217f0.dir/link.txt --verbose=1
/usr/bin/cc  -DCHECK_FUNCTION_EXISTS=pthread_create    -rdynamic CMakeFiles/cmTC_217f0.dir/CheckFunctionExists.c.o  -o cmTC_217f0  -lpthreads 
/usr/bin/ld: 找不到 -lpthreads
collect2: error: ld returned 1 exit status
make[1]: *** [CMakeFiles/cmTC_217f0.dir/build.make:87：cmTC_217f0] 错误 1
make[1]: 离开目录“/home/rm/catkin_livox_ros_driver2/src/IST_2025_sentry/build/CMakeFiles/CMakeTmp”
make: *** [Makefile:121：cmTC_217f0/fast] 错误 2



Performing C SOURCE FILE Test CMAKE_HAVE_LIBC_PTHREAD failed with the following output:
Change Dir: /home/rm/catkin_livox_ros_driver2/src/IST_2025_sentry/build/CMakeFiles/CMakeTmp

Run Build Command(s):/usr/bin/make cmTC_fcf0a/fast && /usr/bin/make -f CMakeFiles/cmTC_fcf0a.dir/build.make CMakeFiles/cmTC_fcf0a.dir/build
make[1]: 进入目录“/home/rm/catkin_livox_ros_driver2/src/IST_2025_sentry/build/CMakeFiles/CMakeTmp”
Building C object CMakeFiles/cmTC_fcf0a.dir/src.c.o
/usr/bin/cc   -DCMAKE_HAVE_LIBC_PTHREAD   -o CMakeFiles/cmTC_fcf0a.dir/src.c.o   -c /home/rm/catkin_livox_ros_driver2/src/IST_2025_sentry/build/CMakeFiles/CMakeTmp/src.c
Linking C executable cmTC_fcf0a
/usr/bin/cmake -E cmake_link_script CMakeFiles/cmTC_fcf0a.dir/link.txt --verbose=1
/usr/bin/cc  -DCMAKE_HAVE_LIBC_PTHREAD    -rdynamic CMakeFiles/cmTC_fcf0a.dir/src.c.o  -o cmTC_fcf0a 
/usr/bin/ld: CMakeFiles/cmTC_fcf0a.dir/src.c.o: in function `main':
src.c:(.text+0x46): undefined reference to `pthread_create'
/usr/bin/ld: src.c:(.text+0x52): undefined reference to `pthread_detach'
/usr/bin/ld: src.c:(.text+0x63): undefined reference to `pthread_join'
collect2: error: ld returned 1 exit status
make[1]: *** [CMakeFiles/cmTC_fcf0a.dir/build.make:87：cmTC_fcf0a] 错误 1
make[1]: 离开目录“/home/rm/catkin_livox_ros_driver2/src/IST_2025_sentry/build/CMakeFiles/CMakeTmp”
make: *** [Makefile:121：cmTC_fcf0a/fast] 错误 2


Source file was:
#include <pthread.h>

void* test_func(void* data)
{
  return data;
}

int main(void)
{
  pthread_t thread;
  pthread_create(&thread, NULL, test_func, NULL);
  pthread_detach(thread);
  pthread_join(thread, NULL);
  pthread_atfork(NULL, NULL, NULL);
  pthread_exit(NULL);

  return 0;
}

Determining if the function pthread_create exists in the pthreads failed with the following output:
Change Dir: /home/rm/catkin_livox_ros_driver2/src/IST_2025_sentry/build/CMakeFiles/CMakeTmp

Run Build Command(s):/usr/bin/make cmTC_07c12/fast && /usr/bin/make -f CMakeFiles/cmTC_07c12.dir/build.make CMakeFiles/cmTC_07c12.dir/build
make[1]: 进入目录“/home/rm/catkin_livox_ros_driver2/src/IST_2025_sentry/build/CMakeFiles/CMakeTmp”
Building C object CMakeFiles/cmTC_07c12.dir/CheckFunctionExists.c.o
/usr/bin/cc   -DCHECK_FUNCTION_EXISTS=pthread_create   -o CMakeFiles/cmTC_07c12.dir/CheckFunctionExists.c.o   -c /usr/share/cmake-3.16/Modules/CheckFunctionExists.c
Linking C executable cmTC_07c12
/usr/bin/cmake -E cmake_link_script CMakeFiles/cmTC_07c12.dir/link.txt --verbose=1
/usr/bin/cc  -DCHECK_FUNCTION_EXISTS=pthread_create    -rdynamic CMakeFiles/cmTC_07c12.dir/CheckFunctionExists.c.o  -o cmTC_07c12  -lpthreads 
/usr/bin/ld: 找不到 -lpthreads
collect2: error: ld returned 1 exit status
make[1]: *** [CMakeFiles/cmTC_07c12.dir/build.make:87：cmTC_07c12] 错误 1
make[1]: 离开目录“/home/rm/catkin_livox_ros_driver2/src/IST_2025_sentry/build/CMakeFiles/CMakeTmp”
make: *** [Makefile:121：cmTC_07c12/fast] 错误 2



Performing C SOURCE FILE Test CMAKE_HAVE_LIBC_PTHREAD failed with the following output:
Change Dir: /home/rm/catkin_livox_ros_driver2/src/IST_2025_sentry/build/CMakeFiles/CMakeTmp

Run Build Command(s):/usr/bin/make cmTC_3036f/fast && /usr/bin/make -f CMakeFiles/cmTC_3036f.dir/build.make CMakeFiles/cmTC_3036f.dir/build
make[1]: 进入目录“/home/rm/catkin_livox_ros_driver2/src/IST_2025_sentry/build/CMakeFiles/CMakeTmp”
Building C object CMakeFiles/cmTC_3036f.dir/src.c.o
/usr/bin/cc   -DCMAKE_HAVE_LIBC_PTHREAD   -o CMakeFiles/cmTC_3036f.dir/src.c.o   -c /home/rm/catkin_livox_ros_driver2/src/IST_2025_sentry/build/CMakeFiles/CMakeTmp/src.c
Linking C executable cmTC_3036f
/usr/bin/cmake -E cmake_link_script CMakeFiles/cmTC_3036f.dir/link.txt --verbose=1
/usr/bin/cc  -DCMAKE_HAVE_LIBC_PTHREAD    -rdynamic CMakeFiles/cmTC_3036f.dir/src.c.o  -o cmTC_3036f 
/usr/bin/ld: CMakeFiles/cmTC_3036f.dir/src.c.o: in function `main':
src.c:(.text+0x46): undefined reference to `pthread_create'
/usr/bin/ld: src.c:(.text+0x52): undefined reference to `pthread_detach'
/usr/bin/ld: src.c:(.text+0x63): undefined reference to `pthread_join'
collect2: error: ld returned 1 exit status
make[1]: *** [CMakeFiles/cmTC_3036f.dir/build.make:87：cmTC_3036f] 错误 1
make[1]: 离开目录“/home/rm/catkin_livox_ros_driver2/src/IST_2025_sentry/build/CMakeFiles/CMakeTmp”
make: *** [Makefile:121：cmTC_3036f/fast] 错误 2


Source file was:
#include <pthread.h>

void* test_func(void* data)
{
  return data;
}

int main(void)
{
  pthread_t thread;
  pthread_create(&thread, NULL, test_func, NULL);
  pthread_detach(thread);
  pthread_join(thread, NULL);
  pthread_atfork(NULL, NULL, NULL);
  pthread_exit(NULL);

  return 0;
}

Determining if the function pthread_create exists in the pthreads failed with the following output:
Change Dir: /home/rm/catkin_livox_ros_driver2/src/IST_2025_sentry/build/CMakeFiles/CMakeTmp

Run Build Command(s):/usr/bin/make cmTC_df3f2/fast && /usr/bin/make -f CMakeFiles/cmTC_df3f2.dir/build.make CMakeFiles/cmTC_df3f2.dir/build
make[1]: 进入目录“/home/rm/catkin_livox_ros_driver2/src/IST_2025_sentry/build/CMakeFiles/CMakeTmp”
Building C object CMakeFiles/cmTC_df3f2.dir/CheckFunctionExists.c.o
/usr/bin/cc   -DCHECK_FUNCTION_EXISTS=pthread_create   -o CMakeFiles/cmTC_df3f2.dir/CheckFunctionExists.c.o   -c /usr/share/cmake-3.16/Modules/CheckFunctionExists.c
Linking C executable cmTC_df3f2
/usr/bin/cmake -E cmake_link_script CMakeFiles/cmTC_df3f2.dir/link.txt --verbose=1
/usr/bin/cc  -DCHECK_FUNCTION_EXISTS=pthread_create    -rdynamic CMakeFiles/cmTC_df3f2.dir/CheckFunctionExists.c.o  -o cmTC_df3f2  -lpthreads 
/usr/bin/ld: 找不到 -lpthreads
collect2: error: ld returned 1 exit status
make[1]: *** [CMakeFiles/cmTC_df3f2.dir/build.make:87：cmTC_df3f2] 错误 1
make[1]: 离开目录“/home/rm/catkin_livox_ros_driver2/src/IST_2025_sentry/build/CMakeFiles/CMakeTmp”
make: *** [Makefile:121：cmTC_df3f2/fast] 错误 2



Performing C SOURCE FILE Test CMAKE_HAVE_LIBC_PTHREAD failed with the following output:
Change Dir: /home/rm/catkin_livox_ros_driver2/src/IST_2025_sentry/build/CMakeFiles/CMakeTmp

Run Build Command(s):/usr/bin/make cmTC_854dd/fast && /usr/bin/make -f CMakeFiles/cmTC_854dd.dir/build.make CMakeFiles/cmTC_854dd.dir/build
make[1]: 进入目录“/home/rm/catkin_livox_ros_driver2/src/IST_2025_sentry/build/CMakeFiles/CMakeTmp”
Building C object CMakeFiles/cmTC_854dd.dir/src.c.o
/usr/bin/cc   -DCMAKE_HAVE_LIBC_PTHREAD   -o CMakeFiles/cmTC_854dd.dir/src.c.o   -c /home/rm/catkin_livox_ros_driver2/src/IST_2025_sentry/build/CMakeFiles/CMakeTmp/src.c
Linking C executable cmTC_854dd
/usr/bin/cmake -E cmake_link_script CMakeFiles/cmTC_854dd.dir/link.txt --verbose=1
/usr/bin/cc  -DCMAKE_HAVE_LIBC_PTHREAD    -rdynamic CMakeFiles/cmTC_854dd.dir/src.c.o  -o cmTC_854dd 
/usr/bin/ld: CMakeFiles/cmTC_854dd.dir/src.c.o: in function `main':
src.c:(.text+0x46): undefined reference to `pthread_create'
/usr/bin/ld: src.c:(.text+0x52): undefined reference to `pthread_detach'
/usr/bin/ld: src.c:(.text+0x63): undefined reference to `pthread_join'
collect2: error: ld returned 1 exit status
make[1]: *** [CMakeFiles/cmTC_854dd.dir/build.make:87：cmTC_854dd] 错误 1
make[1]: 离开目录“/home/rm/catkin_livox_ros_driver2/src/IST_2025_sentry/build/CMakeFiles/CMakeTmp”
make: *** [Makefile:121：cmTC_854dd/fast] 错误 2


Source file was:
#include <pthread.h>

void* test_func(void* data)
{
  return data;
}

int main(void)
{
  pthread_t thread;
  pthread_create(&thread, NULL, test_func, NULL);
  pthread_detach(thread);
  pthread_join(thread, NULL);
  pthread_atfork(NULL, NULL, NULL);
  pthread_exit(NULL);

  return 0;
}

Determining if the function pthread_create exists in the pthreads failed with the following output:
Change Dir: /home/rm/catkin_livox_ros_driver2/src/IST_2025_sentry/build/CMakeFiles/CMakeTmp

Run Build Command(s):/usr/bin/make cmTC_e6f34/fast && /usr/bin/make -f CMakeFiles/cmTC_e6f34.dir/build.make CMakeFiles/cmTC_e6f34.dir/build
make[1]: 进入目录“/home/rm/catkin_livox_ros_driver2/src/IST_2025_sentry/build/CMakeFiles/CMakeTmp”
Building C object CMakeFiles/cmTC_e6f34.dir/CheckFunctionExists.c.o
/usr/bin/cc   -DCHECK_FUNCTION_EXISTS=pthread_create   -o CMakeFiles/cmTC_e6f34.dir/CheckFunctionExists.c.o   -c /usr/share/cmake-3.16/Modules/CheckFunctionExists.c
Linking C executable cmTC_e6f34
/usr/bin/cmake -E cmake_link_script CMakeFiles/cmTC_e6f34.dir/link.txt --verbose=1
/usr/bin/cc  -DCHECK_FUNCTION_EXISTS=pthread_create    -rdynamic CMakeFiles/cmTC_e6f34.dir/CheckFunctionExists.c.o  -o cmTC_e6f34  -lpthreads 
/usr/bin/ld: 找不到 -lpthreads
collect2: error: ld returned 1 exit status
make[1]: *** [CMakeFiles/cmTC_e6f34.dir/build.make:87：cmTC_e6f34] 错误 1
make[1]: 离开目录“/home/rm/catkin_livox_ros_driver2/src/IST_2025_sentry/build/CMakeFiles/CMakeTmp”
make: *** [Makefile:121：cmTC_e6f34/fast] 错误 2



Performing C SOURCE FILE Test CMAKE_HAVE_LIBC_PTHREAD failed with the following output:
Change Dir: /home/rm/catkin_livox_ros_driver2/src/IST_2025_sentry/build/CMakeFiles/CMakeTmp

Run Build Command(s):/usr/bin/make cmTC_74b39/fast && /usr/bin/make -f CMakeFiles/cmTC_74b39.dir/build.make CMakeFiles/cmTC_74b39.dir/build
make[1]: 进入目录“/home/rm/catkin_livox_ros_driver2/src/IST_2025_sentry/build/CMakeFiles/CMakeTmp”
Building C object CMakeFiles/cmTC_74b39.dir/src.c.o
/usr/bin/cc   -DCMAKE_HAVE_LIBC_PTHREAD   -o CMakeFiles/cmTC_74b39.dir/src.c.o   -c /home/rm/catkin_livox_ros_driver2/src/IST_2025_sentry/build/CMakeFiles/CMakeTmp/src.c
Linking C executable cmTC_74b39
/usr/bin/cmake -E cmake_link_script CMakeFiles/cmTC_74b39.dir/link.txt --verbose=1
/usr/bin/cc  -DCMAKE_HAVE_LIBC_PTHREAD    -rdynamic CMakeFiles/cmTC_74b39.dir/src.c.o  -o cmTC_74b39 
/usr/bin/ld: CMakeFiles/cmTC_74b39.dir/src.c.o: in function `main':
src.c:(.text+0x46): undefined reference to `pthread_create'
/usr/bin/ld: src.c:(.text+0x52): undefined reference to `pthread_detach'
/usr/bin/ld: src.c:(.text+0x63): undefined reference to `pthread_join'
collect2: error: ld returned 1 exit status
make[1]: *** [CMakeFiles/cmTC_74b39.dir/build.make:87：cmTC_74b39] 错误 1
make[1]: 离开目录“/home/rm/catkin_livox_ros_driver2/src/IST_2025_sentry/build/CMakeFiles/CMakeTmp”
make: *** [Makefile:121：cmTC_74b39/fast] 错误 2


Source file was:
#include <pthread.h>

void* test_func(void* data)
{
  return data;
}

int main(void)
{
  pthread_t thread;
  pthread_create(&thread, NULL, test_func, NULL);
  pthread_detach(thread);
  pthread_join(thread, NULL);
  pthread_atfork(NULL, NULL, NULL);
  pthread_exit(NULL);

  return 0;
}

Determining if the function pthread_create exists in the pthreads failed with the following output:
Change Dir: /home/rm/catkin_livox_ros_driver2/src/IST_2025_sentry/build/CMakeFiles/CMakeTmp

Run Build Command(s):/usr/bin/make cmTC_228e0/fast && /usr/bin/make -f CMakeFiles/cmTC_228e0.dir/build.make CMakeFiles/cmTC_228e0.dir/build
make[1]: 进入目录“/home/rm/catkin_livox_ros_driver2/src/IST_2025_sentry/build/CMakeFiles/CMakeTmp”
Building C object CMakeFiles/cmTC_228e0.dir/CheckFunctionExists.c.o
/usr/bin/cc   -DCHECK_FUNCTION_EXISTS=pthread_create   -o CMakeFiles/cmTC_228e0.dir/CheckFunctionExists.c.o   -c /usr/share/cmake-3.16/Modules/CheckFunctionExists.c
Linking C executable cmTC_228e0
/usr/bin/cmake -E cmake_link_script CMakeFiles/cmTC_228e0.dir/link.txt --verbose=1
/usr/bin/cc  -DCHECK_FUNCTION_EXISTS=pthread_create    -rdynamic CMakeFiles/cmTC_228e0.dir/CheckFunctionExists.c.o  -o cmTC_228e0  -lpthreads 
/usr/bin/ld: 找不到 -lpthreads
collect2: error: ld returned 1 exit status
make[1]: *** [CMakeFiles/cmTC_228e0.dir/build.make:87：cmTC_228e0] 错误 1
make[1]: 离开目录“/home/rm/catkin_livox_ros_driver2/src/IST_2025_sentry/build/CMakeFiles/CMakeTmp”
make: *** [Makefile:121：cmTC_228e0/fast] 错误 2



Performing C SOURCE FILE Test CMAKE_HAVE_LIBC_PTHREAD failed with the following output:
Change Dir: /home/rm/catkin_livox_ros_driver2/src/IST_2025_sentry/build/CMakeFiles/CMakeTmp

Run Build Command(s):/usr/bin/make cmTC_a28a6/fast && /usr/bin/make -f CMakeFiles/cmTC_a28a6.dir/build.make CMakeFiles/cmTC_a28a6.dir/build
make[1]: 进入目录“/home/rm/catkin_livox_ros_driver2/src/IST_2025_sentry/build/CMakeFiles/CMakeTmp”
Building C object CMakeFiles/cmTC_a28a6.dir/src.c.o
/usr/bin/cc   -DCMAKE_HAVE_LIBC_PTHREAD   -o CMakeFiles/cmTC_a28a6.dir/src.c.o   -c /home/rm/catkin_livox_ros_driver2/src/IST_2025_sentry/build/CMakeFiles/CMakeTmp/src.c
Linking C executable cmTC_a28a6
/usr/bin/cmake -E cmake_link_script CMakeFiles/cmTC_a28a6.dir/link.txt --verbose=1
/usr/bin/cc  -DCMAKE_HAVE_LIBC_PTHREAD    -rdynamic CMakeFiles/cmTC_a28a6.dir/src.c.o  -o cmTC_a28a6 
/usr/bin/ld: CMakeFiles/cmTC_a28a6.dir/src.c.o: in function `main':
src.c:(.text+0x46): undefined reference to `pthread_create'
/usr/bin/ld: src.c:(.text+0x52): undefined reference to `pthread_detach'
/usr/bin/ld: src.c:(.text+0x63): undefined reference to `pthread_join'
collect2: error: ld returned 1 exit status
make[1]: *** [CMakeFiles/cmTC_a28a6.dir/build.make:87：cmTC_a28a6] 错误 1
make[1]: 离开目录“/home/rm/catkin_livox_ros_driver2/src/IST_2025_sentry/build/CMakeFiles/CMakeTmp”
make: *** [Makefile:121：cmTC_a28a6/fast] 错误 2


Source file was:
#include <pthread.h>

void* test_func(void* data)
{
  return data;
}

int main(void)
{
  pthread_t thread;
  pthread_create(&thread, NULL, test_func, NULL);
  pthread_detach(thread);
  pthread_join(thread, NULL);
  pthread_atfork(NULL, NULL, NULL);
  pthread_exit(NULL);

  return 0;
}

Determining if the function pthread_create exists in the pthreads failed with the following output:
Change Dir: /home/rm/catkin_livox_ros_driver2/src/IST_2025_sentry/build/CMakeFiles/CMakeTmp

Run Build Command(s):/usr/bin/make cmTC_a7e98/fast && /usr/bin/make -f CMakeFiles/cmTC_a7e98.dir/build.make CMakeFiles/cmTC_a7e98.dir/build
make[1]: 进入目录“/home/rm/catkin_livox_ros_driver2/src/IST_2025_sentry/build/CMakeFiles/CMakeTmp”
Building C object CMakeFiles/cmTC_a7e98.dir/CheckFunctionExists.c.o
/usr/bin/cc   -DCHECK_FUNCTION_EXISTS=pthread_create   -o CMakeFiles/cmTC_a7e98.dir/CheckFunctionExists.c.o   -c /usr/share/cmake-3.16/Modules/CheckFunctionExists.c
Linking C executable cmTC_a7e98
/usr/bin/cmake -E cmake_link_script CMakeFiles/cmTC_a7e98.dir/link.txt --verbose=1
/usr/bin/cc  -DCHECK_FUNCTION_EXISTS=pthread_create    -rdynamic CMakeFiles/cmTC_a7e98.dir/CheckFunctionExists.c.o  -o cmTC_a7e98  -lpthreads 
/usr/bin/ld: 找不到 -lpthreads
collect2: error: ld returned 1 exit status
make[1]: *** [CMakeFiles/cmTC_a7e98.dir/build.make:87：cmTC_a7e98] 错误 1
make[1]: 离开目录“/home/rm/catkin_livox_ros_driver2/src/IST_2025_sentry/build/CMakeFiles/CMakeTmp”
make: *** [Makefile:121：cmTC_a7e98/fast] 错误 2



Performing C SOURCE FILE Test CMAKE_HAVE_LIBC_PTHREAD failed with the following output:
Change Dir: /home/rm/catkin_livox_ros_driver2/src/IST_2025_sentry/build/CMakeFiles/CMakeTmp

Run Build Command(s):/usr/bin/make cmTC_014e6/fast && /usr/bin/make -f CMakeFiles/cmTC_014e6.dir/build.make CMakeFiles/cmTC_014e6.dir/build
make[1]: 进入目录“/home/rm/catkin_livox_ros_driver2/src/IST_2025_sentry/build/CMakeFiles/CMakeTmp”
Building C object CMakeFiles/cmTC_014e6.dir/src.c.o
/usr/bin/cc   -DCMAKE_HAVE_LIBC_PTHREAD   -o CMakeFiles/cmTC_014e6.dir/src.c.o   -c /home/rm/catkin_livox_ros_driver2/src/IST_2025_sentry/build/CMakeFiles/CMakeTmp/src.c
Linking C executable cmTC_014e6
/usr/bin/cmake -E cmake_link_script CMakeFiles/cmTC_014e6.dir/link.txt --verbose=1
/usr/bin/cc  -DCMAKE_HAVE_LIBC_PTHREAD    -rdynamic CMakeFiles/cmTC_014e6.dir/src.c.o  -o cmTC_014e6 
/usr/bin/ld: CMakeFiles/cmTC_014e6.dir/src.c.o: in function `main':
src.c:(.text+0x46): undefined reference to `pthread_create'
/usr/bin/ld: src.c:(.text+0x52): undefined reference to `pthread_detach'
/usr/bin/ld: src.c:(.text+0x63): undefined reference to `pthread_join'
collect2: error: ld returned 1 exit status
make[1]: *** [CMakeFiles/cmTC_014e6.dir/build.make:87：cmTC_014e6] 错误 1
make[1]: 离开目录“/home/rm/catkin_livox_ros_driver2/src/IST_2025_sentry/build/CMakeFiles/CMakeTmp”
make: *** [Makefile:121：cmTC_014e6/fast] 错误 2


Source file was:
#include <pthread.h>

void* test_func(void* data)
{
  return data;
}

int main(void)
{
  pthread_t thread;
  pthread_create(&thread, NULL, test_func, NULL);
  pthread_detach(thread);
  pthread_join(thread, NULL);
  pthread_atfork(NULL, NULL, NULL);
  pthread_exit(NULL);

  return 0;
}

Determining if the function pthread_create exists in the pthreads failed with the following output:
Change Dir: /home/rm/catkin_livox_ros_driver2/src/IST_2025_sentry/build/CMakeFiles/CMakeTmp

Run Build Command(s):/usr/bin/make cmTC_e5acf/fast && /usr/bin/make -f CMakeFiles/cmTC_e5acf.dir/build.make CMakeFiles/cmTC_e5acf.dir/build
make[1]: 进入目录“/home/rm/catkin_livox_ros_driver2/src/IST_2025_sentry/build/CMakeFiles/CMakeTmp”
Building C object CMakeFiles/cmTC_e5acf.dir/CheckFunctionExists.c.o
/usr/bin/cc   -DCHECK_FUNCTION_EXISTS=pthread_create   -o CMakeFiles/cmTC_e5acf.dir/CheckFunctionExists.c.o   -c /usr/share/cmake-3.16/Modules/CheckFunctionExists.c
Linking C executable cmTC_e5acf
/usr/bin/cmake -E cmake_link_script CMakeFiles/cmTC_e5acf.dir/link.txt --verbose=1
/usr/bin/cc  -DCHECK_FUNCTION_EXISTS=pthread_create    -rdynamic CMakeFiles/cmTC_e5acf.dir/CheckFunctionExists.c.o  -o cmTC_e5acf  -lpthreads 
/usr/bin/ld: 找不到 -lpthreads
collect2: error: ld returned 1 exit status
make[1]: *** [CMakeFiles/cmTC_e5acf.dir/build.make:87：cmTC_e5acf] 错误 1
make[1]: 离开目录“/home/rm/catkin_livox_ros_driver2/src/IST_2025_sentry/build/CMakeFiles/CMakeTmp”
make: *** [Makefile:121：cmTC_e5acf/fast] 错误 2



Performing C SOURCE FILE Test CMAKE_HAVE_LIBC_PTHREAD failed with the following output:
Change Dir: /home/rm/catkin_livox_ros_driver2/src/IST_2025_sentry/build/CMakeFiles/CMakeTmp

Run Build Command(s):/usr/bin/make cmTC_05e10/fast && /usr/bin/make -f CMakeFiles/cmTC_05e10.dir/build.make CMakeFiles/cmTC_05e10.dir/build
make[1]: 进入目录“/home/rm/catkin_livox_ros_driver2/src/IST_2025_sentry/build/CMakeFiles/CMakeTmp”
Building C object CMakeFiles/cmTC_05e10.dir/src.c.o
/usr/bin/cc   -DCMAKE_HAVE_LIBC_PTHREAD   -o CMakeFiles/cmTC_05e10.dir/src.c.o   -c /home/rm/catkin_livox_ros_driver2/src/IST_2025_sentry/build/CMakeFiles/CMakeTmp/src.c
Linking C executable cmTC_05e10
/usr/bin/cmake -E cmake_link_script CMakeFiles/cmTC_05e10.dir/link.txt --verbose=1
/usr/bin/cc  -DCMAKE_HAVE_LIBC_PTHREAD    -rdynamic CMakeFiles/cmTC_05e10.dir/src.c.o  -o cmTC_05e10 
/usr/bin/ld: CMakeFiles/cmTC_05e10.dir/src.c.o: in function `main':
src.c:(.text+0x46): undefined reference to `pthread_create'
/usr/bin/ld: src.c:(.text+0x52): undefined reference to `pthread_detach'
/usr/bin/ld: src.c:(.text+0x63): undefined reference to `pthread_join'
collect2: error: ld returned 1 exit status
make[1]: *** [CMakeFiles/cmTC_05e10.dir/build.make:87：cmTC_05e10] 错误 1
make[1]: 离开目录“/home/rm/catkin_livox_ros_driver2/src/IST_2025_sentry/build/CMakeFiles/CMakeTmp”
make: *** [Makefile:121：cmTC_05e10/fast] 错误 2


Source file was:
#include <pthread.h>

void* test_func(void* data)
{
  return data;
}

int main(void)
{
  pthread_t thread;
  pthread_create(&thread, NULL, test_func, NULL);
  pthread_detach(thread);
  pthread_join(thread, NULL);
  pthread_atfork(NULL, NULL, NULL);
  pthread_exit(NULL);

  return 0;
}

Determining if the function pthread_create exists in the pthreads failed with the following output:
Change Dir: /home/rm/catkin_livox_ros_driver2/src/IST_2025_sentry/build/CMakeFiles/CMakeTmp

Run Build Command(s):/usr/bin/make cmTC_c7493/fast && /usr/bin/make -f CMakeFiles/cmTC_c7493.dir/build.make CMakeFiles/cmTC_c7493.dir/build
make[1]: 进入目录“/home/rm/catkin_livox_ros_driver2/src/IST_2025_sentry/build/CMakeFiles/CMakeTmp”
Building C object CMakeFiles/cmTC_c7493.dir/CheckFunctionExists.c.o
/usr/bin/cc   -DCHECK_FUNCTION_EXISTS=pthread_create   -o CMakeFiles/cmTC_c7493.dir/CheckFunctionExists.c.o   -c /usr/share/cmake-3.16/Modules/CheckFunctionExists.c
Linking C executable cmTC_c7493
/usr/bin/cmake -E cmake_link_script CMakeFiles/cmTC_c7493.dir/link.txt --verbose=1
/usr/bin/cc  -DCHECK_FUNCTION_EXISTS=pthread_create    -rdynamic CMakeFiles/cmTC_c7493.dir/CheckFunctionExists.c.o  -o cmTC_c7493  -lpthreads 
/usr/bin/ld: 找不到 -lpthreads
collect2: error: ld returned 1 exit status
make[1]: *** [CMakeFiles/cmTC_c7493.dir/build.make:87：cmTC_c7493] 错误 1
make[1]: 离开目录“/home/rm/catkin_livox_ros_driver2/src/IST_2025_sentry/build/CMakeFiles/CMakeTmp”
make: *** [Makefile:121：cmTC_c7493/fast] 错误 2



Performing C SOURCE FILE Test CMAKE_HAVE_LIBC_PTHREAD failed with the following output:
Change Dir: /home/rm/catkin_livox_ros_driver2/src/IST_2025_sentry/build/CMakeFiles/CMakeTmp

Run Build Command(s):/usr/bin/make cmTC_52889/fast && /usr/bin/make -f CMakeFiles/cmTC_52889.dir/build.make CMakeFiles/cmTC_52889.dir/build
make[1]: 进入目录“/home/rm/catkin_livox_ros_driver2/src/IST_2025_sentry/build/CMakeFiles/CMakeTmp”
Building C object CMakeFiles/cmTC_52889.dir/src.c.o
/usr/bin/cc   -DCMAKE_HAVE_LIBC_PTHREAD   -o CMakeFiles/cmTC_52889.dir/src.c.o   -c /home/rm/catkin_livox_ros_driver2/src/IST_2025_sentry/build/CMakeFiles/CMakeTmp/src.c
Linking C executable cmTC_52889
/usr/bin/cmake -E cmake_link_script CMakeFiles/cmTC_52889.dir/link.txt --verbose=1
/usr/bin/cc  -DCMAKE_HAVE_LIBC_PTHREAD    -rdynamic CMakeFiles/cmTC_52889.dir/src.c.o  -o cmTC_52889 
/usr/bin/ld: CMakeFiles/cmTC_52889.dir/src.c.o: in function `main':
src.c:(.text+0x46): undefined reference to `pthread_create'
/usr/bin/ld: src.c:(.text+0x52): undefined reference to `pthread_detach'
/usr/bin/ld: src.c:(.text+0x63): undefined reference to `pthread_join'
collect2: error: ld returned 1 exit status
make[1]: *** [CMakeFiles/cmTC_52889.dir/build.make:87：cmTC_52889] 错误 1
make[1]: 离开目录“/home/rm/catkin_livox_ros_driver2/src/IST_2025_sentry/build/CMakeFiles/CMakeTmp”
make: *** [Makefile:121：cmTC_52889/fast] 错误 2


Source file was:
#include <pthread.h>

void* test_func(void* data)
{
  return data;
}

int main(void)
{
  pthread_t thread;
  pthread_create(&thread, NULL, test_func, NULL);
  pthread_detach(thread);
  pthread_join(thread, NULL);
  pthread_atfork(NULL, NULL, NULL);
  pthread_exit(NULL);

  return 0;
}

Determining if the function pthread_create exists in the pthreads failed with the following output:
Change Dir: /home/rm/catkin_livox_ros_driver2/src/IST_2025_sentry/build/CMakeFiles/CMakeTmp

Run Build Command(s):/usr/bin/make cmTC_b7cc7/fast && /usr/bin/make -f CMakeFiles/cmTC_b7cc7.dir/build.make CMakeFiles/cmTC_b7cc7.dir/build
make[1]: 进入目录“/home/rm/catkin_livox_ros_driver2/src/IST_2025_sentry/build/CMakeFiles/CMakeTmp”
Building C object CMakeFiles/cmTC_b7cc7.dir/CheckFunctionExists.c.o
/usr/bin/cc   -DCHECK_FUNCTION_EXISTS=pthread_create   -o CMakeFiles/cmTC_b7cc7.dir/CheckFunctionExists.c.o   -c /usr/share/cmake-3.16/Modules/CheckFunctionExists.c
Linking C executable cmTC_b7cc7
/usr/bin/cmake -E cmake_link_script CMakeFiles/cmTC_b7cc7.dir/link.txt --verbose=1
/usr/bin/cc  -DCHECK_FUNCTION_EXISTS=pthread_create    -rdynamic CMakeFiles/cmTC_b7cc7.dir/CheckFunctionExists.c.o  -o cmTC_b7cc7  -lpthreads 
/usr/bin/ld: 找不到 -lpthreads
collect2: error: ld returned 1 exit status
make[1]: *** [CMakeFiles/cmTC_b7cc7.dir/build.make:87：cmTC_b7cc7] 错误 1
make[1]: 离开目录“/home/rm/catkin_livox_ros_driver2/src/IST_2025_sentry/build/CMakeFiles/CMakeTmp”
make: *** [Makefile:121：cmTC_b7cc7/fast] 错误 2



Performing C SOURCE FILE Test CMAKE_HAVE_LIBC_PTHREAD failed with the following output:
Change Dir: /home/rm/catkin_livox_ros_driver2/src/IST_2025_sentry/build/CMakeFiles/CMakeTmp

Run Build Command(s):/usr/bin/make cmTC_7a211/fast && /usr/bin/make -f CMakeFiles/cmTC_7a211.dir/build.make CMakeFiles/cmTC_7a211.dir/build
make[1]: 进入目录“/home/rm/catkin_livox_ros_driver2/src/IST_2025_sentry/build/CMakeFiles/CMakeTmp”
Building C object CMakeFiles/cmTC_7a211.dir/src.c.o
/usr/bin/cc   -DCMAKE_HAVE_LIBC_PTHREAD   -o CMakeFiles/cmTC_7a211.dir/src.c.o   -c /home/rm/catkin_livox_ros_driver2/src/IST_2025_sentry/build/CMakeFiles/CMakeTmp/src.c
Linking C executable cmTC_7a211
/usr/bin/cmake -E cmake_link_script CMakeFiles/cmTC_7a211.dir/link.txt --verbose=1
/usr/bin/cc  -DCMAKE_HAVE_LIBC_PTHREAD    -rdynamic CMakeFiles/cmTC_7a211.dir/src.c.o  -o cmTC_7a211 
/usr/bin/ld: CMakeFiles/cmTC_7a211.dir/src.c.o: in function `main':
src.c:(.text+0x46): undefined reference to `pthread_create'
/usr/bin/ld: src.c:(.text+0x52): undefined reference to `pthread_detach'
/usr/bin/ld: src.c:(.text+0x63): undefined reference to `pthread_join'
collect2: error: ld returned 1 exit status
make[1]: *** [CMakeFiles/cmTC_7a211.dir/build.make:87：cmTC_7a211] 错误 1
make[1]: 离开目录“/home/rm/catkin_livox_ros_driver2/src/IST_2025_sentry/build/CMakeFiles/CMakeTmp”
make: *** [Makefile:121：cmTC_7a211/fast] 错误 2


Source file was:
#include <pthread.h>

void* test_func(void* data)
{
  return data;
}

int main(void)
{
  pthread_t thread;
  pthread_create(&thread, NULL, test_func, NULL);
  pthread_detach(thread);
  pthread_join(thread, NULL);
  pthread_atfork(NULL, NULL, NULL);
  pthread_exit(NULL);

  return 0;
}

Determining if the function pthread_create exists in the pthreads failed with the following output:
Change Dir: /home/rm/catkin_livox_ros_driver2/src/IST_2025_sentry/build/CMakeFiles/CMakeTmp

Run Build Command(s):/usr/bin/make cmTC_57079/fast && /usr/bin/make -f CMakeFiles/cmTC_57079.dir/build.make CMakeFiles/cmTC_57079.dir/build
make[1]: 进入目录“/home/rm/catkin_livox_ros_driver2/src/IST_2025_sentry/build/CMakeFiles/CMakeTmp”
Building C object CMakeFiles/cmTC_57079.dir/CheckFunctionExists.c.o
/usr/bin/cc   -DCHECK_FUNCTION_EXISTS=pthread_create   -o CMakeFiles/cmTC_57079.dir/CheckFunctionExists.c.o   -c /usr/share/cmake-3.16/Modules/CheckFunctionExists.c
Linking C executable cmTC_57079
/usr/bin/cmake -E cmake_link_script CMakeFiles/cmTC_57079.dir/link.txt --verbose=1
/usr/bin/cc  -DCHECK_FUNCTION_EXISTS=pthread_create    -rdynamic CMakeFiles/cmTC_57079.dir/CheckFunctionExists.c.o  -o cmTC_57079  -lpthreads 
/usr/bin/ld: 找不到 -lpthreads
collect2: error: ld returned 1 exit status
make[1]: *** [CMakeFiles/cmTC_57079.dir/build.make:87：cmTC_57079] 错误 1
make[1]: 离开目录“/home/rm/catkin_livox_ros_driver2/src/IST_2025_sentry/build/CMakeFiles/CMakeTmp”
make: *** [Makefile:121：cmTC_57079/fast] 错误 2



Performing C SOURCE FILE Test CMAKE_HAVE_LIBC_PTHREAD failed with the following output:
Change Dir: /home/rm/catkin_livox_ros_driver2/src/IST_2025_sentry/build/CMakeFiles/CMakeTmp

Run Build Command(s):/usr/bin/make cmTC_7ad7e/fast && /usr/bin/make -f CMakeFiles/cmTC_7ad7e.dir/build.make CMakeFiles/cmTC_7ad7e.dir/build
make[1]: 进入目录“/home/rm/catkin_livox_ros_driver2/src/IST_2025_sentry/build/CMakeFiles/CMakeTmp”
Building C object CMakeFiles/cmTC_7ad7e.dir/src.c.o
/usr/bin/cc   -DCMAKE_HAVE_LIBC_PTHREAD   -o CMakeFiles/cmTC_7ad7e.dir/src.c.o   -c /home/rm/catkin_livox_ros_driver2/src/IST_2025_sentry/build/CMakeFiles/CMakeTmp/src.c
Linking C executable cmTC_7ad7e
/usr/bin/cmake -E cmake_link_script CMakeFiles/cmTC_7ad7e.dir/link.txt --verbose=1
/usr/bin/cc  -DCMAKE_HAVE_LIBC_PTHREAD    -rdynamic CMakeFiles/cmTC_7ad7e.dir/src.c.o  -o cmTC_7ad7e 
/usr/bin/ld: CMakeFiles/cmTC_7ad7e.dir/src.c.o: in function `main':
src.c:(.text+0x46): undefined reference to `pthread_create'
/usr/bin/ld: src.c:(.text+0x52): undefined reference to `pthread_detach'
/usr/bin/ld: src.c:(.text+0x63): undefined reference to `pthread_join'
collect2: error: ld returned 1 exit status
make[1]: *** [CMakeFiles/cmTC_7ad7e.dir/build.make:87：cmTC_7ad7e] 错误 1
make[1]: 离开目录“/home/rm/catkin_livox_ros_driver2/src/IST_2025_sentry/build/CMakeFiles/CMakeTmp”
make: *** [Makefile:121：cmTC_7ad7e/fast] 错误 2


Source file was:
#include <pthread.h>

void* test_func(void* data)
{
  return data;
}

int main(void)
{
  pthread_t thread;
  pthread_create(&thread, NULL, test_func, NULL);
  pthread_detach(thread);
  pthread_join(thread, NULL);
  pthread_atfork(NULL, NULL, NULL);
  pthread_exit(NULL);

  return 0;
}

Determining if the function pthread_create exists in the pthreads failed with the following output:
Change Dir: /home/rm/catkin_livox_ros_driver2/src/IST_2025_sentry/build/CMakeFiles/CMakeTmp

Run Build Command(s):/usr/bin/make cmTC_0cfd4/fast && /usr/bin/make -f CMakeFiles/cmTC_0cfd4.dir/build.make CMakeFiles/cmTC_0cfd4.dir/build
make[1]: 进入目录“/home/rm/catkin_livox_ros_driver2/src/IST_2025_sentry/build/CMakeFiles/CMakeTmp”
Building C object CMakeFiles/cmTC_0cfd4.dir/CheckFunctionExists.c.o
/usr/bin/cc   -DCHECK_FUNCTION_EXISTS=pthread_create   -o CMakeFiles/cmTC_0cfd4.dir/CheckFunctionExists.c.o   -c /usr/share/cmake-3.16/Modules/CheckFunctionExists.c
Linking C executable cmTC_0cfd4
/usr/bin/cmake -E cmake_link_script CMakeFiles/cmTC_0cfd4.dir/link.txt --verbose=1
/usr/bin/cc  -DCHECK_FUNCTION_EXISTS=pthread_create    -rdynamic CMakeFiles/cmTC_0cfd4.dir/CheckFunctionExists.c.o  -o cmTC_0cfd4  -lpthreads 
/usr/bin/ld: 找不到 -lpthreads
collect2: error: ld returned 1 exit status
make[1]: *** [CMakeFiles/cmTC_0cfd4.dir/build.make:87：cmTC_0cfd4] 错误 1
make[1]: 离开目录“/home/rm/catkin_livox_ros_driver2/src/IST_2025_sentry/build/CMakeFiles/CMakeTmp”
make: *** [Makefile:121：cmTC_0cfd4/fast] 错误 2



Performing C SOURCE FILE Test CMAKE_HAVE_LIBC_PTHREAD failed with the following output:
Change Dir: /home/rm/catkin_livox_ros_driver2/src/IST_2025_sentry/build/CMakeFiles/CMakeTmp

Run Build Command(s):/usr/bin/make cmTC_f4575/fast && /usr/bin/make -f CMakeFiles/cmTC_f4575.dir/build.make CMakeFiles/cmTC_f4575.dir/build
make[1]: 进入目录“/home/rm/catkin_livox_ros_driver2/src/IST_2025_sentry/build/CMakeFiles/CMakeTmp”
Building C object CMakeFiles/cmTC_f4575.dir/src.c.o
/usr/bin/cc   -DCMAKE_HAVE_LIBC_PTHREAD   -o CMakeFiles/cmTC_f4575.dir/src.c.o   -c /home/rm/catkin_livox_ros_driver2/src/IST_2025_sentry/build/CMakeFiles/CMakeTmp/src.c
Linking C executable cmTC_f4575
/usr/bin/cmake -E cmake_link_script CMakeFiles/cmTC_f4575.dir/link.txt --verbose=1
/usr/bin/cc  -DCMAKE_HAVE_LIBC_PTHREAD    -rdynamic CMakeFiles/cmTC_f4575.dir/src.c.o  -o cmTC_f4575 
/usr/bin/ld: CMakeFiles/cmTC_f4575.dir/src.c.o: in function `main':
src.c:(.text+0x46): undefined reference to `pthread_create'
/usr/bin/ld: src.c:(.text+0x52): undefined reference to `pthread_detach'
/usr/bin/ld: src.c:(.text+0x63): undefined reference to `pthread_join'
collect2: error: ld returned 1 exit status
make[1]: *** [CMakeFiles/cmTC_f4575.dir/build.make:87：cmTC_f4575] 错误 1
make[1]: 离开目录“/home/rm/catkin_livox_ros_driver2/src/IST_2025_sentry/build/CMakeFiles/CMakeTmp”
make: *** [Makefile:121：cmTC_f4575/fast] 错误 2


Source file was:
#include <pthread.h>

void* test_func(void* data)
{
  return data;
}

int main(void)
{
  pthread_t thread;
  pthread_create(&thread, NULL, test_func, NULL);
  pthread_detach(thread);
  pthread_join(thread, NULL);
  pthread_atfork(NULL, NULL, NULL);
  pthread_exit(NULL);

  return 0;
}

Determining if the function pthread_create exists in the pthreads failed with the following output:
Change Dir: /home/rm/catkin_livox_ros_driver2/src/IST_2025_sentry/build/CMakeFiles/CMakeTmp

Run Build Command(s):/usr/bin/make cmTC_b545c/fast && /usr/bin/make -f CMakeFiles/cmTC_b545c.dir/build.make CMakeFiles/cmTC_b545c.dir/build
make[1]: 进入目录“/home/rm/catkin_livox_ros_driver2/src/IST_2025_sentry/build/CMakeFiles/CMakeTmp”
Building C object CMakeFiles/cmTC_b545c.dir/CheckFunctionExists.c.o
/usr/bin/cc   -DCHECK_FUNCTION_EXISTS=pthread_create   -o CMakeFiles/cmTC_b545c.dir/CheckFunctionExists.c.o   -c /usr/share/cmake-3.16/Modules/CheckFunctionExists.c
Linking C executable cmTC_b545c
/usr/bin/cmake -E cmake_link_script CMakeFiles/cmTC_b545c.dir/link.txt --verbose=1
/usr/bin/cc  -DCHECK_FUNCTION_EXISTS=pthread_create    -rdynamic CMakeFiles/cmTC_b545c.dir/CheckFunctionExists.c.o  -o cmTC_b545c  -lpthreads 
/usr/bin/ld: 找不到 -lpthreads
collect2: error: ld returned 1 exit status
make[1]: *** [CMakeFiles/cmTC_b545c.dir/build.make:87：cmTC_b545c] 错误 1
make[1]: 离开目录“/home/rm/catkin_livox_ros_driver2/src/IST_2025_sentry/build/CMakeFiles/CMakeTmp”
make: *** [Makefile:121：cmTC_b545c/fast] 错误 2



Performing C SOURCE FILE Test CMAKE_HAVE_LIBC_PTHREAD failed with the following output:
Change Dir: /home/rm/catkin_livox_ros_driver2/src/IST_2025_sentry/build/CMakeFiles/CMakeTmp

Run Build Command(s):/usr/bin/make cmTC_d84d0/fast && /usr/bin/make -f CMakeFiles/cmTC_d84d0.dir/build.make CMakeFiles/cmTC_d84d0.dir/build
make[1]: 进入目录“/home/rm/catkin_livox_ros_driver2/src/IST_2025_sentry/build/CMakeFiles/CMakeTmp”
Building C object CMakeFiles/cmTC_d84d0.dir/src.c.o
/usr/bin/cc   -DCMAKE_HAVE_LIBC_PTHREAD   -o CMakeFiles/cmTC_d84d0.dir/src.c.o   -c /home/rm/catkin_livox_ros_driver2/src/IST_2025_sentry/build/CMakeFiles/CMakeTmp/src.c
Linking C executable cmTC_d84d0
/usr/bin/cmake -E cmake_link_script CMakeFiles/cmTC_d84d0.dir/link.txt --verbose=1
/usr/bin/cc  -DCMAKE_HAVE_LIBC_PTHREAD    -rdynamic CMakeFiles/cmTC_d84d0.dir/src.c.o  -o cmTC_d84d0 
/usr/bin/ld: CMakeFiles/cmTC_d84d0.dir/src.c.o: in function `main':
src.c:(.text+0x46): undefined reference to `pthread_create'
/usr/bin/ld: src.c:(.text+0x52): undefined reference to `pthread_detach'
/usr/bin/ld: src.c:(.text+0x63): undefined reference to `pthread_join'
collect2: error: ld returned 1 exit status
make[1]: *** [CMakeFiles/cmTC_d84d0.dir/build.make:87：cmTC_d84d0] 错误 1
make[1]: 离开目录“/home/rm/catkin_livox_ros_driver2/src/IST_2025_sentry/build/CMakeFiles/CMakeTmp”
make: *** [Makefile:121：cmTC_d84d0/fast] 错误 2


Source file was:
#include <pthread.h>

void* test_func(void* data)
{
  return data;
}

int main(void)
{
  pthread_t thread;
  pthread_create(&thread, NULL, test_func, NULL);
  pthread_detach(thread);
  pthread_join(thread, NULL);
  pthread_atfork(NULL, NULL, NULL);
  pthread_exit(NULL);

  return 0;
}

Determining if the function pthread_create exists in the pthreads failed with the following output:
Change Dir: /home/rm/catkin_livox_ros_driver2/src/IST_2025_sentry/build/CMakeFiles/CMakeTmp

Run Build Command(s):/usr/bin/make cmTC_f85c6/fast && /usr/bin/make -f CMakeFiles/cmTC_f85c6.dir/build.make CMakeFiles/cmTC_f85c6.dir/build
make[1]: 进入目录“/home/rm/catkin_livox_ros_driver2/src/IST_2025_sentry/build/CMakeFiles/CMakeTmp”
Building C object CMakeFiles/cmTC_f85c6.dir/CheckFunctionExists.c.o
/usr/bin/cc   -DCHECK_FUNCTION_EXISTS=pthread_create   -o CMakeFiles/cmTC_f85c6.dir/CheckFunctionExists.c.o   -c /usr/share/cmake-3.16/Modules/CheckFunctionExists.c
Linking C executable cmTC_f85c6
/usr/bin/cmake -E cmake_link_script CMakeFiles/cmTC_f85c6.dir/link.txt --verbose=1
/usr/bin/cc  -DCHECK_FUNCTION_EXISTS=pthread_create    -rdynamic CMakeFiles/cmTC_f85c6.dir/CheckFunctionExists.c.o  -o cmTC_f85c6  -lpthreads 
/usr/bin/ld: 找不到 -lpthreads
collect2: error: ld returned 1 exit status
make[1]: *** [CMakeFiles/cmTC_f85c6.dir/build.make:87：cmTC_f85c6] 错误 1
make[1]: 离开目录“/home/rm/catkin_livox_ros_driver2/src/IST_2025_sentry/build/CMakeFiles/CMakeTmp”
make: *** [Makefile:121：cmTC_f85c6/fast] 错误 2



Performing C SOURCE FILE Test CMAKE_HAVE_LIBC_PTHREAD failed with the following output:
Change Dir: /home/rm/catkin_livox_ros_driver2/src/IST_2025_sentry/build/CMakeFiles/CMakeTmp

Run Build Command(s):/usr/bin/make cmTC_a002a/fast && /usr/bin/make -f CMakeFiles/cmTC_a002a.dir/build.make CMakeFiles/cmTC_a002a.dir/build
make[1]: 进入目录“/home/rm/catkin_livox_ros_driver2/src/IST_2025_sentry/build/CMakeFiles/CMakeTmp”
Building C object CMakeFiles/cmTC_a002a.dir/src.c.o
/usr/bin/cc   -DCMAKE_HAVE_LIBC_PTHREAD   -o CMakeFiles/cmTC_a002a.dir/src.c.o   -c /home/rm/catkin_livox_ros_driver2/src/IST_2025_sentry/build/CMakeFiles/CMakeTmp/src.c
Linking C executable cmTC_a002a
/usr/bin/cmake -E cmake_link_script CMakeFiles/cmTC_a002a.dir/link.txt --verbose=1
/usr/bin/cc  -DCMAKE_HAVE_LIBC_PTHREAD    -rdynamic CMakeFiles/cmTC_a002a.dir/src.c.o  -o cmTC_a002a 
/usr/bin/ld: CMakeFiles/cmTC_a002a.dir/src.c.o: in function `main':
src.c:(.text+0x46): undefined reference to `pthread_create'
/usr/bin/ld: src.c:(.text+0x52): undefined reference to `pthread_detach'
/usr/bin/ld: src.c:(.text+0x63): undefined reference to `pthread_join'
collect2: error: ld returned 1 exit status
make[1]: *** [CMakeFiles/cmTC_a002a.dir/build.make:87：cmTC_a002a] 错误 1
make[1]: 离开目录“/home/rm/catkin_livox_ros_driver2/src/IST_2025_sentry/build/CMakeFiles/CMakeTmp”
make: *** [Makefile:121：cmTC_a002a/fast] 错误 2


Source file was:
#include <pthread.h>

void* test_func(void* data)
{
  return data;
}

int main(void)
{
  pthread_t thread;
  pthread_create(&thread, NULL, test_func, NULL);
  pthread_detach(thread);
  pthread_join(thread, NULL);
  pthread_atfork(NULL, NULL, NULL);
  pthread_exit(NULL);

  return 0;
}

Determining if the function pthread_create exists in the pthreads failed with the following output:
Change Dir: /home/rm/catkin_livox_ros_driver2/src/IST_2025_sentry/build/CMakeFiles/CMakeTmp

Run Build Command(s):/usr/bin/make cmTC_1acc2/fast && /usr/bin/make -f CMakeFiles/cmTC_1acc2.dir/build.make CMakeFiles/cmTC_1acc2.dir/build
make[1]: 进入目录“/home/rm/catkin_livox_ros_driver2/src/IST_2025_sentry/build/CMakeFiles/CMakeTmp”
Building C object CMakeFiles/cmTC_1acc2.dir/CheckFunctionExists.c.o
/usr/bin/cc   -DCHECK_FUNCTION_EXISTS=pthread_create   -o CMakeFiles/cmTC_1acc2.dir/CheckFunctionExists.c.o   -c /usr/share/cmake-3.16/Modules/CheckFunctionExists.c
Linking C executable cmTC_1acc2
/usr/bin/cmake -E cmake_link_script CMakeFiles/cmTC_1acc2.dir/link.txt --verbose=1
/usr/bin/cc  -DCHECK_FUNCTION_EXISTS=pthread_create    -rdynamic CMakeFiles/cmTC_1acc2.dir/CheckFunctionExists.c.o  -o cmTC_1acc2  -lpthreads 
/usr/bin/ld: 找不到 -lpthreads
collect2: error: ld returned 1 exit status
make[1]: *** [CMakeFiles/cmTC_1acc2.dir/build.make:87：cmTC_1acc2] 错误 1
make[1]: 离开目录“/home/rm/catkin_livox_ros_driver2/src/IST_2025_sentry/build/CMakeFiles/CMakeTmp”
make: *** [Makefile:121：cmTC_1acc2/fast] 错误 2



Performing C SOURCE FILE Test CMAKE_HAVE_LIBC_PTHREAD failed with the following output:
Change Dir: /home/rm/catkin_livox_ros_driver2/src/IST_2025_sentry/build/CMakeFiles/CMakeTmp

Run Build Command(s):/usr/bin/make cmTC_0cc3b/fast && /usr/bin/make -f CMakeFiles/cmTC_0cc3b.dir/build.make CMakeFiles/cmTC_0cc3b.dir/build
make[1]: 进入目录“/home/rm/catkin_livox_ros_driver2/src/IST_2025_sentry/build/CMakeFiles/CMakeTmp”
Building C object CMakeFiles/cmTC_0cc3b.dir/src.c.o
/usr/bin/cc   -DCMAKE_HAVE_LIBC_PTHREAD   -o CMakeFiles/cmTC_0cc3b.dir/src.c.o   -c /home/rm/catkin_livox_ros_driver2/src/IST_2025_sentry/build/CMakeFiles/CMakeTmp/src.c
Linking C executable cmTC_0cc3b
/usr/bin/cmake -E cmake_link_script CMakeFiles/cmTC_0cc3b.dir/link.txt --verbose=1
/usr/bin/cc  -DCMAKE_HAVE_LIBC_PTHREAD    -rdynamic CMakeFiles/cmTC_0cc3b.dir/src.c.o  -o cmTC_0cc3b 
/usr/bin/ld: CMakeFiles/cmTC_0cc3b.dir/src.c.o: in function `main':
src.c:(.text+0x46): undefined reference to `pthread_create'
/usr/bin/ld: src.c:(.text+0x52): undefined reference to `pthread_detach'
/usr/bin/ld: src.c:(.text+0x63): undefined reference to `pthread_join'
collect2: error: ld returned 1 exit status
make[1]: *** [CMakeFiles/cmTC_0cc3b.dir/build.make:87：cmTC_0cc3b] 错误 1
make[1]: 离开目录“/home/rm/catkin_livox_ros_driver2/src/IST_2025_sentry/build/CMakeFiles/CMakeTmp”
make: *** [Makefile:121：cmTC_0cc3b/fast] 错误 2


Source file was:
#include <pthread.h>

void* test_func(void* data)
{
  return data;
}

int main(void)
{
  pthread_t thread;
  pthread_create(&thread, NULL, test_func, NULL);
  pthread_detach(thread);
  pthread_join(thread, NULL);
  pthread_atfork(NULL, NULL, NULL);
  pthread_exit(NULL);

  return 0;
}

Determining if the function pthread_create exists in the pthreads failed with the following output:
Change Dir: /home/rm/catkin_livox_ros_driver2/src/IST_2025_sentry/build/CMakeFiles/CMakeTmp

Run Build Command(s):/usr/bin/make cmTC_62c84/fast && /usr/bin/make -f CMakeFiles/cmTC_62c84.dir/build.make CMakeFiles/cmTC_62c84.dir/build
make[1]: 进入目录“/home/rm/catkin_livox_ros_driver2/src/IST_2025_sentry/build/CMakeFiles/CMakeTmp”
Building C object CMakeFiles/cmTC_62c84.dir/CheckFunctionExists.c.o
/usr/bin/cc   -DCHECK_FUNCTION_EXISTS=pthread_create   -o CMakeFiles/cmTC_62c84.dir/CheckFunctionExists.c.o   -c /usr/share/cmake-3.16/Modules/CheckFunctionExists.c
Linking C executable cmTC_62c84
/usr/bin/cmake -E cmake_link_script CMakeFiles/cmTC_62c84.dir/link.txt --verbose=1
/usr/bin/cc  -DCHECK_FUNCTION_EXISTS=pthread_create    -rdynamic CMakeFiles/cmTC_62c84.dir/CheckFunctionExists.c.o  -o cmTC_62c84  -lpthreads 
/usr/bin/ld: 找不到 -lpthreads
collect2: error: ld returned 1 exit status
make[1]: *** [CMakeFiles/cmTC_62c84.dir/build.make:87：cmTC_62c84] 错误 1
make[1]: 离开目录“/home/rm/catkin_livox_ros_driver2/src/IST_2025_sentry/build/CMakeFiles/CMakeTmp”
make: *** [Makefile:121：cmTC_62c84/fast] 错误 2



Performing C SOURCE FILE Test CMAKE_HAVE_LIBC_PTHREAD failed with the following output:
Change Dir: /home/rm/catkin_livox_ros_driver2/src/IST_2025_sentry/build/CMakeFiles/CMakeTmp

Run Build Command(s):/usr/bin/make cmTC_af8be/fast && /usr/bin/make -f CMakeFiles/cmTC_af8be.dir/build.make CMakeFiles/cmTC_af8be.dir/build
make[1]: 进入目录“/home/rm/catkin_livox_ros_driver2/src/IST_2025_sentry/build/CMakeFiles/CMakeTmp”
Building C object CMakeFiles/cmTC_af8be.dir/src.c.o
/usr/bin/cc   -DCMAKE_HAVE_LIBC_PTHREAD   -o CMakeFiles/cmTC_af8be.dir/src.c.o   -c /home/rm/catkin_livox_ros_driver2/src/IST_2025_sentry/build/CMakeFiles/CMakeTmp/src.c
Linking C executable cmTC_af8be
/usr/bin/cmake -E cmake_link_script CMakeFiles/cmTC_af8be.dir/link.txt --verbose=1
/usr/bin/cc  -DCMAKE_HAVE_LIBC_PTHREAD    -rdynamic CMakeFiles/cmTC_af8be.dir/src.c.o  -o cmTC_af8be 
/usr/bin/ld: CMakeFiles/cmTC_af8be.dir/src.c.o: in function `main':
src.c:(.text+0x46): undefined reference to `pthread_create'
/usr/bin/ld: src.c:(.text+0x52): undefined reference to `pthread_detach'
/usr/bin/ld: src.c:(.text+0x63): undefined reference to `pthread_join'
collect2: error: ld returned 1 exit status
make[1]: *** [CMakeFiles/cmTC_af8be.dir/build.make:87：cmTC_af8be] 错误 1
make[1]: 离开目录“/home/rm/catkin_livox_ros_driver2/src/IST_2025_sentry/build/CMakeFiles/CMakeTmp”
make: *** [Makefile:121：cmTC_af8be/fast] 错误 2


Source file was:
#include <pthread.h>

void* test_func(void* data)
{
  return data;
}

int main(void)
{
  pthread_t thread;
  pthread_create(&thread, NULL, test_func, NULL);
  pthread_detach(thread);
  pthread_join(thread, NULL);
  pthread_atfork(NULL, NULL, NULL);
  pthread_exit(NULL);

  return 0;
}

Determining if the function pthread_create exists in the pthreads failed with the following output:
Change Dir: /home/rm/catkin_livox_ros_driver2/src/IST_2025_sentry/build/CMakeFiles/CMakeTmp

Run Build Command(s):/usr/bin/make cmTC_7df4c/fast && /usr/bin/make -f CMakeFiles/cmTC_7df4c.dir/build.make CMakeFiles/cmTC_7df4c.dir/build
make[1]: 进入目录“/home/rm/catkin_livox_ros_driver2/src/IST_2025_sentry/build/CMakeFiles/CMakeTmp”
Building C object CMakeFiles/cmTC_7df4c.dir/CheckFunctionExists.c.o
/usr/bin/cc   -DCHECK_FUNCTION_EXISTS=pthread_create   -o CMakeFiles/cmTC_7df4c.dir/CheckFunctionExists.c.o   -c /usr/share/cmake-3.16/Modules/CheckFunctionExists.c
Linking C executable cmTC_7df4c
/usr/bin/cmake -E cmake_link_script CMakeFiles/cmTC_7df4c.dir/link.txt --verbose=1
/usr/bin/cc  -DCHECK_FUNCTION_EXISTS=pthread_create    -rdynamic CMakeFiles/cmTC_7df4c.dir/CheckFunctionExists.c.o  -o cmTC_7df4c  -lpthreads 
/usr/bin/ld: 找不到 -lpthreads
collect2: error: ld returned 1 exit status
make[1]: *** [CMakeFiles/cmTC_7df4c.dir/build.make:87：cmTC_7df4c] 错误 1
make[1]: 离开目录“/home/rm/catkin_livox_ros_driver2/src/IST_2025_sentry/build/CMakeFiles/CMakeTmp”
make: *** [Makefile:121：cmTC_7df4c/fast] 错误 2



Performing C SOURCE FILE Test CMAKE_HAVE_LIBC_PTHREAD failed with the following output:
Change Dir: /home/rm/catkin_livox_ros_driver2/src/IST_2025_sentry/build/CMakeFiles/CMakeTmp

Run Build Command(s):/usr/bin/make cmTC_8ce1a/fast && /usr/bin/make -f CMakeFiles/cmTC_8ce1a.dir/build.make CMakeFiles/cmTC_8ce1a.dir/build
make[1]: 进入目录“/home/rm/catkin_livox_ros_driver2/src/IST_2025_sentry/build/CMakeFiles/CMakeTmp”
Building C object CMakeFiles/cmTC_8ce1a.dir/src.c.o
/usr/bin/cc   -DCMAKE_HAVE_LIBC_PTHREAD   -o CMakeFiles/cmTC_8ce1a.dir/src.c.o   -c /home/rm/catkin_livox_ros_driver2/src/IST_2025_sentry/build/CMakeFiles/CMakeTmp/src.c
Linking C executable cmTC_8ce1a
/usr/bin/cmake -E cmake_link_script CMakeFiles/cmTC_8ce1a.dir/link.txt --verbose=1
/usr/bin/cc  -DCMAKE_HAVE_LIBC_PTHREAD    -rdynamic CMakeFiles/cmTC_8ce1a.dir/src.c.o  -o cmTC_8ce1a 
/usr/bin/ld: CMakeFiles/cmTC_8ce1a.dir/src.c.o: in function `main':
src.c:(.text+0x46): undefined reference to `pthread_create'
/usr/bin/ld: src.c:(.text+0x52): undefined reference to `pthread_detach'
/usr/bin/ld: src.c:(.text+0x63): undefined reference to `pthread_join'
collect2: error: ld returned 1 exit status
make[1]: *** [CMakeFiles/cmTC_8ce1a.dir/build.make:87：cmTC_8ce1a] 错误 1
make[1]: 离开目录“/home/rm/catkin_livox_ros_driver2/src/IST_2025_sentry/build/CMakeFiles/CMakeTmp”
make: *** [Makefile:121：cmTC_8ce1a/fast] 错误 2


Source file was:
#include <pthread.h>

void* test_func(void* data)
{
  return data;
}

int main(void)
{
  pthread_t thread;
  pthread_create(&thread, NULL, test_func, NULL);
  pthread_detach(thread);
  pthread_join(thread, NULL);
  pthread_atfork(NULL, NULL, NULL);
  pthread_exit(NULL);

  return 0;
}

Determining if the function pthread_create exists in the pthreads failed with the following output:
Change Dir: /home/rm/catkin_livox_ros_driver2/src/IST_2025_sentry/build/CMakeFiles/CMakeTmp

Run Build Command(s):/usr/bin/make cmTC_d81f8/fast && /usr/bin/make -f CMakeFiles/cmTC_d81f8.dir/build.make CMakeFiles/cmTC_d81f8.dir/build
make[1]: 进入目录“/home/rm/catkin_livox_ros_driver2/src/IST_2025_sentry/build/CMakeFiles/CMakeTmp”
Building C object CMakeFiles/cmTC_d81f8.dir/CheckFunctionExists.c.o
/usr/bin/cc   -DCHECK_FUNCTION_EXISTS=pthread_create   -o CMakeFiles/cmTC_d81f8.dir/CheckFunctionExists.c.o   -c /usr/share/cmake-3.16/Modules/CheckFunctionExists.c
Linking C executable cmTC_d81f8
/usr/bin/cmake -E cmake_link_script CMakeFiles/cmTC_d81f8.dir/link.txt --verbose=1
/usr/bin/cc  -DCHECK_FUNCTION_EXISTS=pthread_create    -rdynamic CMakeFiles/cmTC_d81f8.dir/CheckFunctionExists.c.o  -o cmTC_d81f8  -lpthreads 
/usr/bin/ld: 找不到 -lpthreads
collect2: error: ld returned 1 exit status
make[1]: *** [CMakeFiles/cmTC_d81f8.dir/build.make:87：cmTC_d81f8] 错误 1
make[1]: 离开目录“/home/rm/catkin_livox_ros_driver2/src/IST_2025_sentry/build/CMakeFiles/CMakeTmp”
make: *** [Makefile:121：cmTC_d81f8/fast] 错误 2



Performing C SOURCE FILE Test CMAKE_HAVE_LIBC_PTHREAD failed with the following output:
Change Dir: /home/rm/catkin_livox_ros_driver2/src/IST_2025_sentry/build/CMakeFiles/CMakeTmp

Run Build Command(s):/usr/bin/make cmTC_d9410/fast && /usr/bin/make -f CMakeFiles/cmTC_d9410.dir/build.make CMakeFiles/cmTC_d9410.dir/build
make[1]: 进入目录“/home/rm/catkin_livox_ros_driver2/src/IST_2025_sentry/build/CMakeFiles/CMakeTmp”
Building C object CMakeFiles/cmTC_d9410.dir/src.c.o
/usr/bin/cc   -DCMAKE_HAVE_LIBC_PTHREAD   -o CMakeFiles/cmTC_d9410.dir/src.c.o   -c /home/rm/catkin_livox_ros_driver2/src/IST_2025_sentry/build/CMakeFiles/CMakeTmp/src.c
Linking C executable cmTC_d9410
/usr/bin/cmake -E cmake_link_script CMakeFiles/cmTC_d9410.dir/link.txt --verbose=1
/usr/bin/cc  -DCMAKE_HAVE_LIBC_PTHREAD    -rdynamic CMakeFiles/cmTC_d9410.dir/src.c.o  -o cmTC_d9410 
/usr/bin/ld: CMakeFiles/cmTC_d9410.dir/src.c.o: in function `main':
src.c:(.text+0x46): undefined reference to `pthread_create'
/usr/bin/ld: src.c:(.text+0x52): undefined reference to `pthread_detach'
/usr/bin/ld: src.c:(.text+0x63): undefined reference to `pthread_join'
collect2: error: ld returned 1 exit status
make[1]: *** [CMakeFiles/cmTC_d9410.dir/build.make:87：cmTC_d9410] 错误 1
make[1]: 离开目录“/home/rm/catkin_livox_ros_driver2/src/IST_2025_sentry/build/CMakeFiles/CMakeTmp”
make: *** [Makefile:121：cmTC_d9410/fast] 错误 2


Source file was:
#include <pthread.h>

void* test_func(void* data)
{
  return data;
}

int main(void)
{
  pthread_t thread;
  pthread_create(&thread, NULL, test_func, NULL);
  pthread_detach(thread);
  pthread_join(thread, NULL);
  pthread_atfork(NULL, NULL, NULL);
  pthread_exit(NULL);

  return 0;
}

Determining if the function pthread_create exists in the pthreads failed with the following output:
Change Dir: /home/rm/catkin_livox_ros_driver2/src/IST_2025_sentry/build/CMakeFiles/CMakeTmp

Run Build Command(s):/usr/bin/make cmTC_e4663/fast && /usr/bin/make -f CMakeFiles/cmTC_e4663.dir/build.make CMakeFiles/cmTC_e4663.dir/build
make[1]: 进入目录“/home/rm/catkin_livox_ros_driver2/src/IST_2025_sentry/build/CMakeFiles/CMakeTmp”
Building C object CMakeFiles/cmTC_e4663.dir/CheckFunctionExists.c.o
/usr/bin/cc   -DCHECK_FUNCTION_EXISTS=pthread_create   -o CMakeFiles/cmTC_e4663.dir/CheckFunctionExists.c.o   -c /usr/share/cmake-3.16/Modules/CheckFunctionExists.c
Linking C executable cmTC_e4663
/usr/bin/cmake -E cmake_link_script CMakeFiles/cmTC_e4663.dir/link.txt --verbose=1
/usr/bin/cc  -DCHECK_FUNCTION_EXISTS=pthread_create    -rdynamic CMakeFiles/cmTC_e4663.dir/CheckFunctionExists.c.o  -o cmTC_e4663  -lpthreads 
/usr/bin/ld: 找不到 -lpthreads
collect2: error: ld returned 1 exit status
make[1]: *** [CMakeFiles/cmTC_e4663.dir/build.make:87：cmTC_e4663] 错误 1
make[1]: 离开目录“/home/rm/catkin_livox_ros_driver2/src/IST_2025_sentry/build/CMakeFiles/CMakeTmp”
make: *** [Makefile:121：cmTC_e4663/fast] 错误 2



Performing C SOURCE FILE Test CMAKE_HAVE_LIBC_PTHREAD failed with the following output:
Change Dir: /home/rm/catkin_livox_ros_driver2/src/IST_2025_sentry/build/CMakeFiles/CMakeTmp

Run Build Command(s):/usr/bin/make cmTC_9b48e/fast && /usr/bin/make -f CMakeFiles/cmTC_9b48e.dir/build.make CMakeFiles/cmTC_9b48e.dir/build
make[1]: 进入目录“/home/rm/catkin_livox_ros_driver2/src/IST_2025_sentry/build/CMakeFiles/CMakeTmp”
Building C object CMakeFiles/cmTC_9b48e.dir/src.c.o
/usr/bin/cc   -DCMAKE_HAVE_LIBC_PTHREAD   -o CMakeFiles/cmTC_9b48e.dir/src.c.o   -c /home/rm/catkin_livox_ros_driver2/src/IST_2025_sentry/build/CMakeFiles/CMakeTmp/src.c
Linking C executable cmTC_9b48e
/usr/bin/cmake -E cmake_link_script CMakeFiles/cmTC_9b48e.dir/link.txt --verbose=1
/usr/bin/cc  -DCMAKE_HAVE_LIBC_PTHREAD    -rdynamic CMakeFiles/cmTC_9b48e.dir/src.c.o  -o cmTC_9b48e 
/usr/bin/ld: CMakeFiles/cmTC_9b48e.dir/src.c.o: in function `main':
src.c:(.text+0x46): undefined reference to `pthread_create'
/usr/bin/ld: src.c:(.text+0x52): undefined reference to `pthread_detach'
/usr/bin/ld: src.c:(.text+0x63): undefined reference to `pthread_join'
collect2: error: ld returned 1 exit status
make[1]: *** [CMakeFiles/cmTC_9b48e.dir/build.make:87：cmTC_9b48e] 错误 1
make[1]: 离开目录“/home/rm/catkin_livox_ros_driver2/src/IST_2025_sentry/build/CMakeFiles/CMakeTmp”
make: *** [Makefile:121：cmTC_9b48e/fast] 错误 2


Source file was:
#include <pthread.h>

void* test_func(void* data)
{
  return data;
}

int main(void)
{
  pthread_t thread;
  pthread_create(&thread, NULL, test_func, NULL);
  pthread_detach(thread);
  pthread_join(thread, NULL);
  pthread_atfork(NULL, NULL, NULL);
  pthread_exit(NULL);

  return 0;
}

Determining if the function pthread_create exists in the pthreads failed with the following output:
Change Dir: /home/rm/catkin_livox_ros_driver2/src/IST_2025_sentry/build/CMakeFiles/CMakeTmp

Run Build Command(s):/usr/bin/make cmTC_14140/fast && /usr/bin/make -f CMakeFiles/cmTC_14140.dir/build.make CMakeFiles/cmTC_14140.dir/build
make[1]: 进入目录“/home/rm/catkin_livox_ros_driver2/src/IST_2025_sentry/build/CMakeFiles/CMakeTmp”
Building C object CMakeFiles/cmTC_14140.dir/CheckFunctionExists.c.o
/usr/bin/cc   -DCHECK_FUNCTION_EXISTS=pthread_create   -o CMakeFiles/cmTC_14140.dir/CheckFunctionExists.c.o   -c /usr/share/cmake-3.16/Modules/CheckFunctionExists.c
Linking C executable cmTC_14140
/usr/bin/cmake -E cmake_link_script CMakeFiles/cmTC_14140.dir/link.txt --verbose=1
/usr/bin/cc  -DCHECK_FUNCTION_EXISTS=pthread_create    -rdynamic CMakeFiles/cmTC_14140.dir/CheckFunctionExists.c.o  -o cmTC_14140  -lpthreads 
/usr/bin/ld: 找不到 -lpthreads
collect2: error: ld returned 1 exit status
make[1]: *** [CMakeFiles/cmTC_14140.dir/build.make:87：cmTC_14140] 错误 1
make[1]: 离开目录“/home/rm/catkin_livox_ros_driver2/src/IST_2025_sentry/build/CMakeFiles/CMakeTmp”
make: *** [Makefile:121：cmTC_14140/fast] 错误 2



Performing C SOURCE FILE Test CMAKE_HAVE_LIBC_PTHREAD failed with the following output:
Change Dir: /home/rm/catkin_livox_ros_driver2/src/IST_2025_sentry/build/CMakeFiles/CMakeTmp

Run Build Command(s):/usr/bin/make cmTC_e0346/fast && /usr/bin/make -f CMakeFiles/cmTC_e0346.dir/build.make CMakeFiles/cmTC_e0346.dir/build
make[1]: 进入目录“/home/rm/catkin_livox_ros_driver2/src/IST_2025_sentry/build/CMakeFiles/CMakeTmp”
Building C object CMakeFiles/cmTC_e0346.dir/src.c.o
/usr/bin/cc   -DCMAKE_HAVE_LIBC_PTHREAD   -o CMakeFiles/cmTC_e0346.dir/src.c.o   -c /home/rm/catkin_livox_ros_driver2/src/IST_2025_sentry/build/CMakeFiles/CMakeTmp/src.c
Linking C executable cmTC_e0346
/usr/bin/cmake -E cmake_link_script CMakeFiles/cmTC_e0346.dir/link.txt --verbose=1
/usr/bin/cc  -DCMAKE_HAVE_LIBC_PTHREAD    -rdynamic CMakeFiles/cmTC_e0346.dir/src.c.o  -o cmTC_e0346 
/usr/bin/ld: CMakeFiles/cmTC_e0346.dir/src.c.o: in function `main':
src.c:(.text+0x46): undefined reference to `pthread_create'
/usr/bin/ld: src.c:(.text+0x52): undefined reference to `pthread_detach'
/usr/bin/ld: src.c:(.text+0x63): undefined reference to `pthread_join'
collect2: error: ld returned 1 exit status
make[1]: *** [CMakeFiles/cmTC_e0346.dir/build.make:87：cmTC_e0346] 错误 1
make[1]: 离开目录“/home/rm/catkin_livox_ros_driver2/src/IST_2025_sentry/build/CMakeFiles/CMakeTmp”
make: *** [Makefile:121：cmTC_e0346/fast] 错误 2


Source file was:
#include <pthread.h>

void* test_func(void* data)
{
  return data;
}

int main(void)
{
  pthread_t thread;
  pthread_create(&thread, NULL, test_func, NULL);
  pthread_detach(thread);
  pthread_join(thread, NULL);
  pthread_atfork(NULL, NULL, NULL);
  pthread_exit(NULL);

  return 0;
}

Determining if the function pthread_create exists in the pthreads failed with the following output:
Change Dir: /home/rm/catkin_livox_ros_driver2/src/IST_2025_sentry/build/CMakeFiles/CMakeTmp

Run Build Command(s):/usr/bin/make cmTC_d2f29/fast && /usr/bin/make -f CMakeFiles/cmTC_d2f29.dir/build.make CMakeFiles/cmTC_d2f29.dir/build
make[1]: 进入目录“/home/rm/catkin_livox_ros_driver2/src/IST_2025_sentry/build/CMakeFiles/CMakeTmp”
Building C object CMakeFiles/cmTC_d2f29.dir/CheckFunctionExists.c.o
/usr/bin/cc   -DCHECK_FUNCTION_EXISTS=pthread_create   -o CMakeFiles/cmTC_d2f29.dir/CheckFunctionExists.c.o   -c /usr/share/cmake-3.16/Modules/CheckFunctionExists.c
Linking C executable cmTC_d2f29
/usr/bin/cmake -E cmake_link_script CMakeFiles/cmTC_d2f29.dir/link.txt --verbose=1
/usr/bin/cc  -DCHECK_FUNCTION_EXISTS=pthread_create    -rdynamic CMakeFiles/cmTC_d2f29.dir/CheckFunctionExists.c.o  -o cmTC_d2f29  -lpthreads 
/usr/bin/ld: 找不到 -lpthreads
collect2: error: ld returned 1 exit status
make[1]: *** [CMakeFiles/cmTC_d2f29.dir/build.make:87：cmTC_d2f29] 错误 1
make[1]: 离开目录“/home/rm/catkin_livox_ros_driver2/src/IST_2025_sentry/build/CMakeFiles/CMakeTmp”
make: *** [Makefile:121：cmTC_d2f29/fast] 错误 2



Performing C SOURCE FILE Test CMAKE_HAVE_LIBC_PTHREAD failed with the following output:
Change Dir: /home/rm/catkin_livox_ros_driver2/src/IST_2025_sentry/build/CMakeFiles/CMakeTmp

Run Build Command(s):/usr/bin/make cmTC_1b55c/fast && /usr/bin/make -f CMakeFiles/cmTC_1b55c.dir/build.make CMakeFiles/cmTC_1b55c.dir/build
make[1]: 进入目录“/home/rm/catkin_livox_ros_driver2/src/IST_2025_sentry/build/CMakeFiles/CMakeTmp”
Building C object CMakeFiles/cmTC_1b55c.dir/src.c.o
/usr/bin/cc   -DCMAKE_HAVE_LIBC_PTHREAD   -o CMakeFiles/cmTC_1b55c.dir/src.c.o   -c /home/rm/catkin_livox_ros_driver2/src/IST_2025_sentry/build/CMakeFiles/CMakeTmp/src.c
Linking C executable cmTC_1b55c
/usr/bin/cmake -E cmake_link_script CMakeFiles/cmTC_1b55c.dir/link.txt --verbose=1
/usr/bin/cc  -DCMAKE_HAVE_LIBC_PTHREAD    -rdynamic CMakeFiles/cmTC_1b55c.dir/src.c.o  -o cmTC_1b55c 
/usr/bin/ld: CMakeFiles/cmTC_1b55c.dir/src.c.o: in function `main':
src.c:(.text+0x46): undefined reference to `pthread_create'
/usr/bin/ld: src.c:(.text+0x52): undefined reference to `pthread_detach'
/usr/bin/ld: src.c:(.text+0x63): undefined reference to `pthread_join'
collect2: error: ld returned 1 exit status
make[1]: *** [CMakeFiles/cmTC_1b55c.dir/build.make:87：cmTC_1b55c] 错误 1
make[1]: 离开目录“/home/rm/catkin_livox_ros_driver2/src/IST_2025_sentry/build/CMakeFiles/CMakeTmp”
make: *** [Makefile:121：cmTC_1b55c/fast] 错误 2


Source file was:
#include <pthread.h>

void* test_func(void* data)
{
  return data;
}

int main(void)
{
  pthread_t thread;
  pthread_create(&thread, NULL, test_func, NULL);
  pthread_detach(thread);
  pthread_join(thread, NULL);
  pthread_atfork(NULL, NULL, NULL);
  pthread_exit(NULL);

  return 0;
}

Determining if the function pthread_create exists in the pthreads failed with the following output:
Change Dir: /home/rm/catkin_livox_ros_driver2/src/IST_2025_sentry/build/CMakeFiles/CMakeTmp

Run Build Command(s):/usr/bin/make cmTC_d644b/fast && /usr/bin/make -f CMakeFiles/cmTC_d644b.dir/build.make CMakeFiles/cmTC_d644b.dir/build
make[1]: 进入目录“/home/rm/catkin_livox_ros_driver2/src/IST_2025_sentry/build/CMakeFiles/CMakeTmp”
Building C object CMakeFiles/cmTC_d644b.dir/CheckFunctionExists.c.o
/usr/bin/cc   -DCHECK_FUNCTION_EXISTS=pthread_create   -o CMakeFiles/cmTC_d644b.dir/CheckFunctionExists.c.o   -c /usr/share/cmake-3.16/Modules/CheckFunctionExists.c
Linking C executable cmTC_d644b
/usr/bin/cmake -E cmake_link_script CMakeFiles/cmTC_d644b.dir/link.txt --verbose=1
/usr/bin/cc  -DCHECK_FUNCTION_EXISTS=pthread_create    -rdynamic CMakeFiles/cmTC_d644b.dir/CheckFunctionExists.c.o  -o cmTC_d644b  -lpthreads 
/usr/bin/ld: 找不到 -lpthreads
collect2: error: ld returned 1 exit status
make[1]: *** [CMakeFiles/cmTC_d644b.dir/build.make:87：cmTC_d644b] 错误 1
make[1]: 离开目录“/home/rm/catkin_livox_ros_driver2/src/IST_2025_sentry/build/CMakeFiles/CMakeTmp”
make: *** [Makefile:121：cmTC_d644b/fast] 错误 2



Performing C SOURCE FILE Test CMAKE_HAVE_LIBC_PTHREAD failed with the following output:
Change Dir: /home/rm/catkin_livox_ros_driver2/src/IST_2025_sentry/build/CMakeFiles/CMakeTmp

Run Build Command(s):/usr/bin/make cmTC_5318f/fast && /usr/bin/make -f CMakeFiles/cmTC_5318f.dir/build.make CMakeFiles/cmTC_5318f.dir/build
make[1]: 进入目录“/home/rm/catkin_livox_ros_driver2/src/IST_2025_sentry/build/CMakeFiles/CMakeTmp”
Building C object CMakeFiles/cmTC_5318f.dir/src.c.o
/usr/bin/cc   -DCMAKE_HAVE_LIBC_PTHREAD   -o CMakeFiles/cmTC_5318f.dir/src.c.o   -c /home/rm/catkin_livox_ros_driver2/src/IST_2025_sentry/build/CMakeFiles/CMakeTmp/src.c
Linking C executable cmTC_5318f
/usr/bin/cmake -E cmake_link_script CMakeFiles/cmTC_5318f.dir/link.txt --verbose=1
/usr/bin/cc  -DCMAKE_HAVE_LIBC_PTHREAD    -rdynamic CMakeFiles/cmTC_5318f.dir/src.c.o  -o cmTC_5318f 
/usr/bin/ld: CMakeFiles/cmTC_5318f.dir/src.c.o: in function `main':
src.c:(.text+0x46): undefined reference to `pthread_create'
/usr/bin/ld: src.c:(.text+0x52): undefined reference to `pthread_detach'
/usr/bin/ld: src.c:(.text+0x63): undefined reference to `pthread_join'
collect2: error: ld returned 1 exit status
make[1]: *** [CMakeFiles/cmTC_5318f.dir/build.make:87：cmTC_5318f] 错误 1
make[1]: 离开目录“/home/rm/catkin_livox_ros_driver2/src/IST_2025_sentry/build/CMakeFiles/CMakeTmp”
make: *** [Makefile:121：cmTC_5318f/fast] 错误 2


Source file was:
#include <pthread.h>

void* test_func(void* data)
{
  return data;
}

int main(void)
{
  pthread_t thread;
  pthread_create(&thread, NULL, test_func, NULL);
  pthread_detach(thread);
  pthread_join(thread, NULL);
  pthread_atfork(NULL, NULL, NULL);
  pthread_exit(NULL);

  return 0;
}

Determining if the function pthread_create exists in the pthreads failed with the following output:
Change Dir: /home/rm/catkin_livox_ros_driver2/src/IST_2025_sentry/build/CMakeFiles/CMakeTmp

Run Build Command(s):/usr/bin/make cmTC_cd574/fast && /usr/bin/make -f CMakeFiles/cmTC_cd574.dir/build.make CMakeFiles/cmTC_cd574.dir/build
make[1]: 进入目录“/home/rm/catkin_livox_ros_driver2/src/IST_2025_sentry/build/CMakeFiles/CMakeTmp”
Building C object CMakeFiles/cmTC_cd574.dir/CheckFunctionExists.c.o
/usr/bin/cc   -DCHECK_FUNCTION_EXISTS=pthread_create   -o CMakeFiles/cmTC_cd574.dir/CheckFunctionExists.c.o   -c /usr/share/cmake-3.16/Modules/CheckFunctionExists.c
Linking C executable cmTC_cd574
/usr/bin/cmake -E cmake_link_script CMakeFiles/cmTC_cd574.dir/link.txt --verbose=1
/usr/bin/cc  -DCHECK_FUNCTION_EXISTS=pthread_create    -rdynamic CMakeFiles/cmTC_cd574.dir/CheckFunctionExists.c.o  -o cmTC_cd574  -lpthreads 
/usr/bin/ld: 找不到 -lpthreads
collect2: error: ld returned 1 exit status
make[1]: *** [CMakeFiles/cmTC_cd574.dir/build.make:87：cmTC_cd574] 错误 1
make[1]: 离开目录“/home/rm/catkin_livox_ros_driver2/src/IST_2025_sentry/build/CMakeFiles/CMakeTmp”
make: *** [Makefile:121：cmTC_cd574/fast] 错误 2



Performing C SOURCE FILE Test CMAKE_HAVE_LIBC_PTHREAD failed with the following output:
Change Dir: /home/rm/catkin_livox_ros_driver2/src/IST_2025_sentry/build/CMakeFiles/CMakeTmp

Run Build Command(s):/usr/bin/make cmTC_b9bcf/fast && /usr/bin/make -f CMakeFiles/cmTC_b9bcf.dir/build.make CMakeFiles/cmTC_b9bcf.dir/build
make[1]: 进入目录“/home/rm/catkin_livox_ros_driver2/src/IST_2025_sentry/build/CMakeFiles/CMakeTmp”
Building C object CMakeFiles/cmTC_b9bcf.dir/src.c.o
/usr/bin/cc   -DCMAKE_HAVE_LIBC_PTHREAD   -o CMakeFiles/cmTC_b9bcf.dir/src.c.o   -c /home/rm/catkin_livox_ros_driver2/src/IST_2025_sentry/build/CMakeFiles/CMakeTmp/src.c
Linking C executable cmTC_b9bcf
/usr/bin/cmake -E cmake_link_script CMakeFiles/cmTC_b9bcf.dir/link.txt --verbose=1
/usr/bin/cc  -DCMAKE_HAVE_LIBC_PTHREAD    -rdynamic CMakeFiles/cmTC_b9bcf.dir/src.c.o  -o cmTC_b9bcf 
/usr/bin/ld: CMakeFiles/cmTC_b9bcf.dir/src.c.o: in function `main':
src.c:(.text+0x46): undefined reference to `pthread_create'
/usr/bin/ld: src.c:(.text+0x52): undefined reference to `pthread_detach'
/usr/bin/ld: src.c:(.text+0x63): undefined reference to `pthread_join'
collect2: error: ld returned 1 exit status
make[1]: *** [CMakeFiles/cmTC_b9bcf.dir/build.make:87：cmTC_b9bcf] 错误 1
make[1]: 离开目录“/home/rm/catkin_livox_ros_driver2/src/IST_2025_sentry/build/CMakeFiles/CMakeTmp”
make: *** [Makefile:121：cmTC_b9bcf/fast] 错误 2


Source file was:
#include <pthread.h>

void* test_func(void* data)
{
  return data;
}

int main(void)
{
  pthread_t thread;
  pthread_create(&thread, NULL, test_func, NULL);
  pthread_detach(thread);
  pthread_join(thread, NULL);
  pthread_atfork(NULL, NULL, NULL);
  pthread_exit(NULL);

  return 0;
}

Determining if the function pthread_create exists in the pthreads failed with the following output:
Change Dir: /home/rm/catkin_livox_ros_driver2/src/IST_2025_sentry/build/CMakeFiles/CMakeTmp

Run Build Command(s):/usr/bin/make cmTC_f7d22/fast && /usr/bin/make -f CMakeFiles/cmTC_f7d22.dir/build.make CMakeFiles/cmTC_f7d22.dir/build
make[1]: 进入目录“/home/rm/catkin_livox_ros_driver2/src/IST_2025_sentry/build/CMakeFiles/CMakeTmp”
Building C object CMakeFiles/cmTC_f7d22.dir/CheckFunctionExists.c.o
/usr/bin/cc   -DCHECK_FUNCTION_EXISTS=pthread_create   -o CMakeFiles/cmTC_f7d22.dir/CheckFunctionExists.c.o   -c /usr/share/cmake-3.16/Modules/CheckFunctionExists.c
Linking C executable cmTC_f7d22
/usr/bin/cmake -E cmake_link_script CMakeFiles/cmTC_f7d22.dir/link.txt --verbose=1
/usr/bin/cc  -DCHECK_FUNCTION_EXISTS=pthread_create    -rdynamic CMakeFiles/cmTC_f7d22.dir/CheckFunctionExists.c.o  -o cmTC_f7d22  -lpthreads 
/usr/bin/ld: 找不到 -lpthreads
collect2: error: ld returned 1 exit status
make[1]: *** [CMakeFiles/cmTC_f7d22.dir/build.make:87：cmTC_f7d22] 错误 1
make[1]: 离开目录“/home/rm/catkin_livox_ros_driver2/src/IST_2025_sentry/build/CMakeFiles/CMakeTmp”
make: *** [Makefile:121：cmTC_f7d22/fast] 错误 2



Performing C SOURCE FILE Test CMAKE_HAVE_LIBC_PTHREAD failed with the following output:
Change Dir: /home/rm/catkin_livox_ros_driver2/src/IST_2025_sentry/build/CMakeFiles/CMakeTmp

Run Build Command(s):/usr/bin/make cmTC_b0c0b/fast && /usr/bin/make -f CMakeFiles/cmTC_b0c0b.dir/build.make CMakeFiles/cmTC_b0c0b.dir/build
make[1]: 进入目录“/home/rm/catkin_livox_ros_driver2/src/IST_2025_sentry/build/CMakeFiles/CMakeTmp”
Building C object CMakeFiles/cmTC_b0c0b.dir/src.c.o
/usr/bin/cc   -DCMAKE_HAVE_LIBC_PTHREAD   -o CMakeFiles/cmTC_b0c0b.dir/src.c.o   -c /home/rm/catkin_livox_ros_driver2/src/IST_2025_sentry/build/CMakeFiles/CMakeTmp/src.c
Linking C executable cmTC_b0c0b
/usr/bin/cmake -E cmake_link_script CMakeFiles/cmTC_b0c0b.dir/link.txt --verbose=1
/usr/bin/cc  -DCMAKE_HAVE_LIBC_PTHREAD    -rdynamic CMakeFiles/cmTC_b0c0b.dir/src.c.o  -o cmTC_b0c0b 
/usr/bin/ld: CMakeFiles/cmTC_b0c0b.dir/src.c.o: in function `main':
src.c:(.text+0x46): undefined reference to `pthread_create'
/usr/bin/ld: src.c:(.text+0x52): undefined reference to `pthread_detach'
/usr/bin/ld: src.c:(.text+0x63): undefined reference to `pthread_join'
collect2: error: ld returned 1 exit status
make[1]: *** [CMakeFiles/cmTC_b0c0b.dir/build.make:87：cmTC_b0c0b] 错误 1
make[1]: 离开目录“/home/rm/catkin_livox_ros_driver2/src/IST_2025_sentry/build/CMakeFiles/CMakeTmp”
make: *** [Makefile:121：cmTC_b0c0b/fast] 错误 2


Source file was:
#include <pthread.h>

void* test_func(void* data)
{
  return data;
}

int main(void)
{
  pthread_t thread;
  pthread_create(&thread, NULL, test_func, NULL);
  pthread_detach(thread);
  pthread_join(thread, NULL);
  pthread_atfork(NULL, NULL, NULL);
  pthread_exit(NULL);

  return 0;
}

Determining if the function pthread_create exists in the pthreads failed with the following output:
Change Dir: /home/rm/catkin_livox_ros_driver2/src/IST_2025_sentry/build/CMakeFiles/CMakeTmp

Run Build Command(s):/usr/bin/make cmTC_685b3/fast && /usr/bin/make -f CMakeFiles/cmTC_685b3.dir/build.make CMakeFiles/cmTC_685b3.dir/build
make[1]: 进入目录“/home/rm/catkin_livox_ros_driver2/src/IST_2025_sentry/build/CMakeFiles/CMakeTmp”
Building C object CMakeFiles/cmTC_685b3.dir/CheckFunctionExists.c.o
/usr/bin/cc   -DCHECK_FUNCTION_EXISTS=pthread_create   -o CMakeFiles/cmTC_685b3.dir/CheckFunctionExists.c.o   -c /usr/share/cmake-3.16/Modules/CheckFunctionExists.c
Linking C executable cmTC_685b3
/usr/bin/cmake -E cmake_link_script CMakeFiles/cmTC_685b3.dir/link.txt --verbose=1
/usr/bin/cc  -DCHECK_FUNCTION_EXISTS=pthread_create    -rdynamic CMakeFiles/cmTC_685b3.dir/CheckFunctionExists.c.o  -o cmTC_685b3  -lpthreads 
/usr/bin/ld: 找不到 -lpthreads
collect2: error: ld returned 1 exit status
make[1]: *** [CMakeFiles/cmTC_685b3.dir/build.make:87：cmTC_685b3] 错误 1
make[1]: 离开目录“/home/rm/catkin_livox_ros_driver2/src/IST_2025_sentry/build/CMakeFiles/CMakeTmp”
make: *** [Makefile:121：cmTC_685b3/fast] 错误 2



Performing C SOURCE FILE Test CMAKE_HAVE_LIBC_PTHREAD failed with the following output:
Change Dir: /home/rm/catkin_livox_ros_driver2/src/IST_2025_sentry/build/CMakeFiles/CMakeTmp

Run Build Command(s):/usr/bin/make cmTC_75913/fast && /usr/bin/make -f CMakeFiles/cmTC_75913.dir/build.make CMakeFiles/cmTC_75913.dir/build
make[1]: 进入目录“/home/rm/catkin_livox_ros_driver2/src/IST_2025_sentry/build/CMakeFiles/CMakeTmp”
Building C object CMakeFiles/cmTC_75913.dir/src.c.o
/usr/bin/cc   -DCMAKE_HAVE_LIBC_PTHREAD   -o CMakeFiles/cmTC_75913.dir/src.c.o   -c /home/rm/catkin_livox_ros_driver2/src/IST_2025_sentry/build/CMakeFiles/CMakeTmp/src.c
Linking C executable cmTC_75913
/usr/bin/cmake -E cmake_link_script CMakeFiles/cmTC_75913.dir/link.txt --verbose=1
/usr/bin/cc  -DCMAKE_HAVE_LIBC_PTHREAD    -rdynamic CMakeFiles/cmTC_75913.dir/src.c.o  -o cmTC_75913 
/usr/bin/ld: CMakeFiles/cmTC_75913.dir/src.c.o: in function `main':
src.c:(.text+0x46): undefined reference to `pthread_create'
/usr/bin/ld: src.c:(.text+0x52): undefined reference to `pthread_detach'
/usr/bin/ld: src.c:(.text+0x63): undefined reference to `pthread_join'
collect2: error: ld returned 1 exit status
make[1]: *** [CMakeFiles/cmTC_75913.dir/build.make:87：cmTC_75913] 错误 1
make[1]: 离开目录“/home/rm/catkin_livox_ros_driver2/src/IST_2025_sentry/build/CMakeFiles/CMakeTmp”
make: *** [Makefile:121：cmTC_75913/fast] 错误 2


Source file was:
#include <pthread.h>

void* test_func(void* data)
{
  return data;
}

int main(void)
{
  pthread_t thread;
  pthread_create(&thread, NULL, test_func, NULL);
  pthread_detach(thread);
  pthread_join(thread, NULL);
  pthread_atfork(NULL, NULL, NULL);
  pthread_exit(NULL);

  return 0;
}

Determining if the function pthread_create exists in the pthreads failed with the following output:
Change Dir: /home/rm/catkin_livox_ros_driver2/src/IST_2025_sentry/build/CMakeFiles/CMakeTmp

Run Build Command(s):/usr/bin/make cmTC_06354/fast && /usr/bin/make -f CMakeFiles/cmTC_06354.dir/build.make CMakeFiles/cmTC_06354.dir/build
make[1]: 进入目录“/home/rm/catkin_livox_ros_driver2/src/IST_2025_sentry/build/CMakeFiles/CMakeTmp”
Building C object CMakeFiles/cmTC_06354.dir/CheckFunctionExists.c.o
/usr/bin/cc   -DCHECK_FUNCTION_EXISTS=pthread_create   -o CMakeFiles/cmTC_06354.dir/CheckFunctionExists.c.o   -c /usr/share/cmake-3.16/Modules/CheckFunctionExists.c
Linking C executable cmTC_06354
/usr/bin/cmake -E cmake_link_script CMakeFiles/cmTC_06354.dir/link.txt --verbose=1
/usr/bin/cc  -DCHECK_FUNCTION_EXISTS=pthread_create    -rdynamic CMakeFiles/cmTC_06354.dir/CheckFunctionExists.c.o  -o cmTC_06354  -lpthreads 
/usr/bin/ld: 找不到 -lpthreads
collect2: error: ld returned 1 exit status
make[1]: *** [CMakeFiles/cmTC_06354.dir/build.make:87：cmTC_06354] 错误 1
make[1]: 离开目录“/home/rm/catkin_livox_ros_driver2/src/IST_2025_sentry/build/CMakeFiles/CMakeTmp”
make: *** [Makefile:121：cmTC_06354/fast] 错误 2



Performing C SOURCE FILE Test CMAKE_HAVE_LIBC_PTHREAD failed with the following output:
Change Dir: /home/rm/catkin_livox_ros_driver2/src/IST_2025_sentry/build/CMakeFiles/CMakeTmp

Run Build Command(s):/usr/bin/make cmTC_11e37/fast && /usr/bin/make -f CMakeFiles/cmTC_11e37.dir/build.make CMakeFiles/cmTC_11e37.dir/build
make[1]: 进入目录“/home/rm/catkin_livox_ros_driver2/src/IST_2025_sentry/build/CMakeFiles/CMakeTmp”
Building C object CMakeFiles/cmTC_11e37.dir/src.c.o
/usr/bin/cc   -DCMAKE_HAVE_LIBC_PTHREAD   -o CMakeFiles/cmTC_11e37.dir/src.c.o   -c /home/rm/catkin_livox_ros_driver2/src/IST_2025_sentry/build/CMakeFiles/CMakeTmp/src.c
Linking C executable cmTC_11e37
/usr/bin/cmake -E cmake_link_script CMakeFiles/cmTC_11e37.dir/link.txt --verbose=1
/usr/bin/cc  -DCMAKE_HAVE_LIBC_PTHREAD    -rdynamic CMakeFiles/cmTC_11e37.dir/src.c.o  -o cmTC_11e37 
/usr/bin/ld: CMakeFiles/cmTC_11e37.dir/src.c.o: in function `main':
src.c:(.text+0x46): undefined reference to `pthread_create'
/usr/bin/ld: src.c:(.text+0x52): undefined reference to `pthread_detach'
/usr/bin/ld: src.c:(.text+0x63): undefined reference to `pthread_join'
collect2: error: ld returned 1 exit status
make[1]: *** [CMakeFiles/cmTC_11e37.dir/build.make:87：cmTC_11e37] 错误 1
make[1]: 离开目录“/home/rm/catkin_livox_ros_driver2/src/IST_2025_sentry/build/CMakeFiles/CMakeTmp”
make: *** [Makefile:121：cmTC_11e37/fast] 错误 2


Source file was:
#include <pthread.h>

void* test_func(void* data)
{
  return data;
}

int main(void)
{
  pthread_t thread;
  pthread_create(&thread, NULL, test_func, NULL);
  pthread_detach(thread);
  pthread_join(thread, NULL);
  pthread_atfork(NULL, NULL, NULL);
  pthread_exit(NULL);

  return 0;
}

Determining if the function pthread_create exists in the pthreads failed with the following output:
Change Dir: /home/rm/catkin_livox_ros_driver2/src/IST_2025_sentry/build/CMakeFiles/CMakeTmp

Run Build Command(s):/usr/bin/make cmTC_0b0e0/fast && /usr/bin/make -f CMakeFiles/cmTC_0b0e0.dir/build.make CMakeFiles/cmTC_0b0e0.dir/build
make[1]: 进入目录“/home/rm/catkin_livox_ros_driver2/src/IST_2025_sentry/build/CMakeFiles/CMakeTmp”
Building C object CMakeFiles/cmTC_0b0e0.dir/CheckFunctionExists.c.o
/usr/bin/cc   -DCHECK_FUNCTION_EXISTS=pthread_create   -o CMakeFiles/cmTC_0b0e0.dir/CheckFunctionExists.c.o   -c /usr/share/cmake-3.16/Modules/CheckFunctionExists.c
Linking C executable cmTC_0b0e0
/usr/bin/cmake -E cmake_link_script CMakeFiles/cmTC_0b0e0.dir/link.txt --verbose=1
/usr/bin/cc  -DCHECK_FUNCTION_EXISTS=pthread_create    -rdynamic CMakeFiles/cmTC_0b0e0.dir/CheckFunctionExists.c.o  -o cmTC_0b0e0  -lpthreads 
/usr/bin/ld: 找不到 -lpthreads
collect2: error: ld returned 1 exit status
make[1]: *** [CMakeFiles/cmTC_0b0e0.dir/build.make:87：cmTC_0b0e0] 错误 1
make[1]: 离开目录“/home/rm/catkin_livox_ros_driver2/src/IST_2025_sentry/build/CMakeFiles/CMakeTmp”
make: *** [Makefile:121：cmTC_0b0e0/fast] 错误 2



Performing C SOURCE FILE Test CMAKE_HAVE_LIBC_PTHREAD failed with the following output:
Change Dir: /home/rm/catkin_livox_ros_driver2/src/IST_2025_sentry/build/CMakeFiles/CMakeTmp

Run Build Command(s):/usr/bin/make cmTC_0aad1/fast && /usr/bin/make -f CMakeFiles/cmTC_0aad1.dir/build.make CMakeFiles/cmTC_0aad1.dir/build
make[1]: 进入目录“/home/rm/catkin_livox_ros_driver2/src/IST_2025_sentry/build/CMakeFiles/CMakeTmp”
Building C object CMakeFiles/cmTC_0aad1.dir/src.c.o
/usr/bin/cc   -DCMAKE_HAVE_LIBC_PTHREAD   -o CMakeFiles/cmTC_0aad1.dir/src.c.o   -c /home/rm/catkin_livox_ros_driver2/src/IST_2025_sentry/build/CMakeFiles/CMakeTmp/src.c
Linking C executable cmTC_0aad1
/usr/bin/cmake -E cmake_link_script CMakeFiles/cmTC_0aad1.dir/link.txt --verbose=1
/usr/bin/cc  -DCMAKE_HAVE_LIBC_PTHREAD    -rdynamic CMakeFiles/cmTC_0aad1.dir/src.c.o  -o cmTC_0aad1 
/usr/bin/ld: CMakeFiles/cmTC_0aad1.dir/src.c.o: in function `main':
src.c:(.text+0x46): undefined reference to `pthread_create'
/usr/bin/ld: src.c:(.text+0x52): undefined reference to `pthread_detach'
/usr/bin/ld: src.c:(.text+0x63): undefined reference to `pthread_join'
collect2: error: ld returned 1 exit status
make[1]: *** [CMakeFiles/cmTC_0aad1.dir/build.make:87：cmTC_0aad1] 错误 1
make[1]: 离开目录“/home/rm/catkin_livox_ros_driver2/src/IST_2025_sentry/build/CMakeFiles/CMakeTmp”
make: *** [Makefile:121：cmTC_0aad1/fast] 错误 2


Source file was:
#include <pthread.h>

void* test_func(void* data)
{
  return data;
}

int main(void)
{
  pthread_t thread;
  pthread_create(&thread, NULL, test_func, NULL);
  pthread_detach(thread);
  pthread_join(thread, NULL);
  pthread_atfork(NULL, NULL, NULL);
  pthread_exit(NULL);

  return 0;
}

Determining if the function pthread_create exists in the pthreads failed with the following output:
Change Dir: /home/rm/catkin_livox_ros_driver2/src/IST_2025_sentry/build/CMakeFiles/CMakeTmp

Run Build Command(s):/usr/bin/make cmTC_81ce6/fast && /usr/bin/make -f CMakeFiles/cmTC_81ce6.dir/build.make CMakeFiles/cmTC_81ce6.dir/build
make[1]: 进入目录“/home/rm/catkin_livox_ros_driver2/src/IST_2025_sentry/build/CMakeFiles/CMakeTmp”
Building C object CMakeFiles/cmTC_81ce6.dir/CheckFunctionExists.c.o
/usr/bin/cc   -DCHECK_FUNCTION_EXISTS=pthread_create   -o CMakeFiles/cmTC_81ce6.dir/CheckFunctionExists.c.o   -c /usr/share/cmake-3.16/Modules/CheckFunctionExists.c
Linking C executable cmTC_81ce6
/usr/bin/cmake -E cmake_link_script CMakeFiles/cmTC_81ce6.dir/link.txt --verbose=1
/usr/bin/cc  -DCHECK_FUNCTION_EXISTS=pthread_create    -rdynamic CMakeFiles/cmTC_81ce6.dir/CheckFunctionExists.c.o  -o cmTC_81ce6  -lpthreads 
/usr/bin/ld: 找不到 -lpthreads
collect2: error: ld returned 1 exit status
make[1]: *** [CMakeFiles/cmTC_81ce6.dir/build.make:87：cmTC_81ce6] 错误 1
make[1]: 离开目录“/home/rm/catkin_livox_ros_driver2/src/IST_2025_sentry/build/CMakeFiles/CMakeTmp”
make: *** [Makefile:121：cmTC_81ce6/fast] 错误 2



Performing C SOURCE FILE Test CMAKE_HAVE_LIBC_PTHREAD failed with the following output:
Change Dir: /home/rm/catkin_livox_ros_driver2/src/IST_2025_sentry/build/CMakeFiles/CMakeTmp

Run Build Command(s):/usr/bin/make cmTC_d8519/fast && /usr/bin/make -f CMakeFiles/cmTC_d8519.dir/build.make CMakeFiles/cmTC_d8519.dir/build
make[1]: 进入目录“/home/rm/catkin_livox_ros_driver2/src/IST_2025_sentry/build/CMakeFiles/CMakeTmp”
Building C object CMakeFiles/cmTC_d8519.dir/src.c.o
/usr/bin/cc   -DCMAKE_HAVE_LIBC_PTHREAD   -o CMakeFiles/cmTC_d8519.dir/src.c.o   -c /home/rm/catkin_livox_ros_driver2/src/IST_2025_sentry/build/CMakeFiles/CMakeTmp/src.c
Linking C executable cmTC_d8519
/usr/bin/cmake -E cmake_link_script CMakeFiles/cmTC_d8519.dir/link.txt --verbose=1
/usr/bin/cc  -DCMAKE_HAVE_LIBC_PTHREAD    -rdynamic CMakeFiles/cmTC_d8519.dir/src.c.o  -o cmTC_d8519 
/usr/bin/ld: CMakeFiles/cmTC_d8519.dir/src.c.o: in function `main':
src.c:(.text+0x46): undefined reference to `pthread_create'
/usr/bin/ld: src.c:(.text+0x52): undefined reference to `pthread_detach'
/usr/bin/ld: src.c:(.text+0x63): undefined reference to `pthread_join'
collect2: error: ld returned 1 exit status
make[1]: *** [CMakeFiles/cmTC_d8519.dir/build.make:87：cmTC_d8519] 错误 1
make[1]: 离开目录“/home/rm/catkin_livox_ros_driver2/src/IST_2025_sentry/build/CMakeFiles/CMakeTmp”
make: *** [Makefile:121：cmTC_d8519/fast] 错误 2


Source file was:
#include <pthread.h>

void* test_func(void* data)
{
  return data;
}

int main(void)
{
  pthread_t thread;
  pthread_create(&thread, NULL, test_func, NULL);
  pthread_detach(thread);
  pthread_join(thread, NULL);
  pthread_atfork(NULL, NULL, NULL);
  pthread_exit(NULL);

  return 0;
}

Determining if the function pthread_create exists in the pthreads failed with the following output:
Change Dir: /home/rm/catkin_livox_ros_driver2/src/IST_2025_sentry/build/CMakeFiles/CMakeTmp

Run Build Command(s):/usr/bin/make cmTC_9e3b3/fast && /usr/bin/make -f CMakeFiles/cmTC_9e3b3.dir/build.make CMakeFiles/cmTC_9e3b3.dir/build
make[1]: 进入目录“/home/rm/catkin_livox_ros_driver2/src/IST_2025_sentry/build/CMakeFiles/CMakeTmp”
Building C object CMakeFiles/cmTC_9e3b3.dir/CheckFunctionExists.c.o
/usr/bin/cc   -DCHECK_FUNCTION_EXISTS=pthread_create   -o CMakeFiles/cmTC_9e3b3.dir/CheckFunctionExists.c.o   -c /usr/share/cmake-3.16/Modules/CheckFunctionExists.c
Linking C executable cmTC_9e3b3
/usr/bin/cmake -E cmake_link_script CMakeFiles/cmTC_9e3b3.dir/link.txt --verbose=1
/usr/bin/cc  -DCHECK_FUNCTION_EXISTS=pthread_create    -rdynamic CMakeFiles/cmTC_9e3b3.dir/CheckFunctionExists.c.o  -o cmTC_9e3b3  -lpthreads 
/usr/bin/ld: 找不到 -lpthreads
collect2: error: ld returned 1 exit status
make[1]: *** [CMakeFiles/cmTC_9e3b3.dir/build.make:87：cmTC_9e3b3] 错误 1
make[1]: 离开目录“/home/rm/catkin_livox_ros_driver2/src/IST_2025_sentry/build/CMakeFiles/CMakeTmp”
make: *** [Makefile:121：cmTC_9e3b3/fast] 错误 2



Performing C SOURCE FILE Test CMAKE_HAVE_LIBC_PTHREAD failed with the following output:
Change Dir: /home/rm/catkin_livox_ros_driver2/src/IST_2025_sentry/build/CMakeFiles/CMakeTmp

Run Build Command(s):/usr/bin/make cmTC_2081c/fast && /usr/bin/make -f CMakeFiles/cmTC_2081c.dir/build.make CMakeFiles/cmTC_2081c.dir/build
make[1]: 进入目录“/home/rm/catkin_livox_ros_driver2/src/IST_2025_sentry/build/CMakeFiles/CMakeTmp”
Building C object CMakeFiles/cmTC_2081c.dir/src.c.o
/usr/bin/cc   -DCMAKE_HAVE_LIBC_PTHREAD   -o CMakeFiles/cmTC_2081c.dir/src.c.o   -c /home/rm/catkin_livox_ros_driver2/src/IST_2025_sentry/build/CMakeFiles/CMakeTmp/src.c
Linking C executable cmTC_2081c
/usr/bin/cmake -E cmake_link_script CMakeFiles/cmTC_2081c.dir/link.txt --verbose=1
/usr/bin/cc  -DCMAKE_HAVE_LIBC_PTHREAD    -rdynamic CMakeFiles/cmTC_2081c.dir/src.c.o  -o cmTC_2081c 
/usr/bin/ld: CMakeFiles/cmTC_2081c.dir/src.c.o: in function `main':
src.c:(.text+0x46): undefined reference to `pthread_create'
/usr/bin/ld: src.c:(.text+0x52): undefined reference to `pthread_detach'
/usr/bin/ld: src.c:(.text+0x63): undefined reference to `pthread_join'
collect2: error: ld returned 1 exit status
make[1]: *** [CMakeFiles/cmTC_2081c.dir/build.make:87：cmTC_2081c] 错误 1
make[1]: 离开目录“/home/rm/catkin_livox_ros_driver2/src/IST_2025_sentry/build/CMakeFiles/CMakeTmp”
make: *** [Makefile:121：cmTC_2081c/fast] 错误 2


Source file was:
#include <pthread.h>

void* test_func(void* data)
{
  return data;
}

int main(void)
{
  pthread_t thread;
  pthread_create(&thread, NULL, test_func, NULL);
  pthread_detach(thread);
  pthread_join(thread, NULL);
  pthread_atfork(NULL, NULL, NULL);
  pthread_exit(NULL);

  return 0;
}

Determining if the function pthread_create exists in the pthreads failed with the following output:
Change Dir: /home/rm/catkin_livox_ros_driver2/src/IST_2025_sentry/build/CMakeFiles/CMakeTmp

Run Build Command(s):/usr/bin/make cmTC_d1a7d/fast && /usr/bin/make -f CMakeFiles/cmTC_d1a7d.dir/build.make CMakeFiles/cmTC_d1a7d.dir/build
make[1]: 进入目录“/home/rm/catkin_livox_ros_driver2/src/IST_2025_sentry/build/CMakeFiles/CMakeTmp”
Building C object CMakeFiles/cmTC_d1a7d.dir/CheckFunctionExists.c.o
/usr/bin/cc   -DCHECK_FUNCTION_EXISTS=pthread_create   -o CMakeFiles/cmTC_d1a7d.dir/CheckFunctionExists.c.o   -c /usr/share/cmake-3.16/Modules/CheckFunctionExists.c
Linking C executable cmTC_d1a7d
/usr/bin/cmake -E cmake_link_script CMakeFiles/cmTC_d1a7d.dir/link.txt --verbose=1
/usr/bin/cc  -DCHECK_FUNCTION_EXISTS=pthread_create    -rdynamic CMakeFiles/cmTC_d1a7d.dir/CheckFunctionExists.c.o  -o cmTC_d1a7d  -lpthreads 
/usr/bin/ld: 找不到 -lpthreads
collect2: error: ld returned 1 exit status
make[1]: *** [CMakeFiles/cmTC_d1a7d.dir/build.make:87：cmTC_d1a7d] 错误 1
make[1]: 离开目录“/home/rm/catkin_livox_ros_driver2/src/IST_2025_sentry/build/CMakeFiles/CMakeTmp”
make: *** [Makefile:121：cmTC_d1a7d/fast] 错误 2



Performing C SOURCE FILE Test CMAKE_HAVE_LIBC_PTHREAD failed with the following output:
Change Dir: /home/rm/catkin_livox_ros_driver2/src/IST_2025_sentry/build/CMakeFiles/CMakeTmp

Run Build Command(s):/usr/bin/make cmTC_41913/fast && /usr/bin/make -f CMakeFiles/cmTC_41913.dir/build.make CMakeFiles/cmTC_41913.dir/build
make[1]: 进入目录“/home/rm/catkin_livox_ros_driver2/src/IST_2025_sentry/build/CMakeFiles/CMakeTmp”
Building C object CMakeFiles/cmTC_41913.dir/src.c.o
/usr/bin/cc   -DCMAKE_HAVE_LIBC_PTHREAD   -o CMakeFiles/cmTC_41913.dir/src.c.o   -c /home/rm/catkin_livox_ros_driver2/src/IST_2025_sentry/build/CMakeFiles/CMakeTmp/src.c
Linking C executable cmTC_41913
/usr/bin/cmake -E cmake_link_script CMakeFiles/cmTC_41913.dir/link.txt --verbose=1
/usr/bin/cc  -DCMAKE_HAVE_LIBC_PTHREAD    -rdynamic CMakeFiles/cmTC_41913.dir/src.c.o  -o cmTC_41913 
/usr/bin/ld: CMakeFiles/cmTC_41913.dir/src.c.o: in function `main':
src.c:(.text+0x46): undefined reference to `pthread_create'
/usr/bin/ld: src.c:(.text+0x52): undefined reference to `pthread_detach'
/usr/bin/ld: src.c:(.text+0x63): undefined reference to `pthread_join'
collect2: error: ld returned 1 exit status
make[1]: *** [CMakeFiles/cmTC_41913.dir/build.make:87：cmTC_41913] 错误 1
make[1]: 离开目录“/home/rm/catkin_livox_ros_driver2/src/IST_2025_sentry/build/CMakeFiles/CMakeTmp”
make: *** [Makefile:121：cmTC_41913/fast] 错误 2


Source file was:
#include <pthread.h>

void* test_func(void* data)
{
  return data;
}

int main(void)
{
  pthread_t thread;
  pthread_create(&thread, NULL, test_func, NULL);
  pthread_detach(thread);
  pthread_join(thread, NULL);
  pthread_atfork(NULL, NULL, NULL);
  pthread_exit(NULL);

  return 0;
}

Determining if the function pthread_create exists in the pthreads failed with the following output:
Change Dir: /home/rm/catkin_livox_ros_driver2/src/IST_2025_sentry/build/CMakeFiles/CMakeTmp

Run Build Command(s):/usr/bin/make cmTC_cd07a/fast && /usr/bin/make -f CMakeFiles/cmTC_cd07a.dir/build.make CMakeFiles/cmTC_cd07a.dir/build
make[1]: 进入目录“/home/rm/catkin_livox_ros_driver2/src/IST_2025_sentry/build/CMakeFiles/CMakeTmp”
Building C object CMakeFiles/cmTC_cd07a.dir/CheckFunctionExists.c.o
/usr/bin/cc   -DCHECK_FUNCTION_EXISTS=pthread_create   -o CMakeFiles/cmTC_cd07a.dir/CheckFunctionExists.c.o   -c /usr/share/cmake-3.16/Modules/CheckFunctionExists.c
Linking C executable cmTC_cd07a
/usr/bin/cmake -E cmake_link_script CMakeFiles/cmTC_cd07a.dir/link.txt --verbose=1
/usr/bin/cc  -DCHECK_FUNCTION_EXISTS=pthread_create    -rdynamic CMakeFiles/cmTC_cd07a.dir/CheckFunctionExists.c.o  -o cmTC_cd07a  -lpthreads 
/usr/bin/ld: 找不到 -lpthreads
collect2: error: ld returned 1 exit status
make[1]: *** [CMakeFiles/cmTC_cd07a.dir/build.make:87：cmTC_cd07a] 错误 1
make[1]: 离开目录“/home/rm/catkin_livox_ros_driver2/src/IST_2025_sentry/build/CMakeFiles/CMakeTmp”
make: *** [Makefile:121：cmTC_cd07a/fast] 错误 2



Performing C SOURCE FILE Test CMAKE_HAVE_LIBC_PTHREAD failed with the following output:
Change Dir: /home/rm/catkin_livox_ros_driver2/src/IST_2025_sentry/build/CMakeFiles/CMakeTmp

Run Build Command(s):/usr/bin/make cmTC_877bd/fast && /usr/bin/make -f CMakeFiles/cmTC_877bd.dir/build.make CMakeFiles/cmTC_877bd.dir/build
make[1]: 进入目录“/home/rm/catkin_livox_ros_driver2/src/IST_2025_sentry/build/CMakeFiles/CMakeTmp”
Building C object CMakeFiles/cmTC_877bd.dir/src.c.o
/usr/bin/cc   -DCMAKE_HAVE_LIBC_PTHREAD   -o CMakeFiles/cmTC_877bd.dir/src.c.o   -c /home/rm/catkin_livox_ros_driver2/src/IST_2025_sentry/build/CMakeFiles/CMakeTmp/src.c
Linking C executable cmTC_877bd
/usr/bin/cmake -E cmake_link_script CMakeFiles/cmTC_877bd.dir/link.txt --verbose=1
/usr/bin/cc  -DCMAKE_HAVE_LIBC_PTHREAD    -rdynamic CMakeFiles/cmTC_877bd.dir/src.c.o  -o cmTC_877bd 
/usr/bin/ld: CMakeFiles/cmTC_877bd.dir/src.c.o: in function `main':
src.c:(.text+0x46): undefined reference to `pthread_create'
/usr/bin/ld: src.c:(.text+0x52): undefined reference to `pthread_detach'
/usr/bin/ld: src.c:(.text+0x63): undefined reference to `pthread_join'
collect2: error: ld returned 1 exit status
make[1]: *** [CMakeFiles/cmTC_877bd.dir/build.make:87：cmTC_877bd] 错误 1
make[1]: 离开目录“/home/rm/catkin_livox_ros_driver2/src/IST_2025_sentry/build/CMakeFiles/CMakeTmp”
make: *** [Makefile:121：cmTC_877bd/fast] 错误 2


Source file was:
#include <pthread.h>

void* test_func(void* data)
{
  return data;
}

int main(void)
{
  pthread_t thread;
  pthread_create(&thread, NULL, test_func, NULL);
  pthread_detach(thread);
  pthread_join(thread, NULL);
  pthread_atfork(NULL, NULL, NULL);
  pthread_exit(NULL);

  return 0;
}

Determining if the function pthread_create exists in the pthreads failed with the following output:
Change Dir: /home/rm/catkin_livox_ros_driver2/src/IST_2025_sentry/build/CMakeFiles/CMakeTmp

Run Build Command(s):/usr/bin/make cmTC_fdfb1/fast && /usr/bin/make -f CMakeFiles/cmTC_fdfb1.dir/build.make CMakeFiles/cmTC_fdfb1.dir/build
make[1]: 进入目录“/home/rm/catkin_livox_ros_driver2/src/IST_2025_sentry/build/CMakeFiles/CMakeTmp”
Building C object CMakeFiles/cmTC_fdfb1.dir/CheckFunctionExists.c.o
/usr/bin/cc   -DCHECK_FUNCTION_EXISTS=pthread_create   -o CMakeFiles/cmTC_fdfb1.dir/CheckFunctionExists.c.o   -c /usr/share/cmake-3.16/Modules/CheckFunctionExists.c
Linking C executable cmTC_fdfb1
/usr/bin/cmake -E cmake_link_script CMakeFiles/cmTC_fdfb1.dir/link.txt --verbose=1
/usr/bin/cc  -DCHECK_FUNCTION_EXISTS=pthread_create    -rdynamic CMakeFiles/cmTC_fdfb1.dir/CheckFunctionExists.c.o  -o cmTC_fdfb1  -lpthreads 
/usr/bin/ld: 找不到 -lpthreads
collect2: error: ld returned 1 exit status
make[1]: *** [CMakeFiles/cmTC_fdfb1.dir/build.make:87：cmTC_fdfb1] 错误 1
make[1]: 离开目录“/home/rm/catkin_livox_ros_driver2/src/IST_2025_sentry/build/CMakeFiles/CMakeTmp”
make: *** [Makefile:121：cmTC_fdfb1/fast] 错误 2



Performing C SOURCE FILE Test CMAKE_HAVE_LIBC_PTHREAD failed with the following output:
Change Dir: /home/rm/catkin_livox_ros_driver2/src/IST_2025_sentry/build/CMakeFiles/CMakeTmp

Run Build Command(s):/usr/bin/make cmTC_d2f5e/fast && /usr/bin/make -f CMakeFiles/cmTC_d2f5e.dir/build.make CMakeFiles/cmTC_d2f5e.dir/build
make[1]: 进入目录“/home/rm/catkin_livox_ros_driver2/src/IST_2025_sentry/build/CMakeFiles/CMakeTmp”
Building C object CMakeFiles/cmTC_d2f5e.dir/src.c.o
/usr/bin/cc   -DCMAKE_HAVE_LIBC_PTHREAD   -o CMakeFiles/cmTC_d2f5e.dir/src.c.o   -c /home/rm/catkin_livox_ros_driver2/src/IST_2025_sentry/build/CMakeFiles/CMakeTmp/src.c
Linking C executable cmTC_d2f5e
/usr/bin/cmake -E cmake_link_script CMakeFiles/cmTC_d2f5e.dir/link.txt --verbose=1
/usr/bin/cc  -DCMAKE_HAVE_LIBC_PTHREAD    -rdynamic CMakeFiles/cmTC_d2f5e.dir/src.c.o  -o cmTC_d2f5e 
/usr/bin/ld: CMakeFiles/cmTC_d2f5e.dir/src.c.o: in function `main':
src.c:(.text+0x46): undefined reference to `pthread_create'
/usr/bin/ld: src.c:(.text+0x52): undefined reference to `pthread_detach'
/usr/bin/ld: src.c:(.text+0x63): undefined reference to `pthread_join'
collect2: error: ld returned 1 exit status
make[1]: *** [CMakeFiles/cmTC_d2f5e.dir/build.make:87：cmTC_d2f5e] 错误 1
make[1]: 离开目录“/home/rm/catkin_livox_ros_driver2/src/IST_2025_sentry/build/CMakeFiles/CMakeTmp”
make: *** [Makefile:121：cmTC_d2f5e/fast] 错误 2


Source file was:
#include <pthread.h>

void* test_func(void* data)
{
  return data;
}

int main(void)
{
  pthread_t thread;
  pthread_create(&thread, NULL, test_func, NULL);
  pthread_detach(thread);
  pthread_join(thread, NULL);
  pthread_atfork(NULL, NULL, NULL);
  pthread_exit(NULL);

  return 0;
}

Determining if the function pthread_create exists in the pthreads failed with the following output:
Change Dir: /home/rm/catkin_livox_ros_driver2/src/IST_2025_sentry/build/CMakeFiles/CMakeTmp

Run Build Command(s):/usr/bin/make cmTC_5a6bd/fast && /usr/bin/make -f CMakeFiles/cmTC_5a6bd.dir/build.make CMakeFiles/cmTC_5a6bd.dir/build
make[1]: 进入目录“/home/rm/catkin_livox_ros_driver2/src/IST_2025_sentry/build/CMakeFiles/CMakeTmp”
Building C object CMakeFiles/cmTC_5a6bd.dir/CheckFunctionExists.c.o
/usr/bin/cc   -DCHECK_FUNCTION_EXISTS=pthread_create   -o CMakeFiles/cmTC_5a6bd.dir/CheckFunctionExists.c.o   -c /usr/share/cmake-3.16/Modules/CheckFunctionExists.c
Linking C executable cmTC_5a6bd
/usr/bin/cmake -E cmake_link_script CMakeFiles/cmTC_5a6bd.dir/link.txt --verbose=1
/usr/bin/cc  -DCHECK_FUNCTION_EXISTS=pthread_create    -rdynamic CMakeFiles/cmTC_5a6bd.dir/CheckFunctionExists.c.o  -o cmTC_5a6bd  -lpthreads 
/usr/bin/ld: 找不到 -lpthreads
collect2: error: ld returned 1 exit status
make[1]: *** [CMakeFiles/cmTC_5a6bd.dir/build.make:87：cmTC_5a6bd] 错误 1
make[1]: 离开目录“/home/rm/catkin_livox_ros_driver2/src/IST_2025_sentry/build/CMakeFiles/CMakeTmp”
make: *** [Makefile:121：cmTC_5a6bd/fast] 错误 2



Performing C SOURCE FILE Test CMAKE_HAVE_LIBC_PTHREAD failed with the following output:
Change Dir: /home/rm/catkin_livox_ros_driver2/src/IST_2025_sentry/build/CMakeFiles/CMakeTmp

Run Build Command(s):/usr/bin/make cmTC_269c9/fast && /usr/bin/make -f CMakeFiles/cmTC_269c9.dir/build.make CMakeFiles/cmTC_269c9.dir/build
make[1]: 进入目录“/home/rm/catkin_livox_ros_driver2/src/IST_2025_sentry/build/CMakeFiles/CMakeTmp”
Building C object CMakeFiles/cmTC_269c9.dir/src.c.o
/usr/bin/cc   -DCMAKE_HAVE_LIBC_PTHREAD   -o CMakeFiles/cmTC_269c9.dir/src.c.o   -c /home/rm/catkin_livox_ros_driver2/src/IST_2025_sentry/build/CMakeFiles/CMakeTmp/src.c
Linking C executable cmTC_269c9
/usr/bin/cmake -E cmake_link_script CMakeFiles/cmTC_269c9.dir/link.txt --verbose=1
/usr/bin/cc  -DCMAKE_HAVE_LIBC_PTHREAD    -rdynamic CMakeFiles/cmTC_269c9.dir/src.c.o  -o cmTC_269c9 
/usr/bin/ld: CMakeFiles/cmTC_269c9.dir/src.c.o: in function `main':
src.c:(.text+0x46): undefined reference to `pthread_create'
/usr/bin/ld: src.c:(.text+0x52): undefined reference to `pthread_detach'
/usr/bin/ld: src.c:(.text+0x63): undefined reference to `pthread_join'
collect2: error: ld returned 1 exit status
make[1]: *** [CMakeFiles/cmTC_269c9.dir/build.make:87：cmTC_269c9] 错误 1
make[1]: 离开目录“/home/rm/catkin_livox_ros_driver2/src/IST_2025_sentry/build/CMakeFiles/CMakeTmp”
make: *** [Makefile:121：cmTC_269c9/fast] 错误 2


Source file was:
#include <pthread.h>

void* test_func(void* data)
{
  return data;
}

int main(void)
{
  pthread_t thread;
  pthread_create(&thread, NULL, test_func, NULL);
  pthread_detach(thread);
  pthread_join(thread, NULL);
  pthread_atfork(NULL, NULL, NULL);
  pthread_exit(NULL);

  return 0;
}

Determining if the function pthread_create exists in the pthreads failed with the following output:
Change Dir: /home/rm/catkin_livox_ros_driver2/src/IST_2025_sentry/build/CMakeFiles/CMakeTmp

Run Build Command(s):/usr/bin/make cmTC_f41bb/fast && /usr/bin/make -f CMakeFiles/cmTC_f41bb.dir/build.make CMakeFiles/cmTC_f41bb.dir/build
make[1]: 进入目录“/home/rm/catkin_livox_ros_driver2/src/IST_2025_sentry/build/CMakeFiles/CMakeTmp”
Building C object CMakeFiles/cmTC_f41bb.dir/CheckFunctionExists.c.o
/usr/bin/cc   -DCHECK_FUNCTION_EXISTS=pthread_create   -o CMakeFiles/cmTC_f41bb.dir/CheckFunctionExists.c.o   -c /usr/share/cmake-3.16/Modules/CheckFunctionExists.c
Linking C executable cmTC_f41bb
/usr/bin/cmake -E cmake_link_script CMakeFiles/cmTC_f41bb.dir/link.txt --verbose=1
/usr/bin/cc  -DCHECK_FUNCTION_EXISTS=pthread_create    -rdynamic CMakeFiles/cmTC_f41bb.dir/CheckFunctionExists.c.o  -o cmTC_f41bb  -lpthreads 
/usr/bin/ld: 找不到 -lpthreads
collect2: error: ld returned 1 exit status
make[1]: *** [CMakeFiles/cmTC_f41bb.dir/build.make:87：cmTC_f41bb] 错误 1
make[1]: 离开目录“/home/rm/catkin_livox_ros_driver2/src/IST_2025_sentry/build/CMakeFiles/CMakeTmp”
make: *** [Makefile:121：cmTC_f41bb/fast] 错误 2



Performing C SOURCE FILE Test CMAKE_HAVE_LIBC_PTHREAD failed with the following output:
Change Dir: /home/rm/catkin_livox_ros_driver2/src/IST_2025_sentry/build/CMakeFiles/CMakeTmp

Run Build Command(s):/usr/bin/make cmTC_0f22b/fast && /usr/bin/make -f CMakeFiles/cmTC_0f22b.dir/build.make CMakeFiles/cmTC_0f22b.dir/build
make[1]: 进入目录“/home/rm/catkin_livox_ros_driver2/src/IST_2025_sentry/build/CMakeFiles/CMakeTmp”
Building C object CMakeFiles/cmTC_0f22b.dir/src.c.o
/usr/bin/cc   -DCMAKE_HAVE_LIBC_PTHREAD   -o CMakeFiles/cmTC_0f22b.dir/src.c.o   -c /home/rm/catkin_livox_ros_driver2/src/IST_2025_sentry/build/CMakeFiles/CMakeTmp/src.c
Linking C executable cmTC_0f22b
/usr/bin/cmake -E cmake_link_script CMakeFiles/cmTC_0f22b.dir/link.txt --verbose=1
/usr/bin/cc  -DCMAKE_HAVE_LIBC_PTHREAD    -rdynamic CMakeFiles/cmTC_0f22b.dir/src.c.o  -o cmTC_0f22b 
/usr/bin/ld: CMakeFiles/cmTC_0f22b.dir/src.c.o: in function `main':
src.c:(.text+0x46): undefined reference to `pthread_create'
/usr/bin/ld: src.c:(.text+0x52): undefined reference to `pthread_detach'
/usr/bin/ld: src.c:(.text+0x63): undefined reference to `pthread_join'
collect2: error: ld returned 1 exit status
make[1]: *** [CMakeFiles/cmTC_0f22b.dir/build.make:87：cmTC_0f22b] 错误 1
make[1]: 离开目录“/home/rm/catkin_livox_ros_driver2/src/IST_2025_sentry/build/CMakeFiles/CMakeTmp”
make: *** [Makefile:121：cmTC_0f22b/fast] 错误 2


Source file was:
#include <pthread.h>

void* test_func(void* data)
{
  return data;
}

int main(void)
{
  pthread_t thread;
  pthread_create(&thread, NULL, test_func, NULL);
  pthread_detach(thread);
  pthread_join(thread, NULL);
  pthread_atfork(NULL, NULL, NULL);
  pthread_exit(NULL);

  return 0;
}

Determining if the function pthread_create exists in the pthreads failed with the following output:
Change Dir: /home/rm/catkin_livox_ros_driver2/src/IST_2025_sentry/build/CMakeFiles/CMakeTmp

Run Build Command(s):/usr/bin/make cmTC_cffc6/fast && /usr/bin/make -f CMakeFiles/cmTC_cffc6.dir/build.make CMakeFiles/cmTC_cffc6.dir/build
make[1]: 进入目录“/home/rm/catkin_livox_ros_driver2/src/IST_2025_sentry/build/CMakeFiles/CMakeTmp”
Building C object CMakeFiles/cmTC_cffc6.dir/CheckFunctionExists.c.o
/usr/bin/cc   -DCHECK_FUNCTION_EXISTS=pthread_create   -o CMakeFiles/cmTC_cffc6.dir/CheckFunctionExists.c.o   -c /usr/share/cmake-3.16/Modules/CheckFunctionExists.c
Linking C executable cmTC_cffc6
/usr/bin/cmake -E cmake_link_script CMakeFiles/cmTC_cffc6.dir/link.txt --verbose=1
/usr/bin/cc  -DCHECK_FUNCTION_EXISTS=pthread_create    -rdynamic CMakeFiles/cmTC_cffc6.dir/CheckFunctionExists.c.o  -o cmTC_cffc6  -lpthreads 
/usr/bin/ld: 找不到 -lpthreads
collect2: error: ld returned 1 exit status
make[1]: *** [CMakeFiles/cmTC_cffc6.dir/build.make:87：cmTC_cffc6] 错误 1
make[1]: 离开目录“/home/rm/catkin_livox_ros_driver2/src/IST_2025_sentry/build/CMakeFiles/CMakeTmp”
make: *** [Makefile:121：cmTC_cffc6/fast] 错误 2



Performing C SOURCE FILE Test CMAKE_HAVE_LIBC_PTHREAD failed with the following output:
Change Dir: /home/rm/catkin_livox_ros_driver2/src/IST_2025_sentry/build/CMakeFiles/CMakeTmp

Run Build Command(s):/usr/bin/make cmTC_29bd8/fast && /usr/bin/make -f CMakeFiles/cmTC_29bd8.dir/build.make CMakeFiles/cmTC_29bd8.dir/build
make[1]: 进入目录“/home/rm/catkin_livox_ros_driver2/src/IST_2025_sentry/build/CMakeFiles/CMakeTmp”
Building C object CMakeFiles/cmTC_29bd8.dir/src.c.o
/usr/bin/cc   -DCMAKE_HAVE_LIBC_PTHREAD   -o CMakeFiles/cmTC_29bd8.dir/src.c.o   -c /home/rm/catkin_livox_ros_driver2/src/IST_2025_sentry/build/CMakeFiles/CMakeTmp/src.c
Linking C executable cmTC_29bd8
/usr/bin/cmake -E cmake_link_script CMakeFiles/cmTC_29bd8.dir/link.txt --verbose=1
/usr/bin/cc  -DCMAKE_HAVE_LIBC_PTHREAD    -rdynamic CMakeFiles/cmTC_29bd8.dir/src.c.o  -o cmTC_29bd8 
/usr/bin/ld: CMakeFiles/cmTC_29bd8.dir/src.c.o: in function `main':
src.c:(.text+0x46): undefined reference to `pthread_create'
/usr/bin/ld: src.c:(.text+0x52): undefined reference to `pthread_detach'
/usr/bin/ld: src.c:(.text+0x63): undefined reference to `pthread_join'
collect2: error: ld returned 1 exit status
make[1]: *** [CMakeFiles/cmTC_29bd8.dir/build.make:87：cmTC_29bd8] 错误 1
make[1]: 离开目录“/home/rm/catkin_livox_ros_driver2/src/IST_2025_sentry/build/CMakeFiles/CMakeTmp”
make: *** [Makefile:121：cmTC_29bd8/fast] 错误 2


Source file was:
#include <pthread.h>

void* test_func(void* data)
{
  return data;
}

int main(void)
{
  pthread_t thread;
  pthread_create(&thread, NULL, test_func, NULL);
  pthread_detach(thread);
  pthread_join(thread, NULL);
  pthread_atfork(NULL, NULL, NULL);
  pthread_exit(NULL);

  return 0;
}

Determining if the function pthread_create exists in the pthreads failed with the following output:
Change Dir: /home/rm/catkin_livox_ros_driver2/src/IST_2025_sentry/build/CMakeFiles/CMakeTmp

Run Build Command(s):/usr/bin/make cmTC_d8bd7/fast && /usr/bin/make -f CMakeFiles/cmTC_d8bd7.dir/build.make CMakeFiles/cmTC_d8bd7.dir/build
make[1]: 进入目录“/home/rm/catkin_livox_ros_driver2/src/IST_2025_sentry/build/CMakeFiles/CMakeTmp”
Building C object CMakeFiles/cmTC_d8bd7.dir/CheckFunctionExists.c.o
/usr/bin/cc   -DCHECK_FUNCTION_EXISTS=pthread_create   -o CMakeFiles/cmTC_d8bd7.dir/CheckFunctionExists.c.o   -c /usr/share/cmake-3.16/Modules/CheckFunctionExists.c
Linking C executable cmTC_d8bd7
/usr/bin/cmake -E cmake_link_script CMakeFiles/cmTC_d8bd7.dir/link.txt --verbose=1
/usr/bin/cc  -DCHECK_FUNCTION_EXISTS=pthread_create    -rdynamic CMakeFiles/cmTC_d8bd7.dir/CheckFunctionExists.c.o  -o cmTC_d8bd7  -lpthreads 
/usr/bin/ld: 找不到 -lpthreads
collect2: error: ld returned 1 exit status
make[1]: *** [CMakeFiles/cmTC_d8bd7.dir/build.make:87：cmTC_d8bd7] 错误 1
make[1]: 离开目录“/home/rm/catkin_livox_ros_driver2/src/IST_2025_sentry/build/CMakeFiles/CMakeTmp”
make: *** [Makefile:121：cmTC_d8bd7/fast] 错误 2



Performing C SOURCE FILE Test CMAKE_HAVE_LIBC_PTHREAD failed with the following output:
Change Dir: /home/rm/catkin_livox_ros_driver2/src/IST_2025_sentry/build/CMakeFiles/CMakeTmp

Run Build Command(s):/usr/bin/make cmTC_d1aee/fast && /usr/bin/make -f CMakeFiles/cmTC_d1aee.dir/build.make CMakeFiles/cmTC_d1aee.dir/build
make[1]: 进入目录“/home/rm/catkin_livox_ros_driver2/src/IST_2025_sentry/build/CMakeFiles/CMakeTmp”
Building C object CMakeFiles/cmTC_d1aee.dir/src.c.o
/usr/bin/cc   -DCMAKE_HAVE_LIBC_PTHREAD   -o CMakeFiles/cmTC_d1aee.dir/src.c.o   -c /home/rm/catkin_livox_ros_driver2/src/IST_2025_sentry/build/CMakeFiles/CMakeTmp/src.c
Linking C executable cmTC_d1aee
/usr/bin/cmake -E cmake_link_script CMakeFiles/cmTC_d1aee.dir/link.txt --verbose=1
/usr/bin/cc  -DCMAKE_HAVE_LIBC_PTHREAD    -rdynamic CMakeFiles/cmTC_d1aee.dir/src.c.o  -o cmTC_d1aee 
/usr/bin/ld: CMakeFiles/cmTC_d1aee.dir/src.c.o: in function `main':
src.c:(.text+0x46): undefined reference to `pthread_create'
/usr/bin/ld: src.c:(.text+0x52): undefined reference to `pthread_detach'
/usr/bin/ld: src.c:(.text+0x63): undefined reference to `pthread_join'
collect2: error: ld returned 1 exit status
make[1]: *** [CMakeFiles/cmTC_d1aee.dir/build.make:87：cmTC_d1aee] 错误 1
make[1]: 离开目录“/home/rm/catkin_livox_ros_driver2/src/IST_2025_sentry/build/CMakeFiles/CMakeTmp”
make: *** [Makefile:121：cmTC_d1aee/fast] 错误 2


Source file was:
#include <pthread.h>

void* test_func(void* data)
{
  return data;
}

int main(void)
{
  pthread_t thread;
  pthread_create(&thread, NULL, test_func, NULL);
  pthread_detach(thread);
  pthread_join(thread, NULL);
  pthread_atfork(NULL, NULL, NULL);
  pthread_exit(NULL);

  return 0;
}

Determining if the function pthread_create exists in the pthreads failed with the following output:
Change Dir: /home/rm/catkin_livox_ros_driver2/src/IST_2025_sentry/build/CMakeFiles/CMakeTmp

Run Build Command(s):/usr/bin/make cmTC_ab9b4/fast && /usr/bin/make -f CMakeFiles/cmTC_ab9b4.dir/build.make CMakeFiles/cmTC_ab9b4.dir/build
make[1]: 进入目录“/home/rm/catkin_livox_ros_driver2/src/IST_2025_sentry/build/CMakeFiles/CMakeTmp”
Building C object CMakeFiles/cmTC_ab9b4.dir/CheckFunctionExists.c.o
/usr/bin/cc   -DCHECK_FUNCTION_EXISTS=pthread_create   -o CMakeFiles/cmTC_ab9b4.dir/CheckFunctionExists.c.o   -c /usr/share/cmake-3.16/Modules/CheckFunctionExists.c
Linking C executable cmTC_ab9b4
/usr/bin/cmake -E cmake_link_script CMakeFiles/cmTC_ab9b4.dir/link.txt --verbose=1
/usr/bin/cc  -DCHECK_FUNCTION_EXISTS=pthread_create    -rdynamic CMakeFiles/cmTC_ab9b4.dir/CheckFunctionExists.c.o  -o cmTC_ab9b4  -lpthreads 
/usr/bin/ld: 找不到 -lpthreads
collect2: error: ld returned 1 exit status
make[1]: *** [CMakeFiles/cmTC_ab9b4.dir/build.make:87：cmTC_ab9b4] 错误 1
make[1]: 离开目录“/home/rm/catkin_livox_ros_driver2/src/IST_2025_sentry/build/CMakeFiles/CMakeTmp”
make: *** [Makefile:121：cmTC_ab9b4/fast] 错误 2



Performing C SOURCE FILE Test CMAKE_HAVE_LIBC_PTHREAD failed with the following output:
Change Dir: /home/rm/catkin_livox_ros_driver2/src/IST_2025_sentry/build/CMakeFiles/CMakeTmp

Run Build Command(s):/usr/bin/make cmTC_705d1/fast && /usr/bin/make -f CMakeFiles/cmTC_705d1.dir/build.make CMakeFiles/cmTC_705d1.dir/build
make[1]: 进入目录“/home/rm/catkin_livox_ros_driver2/src/IST_2025_sentry/build/CMakeFiles/CMakeTmp”
Building C object CMakeFiles/cmTC_705d1.dir/src.c.o
/usr/bin/cc   -DCMAKE_HAVE_LIBC_PTHREAD   -o CMakeFiles/cmTC_705d1.dir/src.c.o   -c /home/rm/catkin_livox_ros_driver2/src/IST_2025_sentry/build/CMakeFiles/CMakeTmp/src.c
Linking C executable cmTC_705d1
/usr/bin/cmake -E cmake_link_script CMakeFiles/cmTC_705d1.dir/link.txt --verbose=1
/usr/bin/cc  -DCMAKE_HAVE_LIBC_PTHREAD    -rdynamic CMakeFiles/cmTC_705d1.dir/src.c.o  -o cmTC_705d1 
/usr/bin/ld: CMakeFiles/cmTC_705d1.dir/src.c.o: in function `main':
src.c:(.text+0x46): undefined reference to `pthread_create'
/usr/bin/ld: src.c:(.text+0x52): undefined reference to `pthread_detach'
/usr/bin/ld: src.c:(.text+0x63): undefined reference to `pthread_join'
collect2: error: ld returned 1 exit status
make[1]: *** [CMakeFiles/cmTC_705d1.dir/build.make:87：cmTC_705d1] 错误 1
make[1]: 离开目录“/home/rm/catkin_livox_ros_driver2/src/IST_2025_sentry/build/CMakeFiles/CMakeTmp”
make: *** [Makefile:121：cmTC_705d1/fast] 错误 2


Source file was:
#include <pthread.h>

void* test_func(void* data)
{
  return data;
}

int main(void)
{
  pthread_t thread;
  pthread_create(&thread, NULL, test_func, NULL);
  pthread_detach(thread);
  pthread_join(thread, NULL);
  pthread_atfork(NULL, NULL, NULL);
  pthread_exit(NULL);

  return 0;
}

Determining if the function pthread_create exists in the pthreads failed with the following output:
Change Dir: /home/rm/catkin_livox_ros_driver2/src/IST_2025_sentry/build/CMakeFiles/CMakeTmp

Run Build Command(s):/usr/bin/make cmTC_4c459/fast && /usr/bin/make -f CMakeFiles/cmTC_4c459.dir/build.make CMakeFiles/cmTC_4c459.dir/build
make[1]: 进入目录“/home/rm/catkin_livox_ros_driver2/src/IST_2025_sentry/build/CMakeFiles/CMakeTmp”
Building C object CMakeFiles/cmTC_4c459.dir/CheckFunctionExists.c.o
/usr/bin/cc   -DCHECK_FUNCTION_EXISTS=pthread_create   -o CMakeFiles/cmTC_4c459.dir/CheckFunctionExists.c.o   -c /usr/share/cmake-3.16/Modules/CheckFunctionExists.c
Linking C executable cmTC_4c459
/usr/bin/cmake -E cmake_link_script CMakeFiles/cmTC_4c459.dir/link.txt --verbose=1
/usr/bin/cc  -DCHECK_FUNCTION_EXISTS=pthread_create    -rdynamic CMakeFiles/cmTC_4c459.dir/CheckFunctionExists.c.o  -o cmTC_4c459  -lpthreads 
/usr/bin/ld: 找不到 -lpthreads
collect2: error: ld returned 1 exit status
make[1]: *** [CMakeFiles/cmTC_4c459.dir/build.make:87：cmTC_4c459] 错误 1
make[1]: 离开目录“/home/rm/catkin_livox_ros_driver2/src/IST_2025_sentry/build/CMakeFiles/CMakeTmp”
make: *** [Makefile:121：cmTC_4c459/fast] 错误 2



Performing C SOURCE FILE Test CMAKE_HAVE_LIBC_PTHREAD failed with the following output:
Change Dir: /home/rm/catkin_livox_ros_driver2/src/IST_2025_sentry/build/CMakeFiles/CMakeTmp

Run Build Command(s):/usr/bin/make cmTC_76de1/fast && /usr/bin/make -f CMakeFiles/cmTC_76de1.dir/build.make CMakeFiles/cmTC_76de1.dir/build
make[1]: 进入目录“/home/rm/catkin_livox_ros_driver2/src/IST_2025_sentry/build/CMakeFiles/CMakeTmp”
Building C object CMakeFiles/cmTC_76de1.dir/src.c.o
/usr/bin/cc   -DCMAKE_HAVE_LIBC_PTHREAD   -o CMakeFiles/cmTC_76de1.dir/src.c.o   -c /home/rm/catkin_livox_ros_driver2/src/IST_2025_sentry/build/CMakeFiles/CMakeTmp/src.c
Linking C executable cmTC_76de1
/usr/bin/cmake -E cmake_link_script CMakeFiles/cmTC_76de1.dir/link.txt --verbose=1
/usr/bin/cc  -DCMAKE_HAVE_LIBC_PTHREAD    -rdynamic CMakeFiles/cmTC_76de1.dir/src.c.o  -o cmTC_76de1 
/usr/bin/ld: CMakeFiles/cmTC_76de1.dir/src.c.o: in function `main':
src.c:(.text+0x46): undefined reference to `pthread_create'
/usr/bin/ld: src.c:(.text+0x52): undefined reference to `pthread_detach'
/usr/bin/ld: src.c:(.text+0x63): undefined reference to `pthread_join'
collect2: error: ld returned 1 exit status
make[1]: *** [CMakeFiles/cmTC_76de1.dir/build.make:87：cmTC_76de1] 错误 1
make[1]: 离开目录“/home/rm/catkin_livox_ros_driver2/src/IST_2025_sentry/build/CMakeFiles/CMakeTmp”
make: *** [Makefile:121：cmTC_76de1/fast] 错误 2


Source file was:
#include <pthread.h>

void* test_func(void* data)
{
  return data;
}

int main(void)
{
  pthread_t thread;
  pthread_create(&thread, NULL, test_func, NULL);
  pthread_detach(thread);
  pthread_join(thread, NULL);
  pthread_atfork(NULL, NULL, NULL);
  pthread_exit(NULL);

  return 0;
}

Determining if the function pthread_create exists in the pthreads failed with the following output:
Change Dir: /home/rm/catkin_livox_ros_driver2/src/IST_2025_sentry/build/CMakeFiles/CMakeTmp

Run Build Command(s):/usr/bin/make cmTC_0f996/fast && /usr/bin/make -f CMakeFiles/cmTC_0f996.dir/build.make CMakeFiles/cmTC_0f996.dir/build
make[1]: 进入目录“/home/rm/catkin_livox_ros_driver2/src/IST_2025_sentry/build/CMakeFiles/CMakeTmp”
Building C object CMakeFiles/cmTC_0f996.dir/CheckFunctionExists.c.o
/usr/bin/cc   -DCHECK_FUNCTION_EXISTS=pthread_create   -o CMakeFiles/cmTC_0f996.dir/CheckFunctionExists.c.o   -c /usr/share/cmake-3.16/Modules/CheckFunctionExists.c
Linking C executable cmTC_0f996
/usr/bin/cmake -E cmake_link_script CMakeFiles/cmTC_0f996.dir/link.txt --verbose=1
/usr/bin/cc  -DCHECK_FUNCTION_EXISTS=pthread_create    -rdynamic CMakeFiles/cmTC_0f996.dir/CheckFunctionExists.c.o  -o cmTC_0f996  -lpthreads 
/usr/bin/ld: 找不到 -lpthreads
collect2: error: ld returned 1 exit status
make[1]: *** [CMakeFiles/cmTC_0f996.dir/build.make:87：cmTC_0f996] 错误 1
make[1]: 离开目录“/home/rm/catkin_livox_ros_driver2/src/IST_2025_sentry/build/CMakeFiles/CMakeTmp”
make: *** [Makefile:121：cmTC_0f996/fast] 错误 2



Performing C SOURCE FILE Test CMAKE_HAVE_LIBC_PTHREAD failed with the following output:
Change Dir: /home/rm/catkin_livox_ros_driver2/src/IST_2025_sentry/build/CMakeFiles/CMakeTmp

Run Build Command(s):/usr/bin/make cmTC_9d758/fast && /usr/bin/make -f CMakeFiles/cmTC_9d758.dir/build.make CMakeFiles/cmTC_9d758.dir/build
make[1]: 进入目录“/home/rm/catkin_livox_ros_driver2/src/IST_2025_sentry/build/CMakeFiles/CMakeTmp”
Building C object CMakeFiles/cmTC_9d758.dir/src.c.o
/usr/bin/cc   -DCMAKE_HAVE_LIBC_PTHREAD   -o CMakeFiles/cmTC_9d758.dir/src.c.o   -c /home/rm/catkin_livox_ros_driver2/src/IST_2025_sentry/build/CMakeFiles/CMakeTmp/src.c
Linking C executable cmTC_9d758
/usr/bin/cmake -E cmake_link_script CMakeFiles/cmTC_9d758.dir/link.txt --verbose=1
/usr/bin/cc  -DCMAKE_HAVE_LIBC_PTHREAD    -rdynamic CMakeFiles/cmTC_9d758.dir/src.c.o  -o cmTC_9d758 
/usr/bin/ld: CMakeFiles/cmTC_9d758.dir/src.c.o: in function `main':
src.c:(.text+0x46): undefined reference to `pthread_create'
/usr/bin/ld: src.c:(.text+0x52): undefined reference to `pthread_detach'
/usr/bin/ld: src.c:(.text+0x63): undefined reference to `pthread_join'
collect2: error: ld returned 1 exit status
make[1]: *** [CMakeFiles/cmTC_9d758.dir/build.make:87：cmTC_9d758] 错误 1
make[1]: 离开目录“/home/rm/catkin_livox_ros_driver2/src/IST_2025_sentry/build/CMakeFiles/CMakeTmp”
make: *** [Makefile:121：cmTC_9d758/fast] 错误 2


Source file was:
#include <pthread.h>

void* test_func(void* data)
{
  return data;
}

int main(void)
{
  pthread_t thread;
  pthread_create(&thread, NULL, test_func, NULL);
  pthread_detach(thread);
  pthread_join(thread, NULL);
  pthread_atfork(NULL, NULL, NULL);
  pthread_exit(NULL);

  return 0;
}

Determining if the function pthread_create exists in the pthreads failed with the following output:
Change Dir: /home/rm/catkin_livox_ros_driver2/src/IST_2025_sentry/build/CMakeFiles/CMakeTmp

Run Build Command(s):/usr/bin/make cmTC_00a2a/fast && /usr/bin/make -f CMakeFiles/cmTC_00a2a.dir/build.make CMakeFiles/cmTC_00a2a.dir/build
make[1]: 进入目录“/home/rm/catkin_livox_ros_driver2/src/IST_2025_sentry/build/CMakeFiles/CMakeTmp”
Building C object CMakeFiles/cmTC_00a2a.dir/CheckFunctionExists.c.o
/usr/bin/cc   -DCHECK_FUNCTION_EXISTS=pthread_create   -o CMakeFiles/cmTC_00a2a.dir/CheckFunctionExists.c.o   -c /usr/share/cmake-3.16/Modules/CheckFunctionExists.c
Linking C executable cmTC_00a2a
/usr/bin/cmake -E cmake_link_script CMakeFiles/cmTC_00a2a.dir/link.txt --verbose=1
/usr/bin/cc  -DCHECK_FUNCTION_EXISTS=pthread_create    -rdynamic CMakeFiles/cmTC_00a2a.dir/CheckFunctionExists.c.o  -o cmTC_00a2a  -lpthreads 
/usr/bin/ld: 找不到 -lpthreads
collect2: error: ld returned 1 exit status
make[1]: *** [CMakeFiles/cmTC_00a2a.dir/build.make:87：cmTC_00a2a] 错误 1
make[1]: 离开目录“/home/rm/catkin_livox_ros_driver2/src/IST_2025_sentry/build/CMakeFiles/CMakeTmp”
make: *** [Makefile:121：cmTC_00a2a/fast] 错误 2



Performing C SOURCE FILE Test CMAKE_HAVE_LIBC_PTHREAD failed with the following output:
Change Dir: /home/rm/catkin_livox_ros_driver2/src/IST_2025_sentry/build/CMakeFiles/CMakeTmp

Run Build Command(s):/usr/bin/make cmTC_a9e59/fast && /usr/bin/make -f CMakeFiles/cmTC_a9e59.dir/build.make CMakeFiles/cmTC_a9e59.dir/build
make[1]: 进入目录“/home/rm/catkin_livox_ros_driver2/src/IST_2025_sentry/build/CMakeFiles/CMakeTmp”
Building C object CMakeFiles/cmTC_a9e59.dir/src.c.o
/usr/bin/cc   -DCMAKE_HAVE_LIBC_PTHREAD   -o CMakeFiles/cmTC_a9e59.dir/src.c.o   -c /home/rm/catkin_livox_ros_driver2/src/IST_2025_sentry/build/CMakeFiles/CMakeTmp/src.c
Linking C executable cmTC_a9e59
/usr/bin/cmake -E cmake_link_script CMakeFiles/cmTC_a9e59.dir/link.txt --verbose=1
/usr/bin/cc  -DCMAKE_HAVE_LIBC_PTHREAD    -rdynamic CMakeFiles/cmTC_a9e59.dir/src.c.o  -o cmTC_a9e59 
/usr/bin/ld: CMakeFiles/cmTC_a9e59.dir/src.c.o: in function `main':
src.c:(.text+0x46): undefined reference to `pthread_create'
/usr/bin/ld: src.c:(.text+0x52): undefined reference to `pthread_detach'
/usr/bin/ld: src.c:(.text+0x63): undefined reference to `pthread_join'
collect2: error: ld returned 1 exit status
make[1]: *** [CMakeFiles/cmTC_a9e59.dir/build.make:87：cmTC_a9e59] 错误 1
make[1]: 离开目录“/home/rm/catkin_livox_ros_driver2/src/IST_2025_sentry/build/CMakeFiles/CMakeTmp”
make: *** [Makefile:121：cmTC_a9e59/fast] 错误 2


Source file was:
#include <pthread.h>

void* test_func(void* data)
{
  return data;
}

int main(void)
{
  pthread_t thread;
  pthread_create(&thread, NULL, test_func, NULL);
  pthread_detach(thread);
  pthread_join(thread, NULL);
  pthread_atfork(NULL, NULL, NULL);
  pthread_exit(NULL);

  return 0;
}

Determining if the function pthread_create exists in the pthreads failed with the following output:
Change Dir: /home/rm/catkin_livox_ros_driver2/src/IST_2025_sentry/build/CMakeFiles/CMakeTmp

Run Build Command(s):/usr/bin/make cmTC_5532f/fast && /usr/bin/make -f CMakeFiles/cmTC_5532f.dir/build.make CMakeFiles/cmTC_5532f.dir/build
make[1]: 进入目录“/home/rm/catkin_livox_ros_driver2/src/IST_2025_sentry/build/CMakeFiles/CMakeTmp”
Building C object CMakeFiles/cmTC_5532f.dir/CheckFunctionExists.c.o
/usr/bin/cc   -DCHECK_FUNCTION_EXISTS=pthread_create   -o CMakeFiles/cmTC_5532f.dir/CheckFunctionExists.c.o   -c /usr/share/cmake-3.16/Modules/CheckFunctionExists.c
Linking C executable cmTC_5532f
/usr/bin/cmake -E cmake_link_script CMakeFiles/cmTC_5532f.dir/link.txt --verbose=1
/usr/bin/cc  -DCHECK_FUNCTION_EXISTS=pthread_create    -rdynamic CMakeFiles/cmTC_5532f.dir/CheckFunctionExists.c.o  -o cmTC_5532f  -lpthreads 
/usr/bin/ld: 找不到 -lpthreads
collect2: error: ld returned 1 exit status
make[1]: *** [CMakeFiles/cmTC_5532f.dir/build.make:87：cmTC_5532f] 错误 1
make[1]: 离开目录“/home/rm/catkin_livox_ros_driver2/src/IST_2025_sentry/build/CMakeFiles/CMakeTmp”
make: *** [Makefile:121：cmTC_5532f/fast] 错误 2



Performing C SOURCE FILE Test CMAKE_HAVE_LIBC_PTHREAD failed with the following output:
Change Dir: /home/rm/catkin_livox_ros_driver2/src/IST_2025_sentry/build/CMakeFiles/CMakeTmp

Run Build Command(s):/usr/bin/make cmTC_b3bcb/fast && /usr/bin/make -f CMakeFiles/cmTC_b3bcb.dir/build.make CMakeFiles/cmTC_b3bcb.dir/build
make[1]: 进入目录“/home/rm/catkin_livox_ros_driver2/src/IST_2025_sentry/build/CMakeFiles/CMakeTmp”
Building C object CMakeFiles/cmTC_b3bcb.dir/src.c.o
/usr/bin/cc   -DCMAKE_HAVE_LIBC_PTHREAD   -o CMakeFiles/cmTC_b3bcb.dir/src.c.o   -c /home/rm/catkin_livox_ros_driver2/src/IST_2025_sentry/build/CMakeFiles/CMakeTmp/src.c
Linking C executable cmTC_b3bcb
/usr/bin/cmake -E cmake_link_script CMakeFiles/cmTC_b3bcb.dir/link.txt --verbose=1
/usr/bin/cc  -DCMAKE_HAVE_LIBC_PTHREAD    -rdynamic CMakeFiles/cmTC_b3bcb.dir/src.c.o  -o cmTC_b3bcb 
/usr/bin/ld: CMakeFiles/cmTC_b3bcb.dir/src.c.o: in function `main':
src.c:(.text+0x46): undefined reference to `pthread_create'
/usr/bin/ld: src.c:(.text+0x52): undefined reference to `pthread_detach'
/usr/bin/ld: src.c:(.text+0x63): undefined reference to `pthread_join'
collect2: error: ld returned 1 exit status
make[1]: *** [CMakeFiles/cmTC_b3bcb.dir/build.make:87：cmTC_b3bcb] 错误 1
make[1]: 离开目录“/home/rm/catkin_livox_ros_driver2/src/IST_2025_sentry/build/CMakeFiles/CMakeTmp”
make: *** [Makefile:121：cmTC_b3bcb/fast] 错误 2


Source file was:
#include <pthread.h>

void* test_func(void* data)
{
  return data;
}

int main(void)
{
  pthread_t thread;
  pthread_create(&thread, NULL, test_func, NULL);
  pthread_detach(thread);
  pthread_join(thread, NULL);
  pthread_atfork(NULL, NULL, NULL);
  pthread_exit(NULL);

  return 0;
}

Determining if the function pthread_create exists in the pthreads failed with the following output:
Change Dir: /home/rm/catkin_livox_ros_driver2/src/IST_2025_sentry/build/CMakeFiles/CMakeTmp

Run Build Command(s):/usr/bin/make cmTC_0d625/fast && /usr/bin/make -f CMakeFiles/cmTC_0d625.dir/build.make CMakeFiles/cmTC_0d625.dir/build
make[1]: 进入目录“/home/rm/catkin_livox_ros_driver2/src/IST_2025_sentry/build/CMakeFiles/CMakeTmp”
Building C object CMakeFiles/cmTC_0d625.dir/CheckFunctionExists.c.o
/usr/bin/cc   -DCHECK_FUNCTION_EXISTS=pthread_create   -o CMakeFiles/cmTC_0d625.dir/CheckFunctionExists.c.o   -c /usr/share/cmake-3.16/Modules/CheckFunctionExists.c
Linking C executable cmTC_0d625
/usr/bin/cmake -E cmake_link_script CMakeFiles/cmTC_0d625.dir/link.txt --verbose=1
/usr/bin/cc  -DCHECK_FUNCTION_EXISTS=pthread_create    -rdynamic CMakeFiles/cmTC_0d625.dir/CheckFunctionExists.c.o  -o cmTC_0d625  -lpthreads 
/usr/bin/ld: 找不到 -lpthreads
collect2: error: ld returned 1 exit status
make[1]: *** [CMakeFiles/cmTC_0d625.dir/build.make:87：cmTC_0d625] 错误 1
make[1]: 离开目录“/home/rm/catkin_livox_ros_driver2/src/IST_2025_sentry/build/CMakeFiles/CMakeTmp”
make: *** [Makefile:121：cmTC_0d625/fast] 错误 2



Performing C SOURCE FILE Test CMAKE_HAVE_LIBC_PTHREAD failed with the following output:
Change Dir: /home/rm/catkin_livox_ros_driver2/src/IST_2025_sentry/build/CMakeFiles/CMakeTmp

Run Build Command(s):/usr/bin/make cmTC_665c5/fast && /usr/bin/make -f CMakeFiles/cmTC_665c5.dir/build.make CMakeFiles/cmTC_665c5.dir/build
make[1]: 进入目录“/home/rm/catkin_livox_ros_driver2/src/IST_2025_sentry/build/CMakeFiles/CMakeTmp”
Building C object CMakeFiles/cmTC_665c5.dir/src.c.o
/usr/bin/cc   -DCMAKE_HAVE_LIBC_PTHREAD   -o CMakeFiles/cmTC_665c5.dir/src.c.o   -c /home/rm/catkin_livox_ros_driver2/src/IST_2025_sentry/build/CMakeFiles/CMakeTmp/src.c
Linking C executable cmTC_665c5
/usr/bin/cmake -E cmake_link_script CMakeFiles/cmTC_665c5.dir/link.txt --verbose=1
/usr/bin/cc  -DCMAKE_HAVE_LIBC_PTHREAD    -rdynamic CMakeFiles/cmTC_665c5.dir/src.c.o  -o cmTC_665c5 
/usr/bin/ld: CMakeFiles/cmTC_665c5.dir/src.c.o: in function `main':
src.c:(.text+0x46): undefined reference to `pthread_create'
/usr/bin/ld: src.c:(.text+0x52): undefined reference to `pthread_detach'
/usr/bin/ld: src.c:(.text+0x63): undefined reference to `pthread_join'
collect2: error: ld returned 1 exit status
make[1]: *** [CMakeFiles/cmTC_665c5.dir/build.make:87：cmTC_665c5] 错误 1
make[1]: 离开目录“/home/rm/catkin_livox_ros_driver2/src/IST_2025_sentry/build/CMakeFiles/CMakeTmp”
make: *** [Makefile:121：cmTC_665c5/fast] 错误 2


Source file was:
#include <pthread.h>

void* test_func(void* data)
{
  return data;
}

int main(void)
{
  pthread_t thread;
  pthread_create(&thread, NULL, test_func, NULL);
  pthread_detach(thread);
  pthread_join(thread, NULL);
  pthread_atfork(NULL, NULL, NULL);
  pthread_exit(NULL);

  return 0;
}

Determining if the function pthread_create exists in the pthreads failed with the following output:
Change Dir: /home/rm/catkin_livox_ros_driver2/src/IST_2025_sentry/build/CMakeFiles/CMakeTmp

Run Build Command(s):/usr/bin/make cmTC_306cf/fast && /usr/bin/make -f CMakeFiles/cmTC_306cf.dir/build.make CMakeFiles/cmTC_306cf.dir/build
make[1]: 进入目录“/home/rm/catkin_livox_ros_driver2/src/IST_2025_sentry/build/CMakeFiles/CMakeTmp”
Building C object CMakeFiles/cmTC_306cf.dir/CheckFunctionExists.c.o
/usr/bin/cc   -DCHECK_FUNCTION_EXISTS=pthread_create   -o CMakeFiles/cmTC_306cf.dir/CheckFunctionExists.c.o   -c /usr/share/cmake-3.16/Modules/CheckFunctionExists.c
Linking C executable cmTC_306cf
/usr/bin/cmake -E cmake_link_script CMakeFiles/cmTC_306cf.dir/link.txt --verbose=1
/usr/bin/cc  -DCHECK_FUNCTION_EXISTS=pthread_create    -rdynamic CMakeFiles/cmTC_306cf.dir/CheckFunctionExists.c.o  -o cmTC_306cf  -lpthreads 
/usr/bin/ld: 找不到 -lpthreads
collect2: error: ld returned 1 exit status
make[1]: *** [CMakeFiles/cmTC_306cf.dir/build.make:87：cmTC_306cf] 错误 1
make[1]: 离开目录“/home/rm/catkin_livox_ros_driver2/src/IST_2025_sentry/build/CMakeFiles/CMakeTmp”
make: *** [Makefile:121：cmTC_306cf/fast] 错误 2



Performing C SOURCE FILE Test CMAKE_HAVE_LIBC_PTHREAD failed with the following output:
Change Dir: /home/rm/catkin_livox_ros_driver2/src/IST_2025_sentry/build/CMakeFiles/CMakeTmp

Run Build Command(s):/usr/bin/make cmTC_9fba1/fast && /usr/bin/make -f CMakeFiles/cmTC_9fba1.dir/build.make CMakeFiles/cmTC_9fba1.dir/build
make[1]: 进入目录“/home/rm/catkin_livox_ros_driver2/src/IST_2025_sentry/build/CMakeFiles/CMakeTmp”
Building C object CMakeFiles/cmTC_9fba1.dir/src.c.o
/usr/bin/cc   -DCMAKE_HAVE_LIBC_PTHREAD   -o CMakeFiles/cmTC_9fba1.dir/src.c.o   -c /home/rm/catkin_livox_ros_driver2/src/IST_2025_sentry/build/CMakeFiles/CMakeTmp/src.c
Linking C executable cmTC_9fba1
/usr/bin/cmake -E cmake_link_script CMakeFiles/cmTC_9fba1.dir/link.txt --verbose=1
/usr/bin/cc  -DCMAKE_HAVE_LIBC_PTHREAD    -rdynamic CMakeFiles/cmTC_9fba1.dir/src.c.o  -o cmTC_9fba1 
/usr/bin/ld: CMakeFiles/cmTC_9fba1.dir/src.c.o: in function `main':
src.c:(.text+0x46): undefined reference to `pthread_create'
/usr/bin/ld: src.c:(.text+0x52): undefined reference to `pthread_detach'
/usr/bin/ld: src.c:(.text+0x63): undefined reference to `pthread_join'
collect2: error: ld returned 1 exit status
make[1]: *** [CMakeFiles/cmTC_9fba1.dir/build.make:87：cmTC_9fba1] 错误 1
make[1]: 离开目录“/home/rm/catkin_livox_ros_driver2/src/IST_2025_sentry/build/CMakeFiles/CMakeTmp”
make: *** [Makefile:121：cmTC_9fba1/fast] 错误 2


Source file was:
#include <pthread.h>

void* test_func(void* data)
{
  return data;
}

int main(void)
{
  pthread_t thread;
  pthread_create(&thread, NULL, test_func, NULL);
  pthread_detach(thread);
  pthread_join(thread, NULL);
  pthread_atfork(NULL, NULL, NULL);
  pthread_exit(NULL);

  return 0;
}

Determining if the function pthread_create exists in the pthreads failed with the following output:
Change Dir: /home/rm/catkin_livox_ros_driver2/src/IST_2025_sentry/build/CMakeFiles/CMakeTmp

Run Build Command(s):/usr/bin/make cmTC_6f5a1/fast && /usr/bin/make -f CMakeFiles/cmTC_6f5a1.dir/build.make CMakeFiles/cmTC_6f5a1.dir/build
make[1]: 进入目录“/home/rm/catkin_livox_ros_driver2/src/IST_2025_sentry/build/CMakeFiles/CMakeTmp”
Building C object CMakeFiles/cmTC_6f5a1.dir/CheckFunctionExists.c.o
/usr/bin/cc   -DCHECK_FUNCTION_EXISTS=pthread_create   -o CMakeFiles/cmTC_6f5a1.dir/CheckFunctionExists.c.o   -c /usr/share/cmake-3.16/Modules/CheckFunctionExists.c
Linking C executable cmTC_6f5a1
/usr/bin/cmake -E cmake_link_script CMakeFiles/cmTC_6f5a1.dir/link.txt --verbose=1
/usr/bin/cc  -DCHECK_FUNCTION_EXISTS=pthread_create    -rdynamic CMakeFiles/cmTC_6f5a1.dir/CheckFunctionExists.c.o  -o cmTC_6f5a1  -lpthreads 
/usr/bin/ld: 找不到 -lpthreads
collect2: error: ld returned 1 exit status
make[1]: *** [CMakeFiles/cmTC_6f5a1.dir/build.make:87：cmTC_6f5a1] 错误 1
make[1]: 离开目录“/home/rm/catkin_livox_ros_driver2/src/IST_2025_sentry/build/CMakeFiles/CMakeTmp”
make: *** [Makefile:121：cmTC_6f5a1/fast] 错误 2



Performing C SOURCE FILE Test CMAKE_HAVE_LIBC_PTHREAD failed with the following output:
Change Dir: /home/rm/catkin_livox_ros_driver2/src/IST_2025_sentry/build/CMakeFiles/CMakeTmp

Run Build Command(s):/usr/bin/make cmTC_383e2/fast && /usr/bin/make -f CMakeFiles/cmTC_383e2.dir/build.make CMakeFiles/cmTC_383e2.dir/build
make[1]: 进入目录“/home/rm/catkin_livox_ros_driver2/src/IST_2025_sentry/build/CMakeFiles/CMakeTmp”
Building C object CMakeFiles/cmTC_383e2.dir/src.c.o
/usr/bin/cc   -DCMAKE_HAVE_LIBC_PTHREAD   -o CMakeFiles/cmTC_383e2.dir/src.c.o   -c /home/rm/catkin_livox_ros_driver2/src/IST_2025_sentry/build/CMakeFiles/CMakeTmp/src.c
Linking C executable cmTC_383e2
/usr/bin/cmake -E cmake_link_script CMakeFiles/cmTC_383e2.dir/link.txt --verbose=1
/usr/bin/cc  -DCMAKE_HAVE_LIBC_PTHREAD    -rdynamic CMakeFiles/cmTC_383e2.dir/src.c.o  -o cmTC_383e2 
/usr/bin/ld: CMakeFiles/cmTC_383e2.dir/src.c.o: in function `main':
src.c:(.text+0x46): undefined reference to `pthread_create'
/usr/bin/ld: src.c:(.text+0x52): undefined reference to `pthread_detach'
/usr/bin/ld: src.c:(.text+0x63): undefined reference to `pthread_join'
collect2: error: ld returned 1 exit status
make[1]: *** [CMakeFiles/cmTC_383e2.dir/build.make:87：cmTC_383e2] 错误 1
make[1]: 离开目录“/home/rm/catkin_livox_ros_driver2/src/IST_2025_sentry/build/CMakeFiles/CMakeTmp”
make: *** [Makefile:121：cmTC_383e2/fast] 错误 2


Source file was:
#include <pthread.h>

void* test_func(void* data)
{
  return data;
}

int main(void)
{
  pthread_t thread;
  pthread_create(&thread, NULL, test_func, NULL);
  pthread_detach(thread);
  pthread_join(thread, NULL);
  pthread_atfork(NULL, NULL, NULL);
  pthread_exit(NULL);

  return 0;
}

Determining if the function pthread_create exists in the pthreads failed with the following output:
Change Dir: /home/rm/catkin_livox_ros_driver2/src/IST_2025_sentry/build/CMakeFiles/CMakeTmp

Run Build Command(s):/usr/bin/make cmTC_46268/fast && /usr/bin/make -f CMakeFiles/cmTC_46268.dir/build.make CMakeFiles/cmTC_46268.dir/build
make[1]: 进入目录“/home/rm/catkin_livox_ros_driver2/src/IST_2025_sentry/build/CMakeFiles/CMakeTmp”
Building C object CMakeFiles/cmTC_46268.dir/CheckFunctionExists.c.o
/usr/bin/cc   -DCHECK_FUNCTION_EXISTS=pthread_create   -o CMakeFiles/cmTC_46268.dir/CheckFunctionExists.c.o   -c /usr/share/cmake-3.16/Modules/CheckFunctionExists.c
Linking C executable cmTC_46268
/usr/bin/cmake -E cmake_link_script CMakeFiles/cmTC_46268.dir/link.txt --verbose=1
/usr/bin/cc  -DCHECK_FUNCTION_EXISTS=pthread_create    -rdynamic CMakeFiles/cmTC_46268.dir/CheckFunctionExists.c.o  -o cmTC_46268  -lpthreads 
/usr/bin/ld: 找不到 -lpthreads
collect2: error: ld returned 1 exit status
make[1]: *** [CMakeFiles/cmTC_46268.dir/build.make:87：cmTC_46268] 错误 1
make[1]: 离开目录“/home/rm/catkin_livox_ros_driver2/src/IST_2025_sentry/build/CMakeFiles/CMakeTmp”
make: *** [Makefile:121：cmTC_46268/fast] 错误 2



Performing C SOURCE FILE Test CMAKE_HAVE_LIBC_PTHREAD failed with the following output:
Change Dir: /home/rm/catkin_livox_ros_driver2/src/IST_2025_sentry/build/CMakeFiles/CMakeTmp

Run Build Command(s):/usr/bin/make cmTC_4d5ea/fast && /usr/bin/make -f CMakeFiles/cmTC_4d5ea.dir/build.make CMakeFiles/cmTC_4d5ea.dir/build
make[1]: 进入目录“/home/rm/catkin_livox_ros_driver2/src/IST_2025_sentry/build/CMakeFiles/CMakeTmp”
Building C object CMakeFiles/cmTC_4d5ea.dir/src.c.o
/usr/bin/cc   -DCMAKE_HAVE_LIBC_PTHREAD   -o CMakeFiles/cmTC_4d5ea.dir/src.c.o   -c /home/rm/catkin_livox_ros_driver2/src/IST_2025_sentry/build/CMakeFiles/CMakeTmp/src.c
Linking C executable cmTC_4d5ea
/usr/bin/cmake -E cmake_link_script CMakeFiles/cmTC_4d5ea.dir/link.txt --verbose=1
/usr/bin/cc  -DCMAKE_HAVE_LIBC_PTHREAD    -rdynamic CMakeFiles/cmTC_4d5ea.dir/src.c.o  -o cmTC_4d5ea 
/usr/bin/ld: CMakeFiles/cmTC_4d5ea.dir/src.c.o: in function `main':
src.c:(.text+0x46): undefined reference to `pthread_create'
/usr/bin/ld: src.c:(.text+0x52): undefined reference to `pthread_detach'
/usr/bin/ld: src.c:(.text+0x63): undefined reference to `pthread_join'
collect2: error: ld returned 1 exit status
make[1]: *** [CMakeFiles/cmTC_4d5ea.dir/build.make:87：cmTC_4d5ea] 错误 1
make[1]: 离开目录“/home/rm/catkin_livox_ros_driver2/src/IST_2025_sentry/build/CMakeFiles/CMakeTmp”
make: *** [Makefile:121：cmTC_4d5ea/fast] 错误 2


Source file was:
#include <pthread.h>

void* test_func(void* data)
{
  return data;
}

int main(void)
{
  pthread_t thread;
  pthread_create(&thread, NULL, test_func, NULL);
  pthread_detach(thread);
  pthread_join(thread, NULL);
  pthread_atfork(NULL, NULL, NULL);
  pthread_exit(NULL);

  return 0;
}

Determining if the function pthread_create exists in the pthreads failed with the following output:
Change Dir: /home/rm/catkin_livox_ros_driver2/src/IST_2025_sentry/build/CMakeFiles/CMakeTmp

Run Build Command(s):/usr/bin/make cmTC_228c3/fast && /usr/bin/make -f CMakeFiles/cmTC_228c3.dir/build.make CMakeFiles/cmTC_228c3.dir/build
make[1]: 进入目录“/home/rm/catkin_livox_ros_driver2/src/IST_2025_sentry/build/CMakeFiles/CMakeTmp”
Building C object CMakeFiles/cmTC_228c3.dir/CheckFunctionExists.c.o
/usr/bin/cc   -DCHECK_FUNCTION_EXISTS=pthread_create   -o CMakeFiles/cmTC_228c3.dir/CheckFunctionExists.c.o   -c /usr/share/cmake-3.16/Modules/CheckFunctionExists.c
Linking C executable cmTC_228c3
/usr/bin/cmake -E cmake_link_script CMakeFiles/cmTC_228c3.dir/link.txt --verbose=1
/usr/bin/cc  -DCHECK_FUNCTION_EXISTS=pthread_create    -rdynamic CMakeFiles/cmTC_228c3.dir/CheckFunctionExists.c.o  -o cmTC_228c3  -lpthreads 
/usr/bin/ld: 找不到 -lpthreads
collect2: error: ld returned 1 exit status
make[1]: *** [CMakeFiles/cmTC_228c3.dir/build.make:87：cmTC_228c3] 错误 1
make[1]: 离开目录“/home/rm/catkin_livox_ros_driver2/src/IST_2025_sentry/build/CMakeFiles/CMakeTmp”
make: *** [Makefile:121：cmTC_228c3/fast] 错误 2



Performing C SOURCE FILE Test CMAKE_HAVE_LIBC_PTHREAD failed with the following output:
Change Dir: /home/rm/catkin_livox_ros_driver2/src/IST_2025_sentry/build/CMakeFiles/CMakeTmp

Run Build Command(s):/usr/bin/make cmTC_f14f6/fast && /usr/bin/make -f CMakeFiles/cmTC_f14f6.dir/build.make CMakeFiles/cmTC_f14f6.dir/build
make[1]: 进入目录“/home/rm/catkin_livox_ros_driver2/src/IST_2025_sentry/build/CMakeFiles/CMakeTmp”
Building C object CMakeFiles/cmTC_f14f6.dir/src.c.o
/usr/bin/cc   -DCMAKE_HAVE_LIBC_PTHREAD   -o CMakeFiles/cmTC_f14f6.dir/src.c.o   -c /home/rm/catkin_livox_ros_driver2/src/IST_2025_sentry/build/CMakeFiles/CMakeTmp/src.c
Linking C executable cmTC_f14f6
/usr/bin/cmake -E cmake_link_script CMakeFiles/cmTC_f14f6.dir/link.txt --verbose=1
/usr/bin/cc  -DCMAKE_HAVE_LIBC_PTHREAD    -rdynamic CMakeFiles/cmTC_f14f6.dir/src.c.o  -o cmTC_f14f6 
/usr/bin/ld: CMakeFiles/cmTC_f14f6.dir/src.c.o: in function `main':
src.c:(.text+0x46): undefined reference to `pthread_create'
/usr/bin/ld: src.c:(.text+0x52): undefined reference to `pthread_detach'
/usr/bin/ld: src.c:(.text+0x63): undefined reference to `pthread_join'
collect2: error: ld returned 1 exit status
make[1]: *** [CMakeFiles/cmTC_f14f6.dir/build.make:87：cmTC_f14f6] 错误 1
make[1]: 离开目录“/home/rm/catkin_livox_ros_driver2/src/IST_2025_sentry/build/CMakeFiles/CMakeTmp”
make: *** [Makefile:121：cmTC_f14f6/fast] 错误 2


Source file was:
#include <pthread.h>

void* test_func(void* data)
{
  return data;
}

int main(void)
{
  pthread_t thread;
  pthread_create(&thread, NULL, test_func, NULL);
  pthread_detach(thread);
  pthread_join(thread, NULL);
  pthread_atfork(NULL, NULL, NULL);
  pthread_exit(NULL);

  return 0;
}

Determining if the function pthread_create exists in the pthreads failed with the following output:
Change Dir: /home/rm/catkin_livox_ros_driver2/src/IST_2025_sentry/build/CMakeFiles/CMakeTmp

Run Build Command(s):/usr/bin/make cmTC_40a6a/fast && /usr/bin/make -f CMakeFiles/cmTC_40a6a.dir/build.make CMakeFiles/cmTC_40a6a.dir/build
make[1]: 进入目录“/home/rm/catkin_livox_ros_driver2/src/IST_2025_sentry/build/CMakeFiles/CMakeTmp”
Building C object CMakeFiles/cmTC_40a6a.dir/CheckFunctionExists.c.o
/usr/bin/cc   -DCHECK_FUNCTION_EXISTS=pthread_create   -o CMakeFiles/cmTC_40a6a.dir/CheckFunctionExists.c.o   -c /usr/share/cmake-3.16/Modules/CheckFunctionExists.c
Linking C executable cmTC_40a6a
/usr/bin/cmake -E cmake_link_script CMakeFiles/cmTC_40a6a.dir/link.txt --verbose=1
/usr/bin/cc  -DCHECK_FUNCTION_EXISTS=pthread_create    -rdynamic CMakeFiles/cmTC_40a6a.dir/CheckFunctionExists.c.o  -o cmTC_40a6a  -lpthreads 
/usr/bin/ld: 找不到 -lpthreads
collect2: error: ld returned 1 exit status
make[1]: *** [CMakeFiles/cmTC_40a6a.dir/build.make:87：cmTC_40a6a] 错误 1
make[1]: 离开目录“/home/rm/catkin_livox_ros_driver2/src/IST_2025_sentry/build/CMakeFiles/CMakeTmp”
make: *** [Makefile:121：cmTC_40a6a/fast] 错误 2



Performing C SOURCE FILE Test CMAKE_HAVE_LIBC_PTHREAD failed with the following output:
Change Dir: /home/rm/catkin_livox_ros_driver2/src/IST_2025_sentry/build/CMakeFiles/CMakeTmp

Run Build Command(s):/usr/bin/make cmTC_9e47a/fast && /usr/bin/make -f CMakeFiles/cmTC_9e47a.dir/build.make CMakeFiles/cmTC_9e47a.dir/build
make[1]: 进入目录“/home/rm/catkin_livox_ros_driver2/src/IST_2025_sentry/build/CMakeFiles/CMakeTmp”
Building C object CMakeFiles/cmTC_9e47a.dir/src.c.o
/usr/bin/cc   -DCMAKE_HAVE_LIBC_PTHREAD   -o CMakeFiles/cmTC_9e47a.dir/src.c.o   -c /home/rm/catkin_livox_ros_driver2/src/IST_2025_sentry/build/CMakeFiles/CMakeTmp/src.c
Linking C executable cmTC_9e47a
/usr/bin/cmake -E cmake_link_script CMakeFiles/cmTC_9e47a.dir/link.txt --verbose=1
/usr/bin/cc  -DCMAKE_HAVE_LIBC_PTHREAD    -rdynamic CMakeFiles/cmTC_9e47a.dir/src.c.o  -o cmTC_9e47a 
/usr/bin/ld: CMakeFiles/cmTC_9e47a.dir/src.c.o: in function `main':
src.c:(.text+0x46): undefined reference to `pthread_create'
/usr/bin/ld: src.c:(.text+0x52): undefined reference to `pthread_detach'
/usr/bin/ld: src.c:(.text+0x63): undefined reference to `pthread_join'
collect2: error: ld returned 1 exit status
make[1]: *** [CMakeFiles/cmTC_9e47a.dir/build.make:87：cmTC_9e47a] 错误 1
make[1]: 离开目录“/home/rm/catkin_livox_ros_driver2/src/IST_2025_sentry/build/CMakeFiles/CMakeTmp”
make: *** [Makefile:121：cmTC_9e47a/fast] 错误 2


Source file was:
#include <pthread.h>

void* test_func(void* data)
{
  return data;
}

int main(void)
{
  pthread_t thread;
  pthread_create(&thread, NULL, test_func, NULL);
  pthread_detach(thread);
  pthread_join(thread, NULL);
  pthread_atfork(NULL, NULL, NULL);
  pthread_exit(NULL);

  return 0;
}

Determining if the function pthread_create exists in the pthreads failed with the following output:
Change Dir: /home/rm/catkin_livox_ros_driver2/src/IST_2025_sentry/build/CMakeFiles/CMakeTmp

Run Build Command(s):/usr/bin/make cmTC_f6ca9/fast && /usr/bin/make -f CMakeFiles/cmTC_f6ca9.dir/build.make CMakeFiles/cmTC_f6ca9.dir/build
make[1]: 进入目录“/home/rm/catkin_livox_ros_driver2/src/IST_2025_sentry/build/CMakeFiles/CMakeTmp”
Building C object CMakeFiles/cmTC_f6ca9.dir/CheckFunctionExists.c.o
/usr/bin/cc   -DCHECK_FUNCTION_EXISTS=pthread_create   -o CMakeFiles/cmTC_f6ca9.dir/CheckFunctionExists.c.o   -c /usr/share/cmake-3.16/Modules/CheckFunctionExists.c
Linking C executable cmTC_f6ca9
/usr/bin/cmake -E cmake_link_script CMakeFiles/cmTC_f6ca9.dir/link.txt --verbose=1
/usr/bin/cc  -DCHECK_FUNCTION_EXISTS=pthread_create    -rdynamic CMakeFiles/cmTC_f6ca9.dir/CheckFunctionExists.c.o  -o cmTC_f6ca9  -lpthreads 
/usr/bin/ld: 找不到 -lpthreads
collect2: error: ld returned 1 exit status
make[1]: *** [CMakeFiles/cmTC_f6ca9.dir/build.make:87：cmTC_f6ca9] 错误 1
make[1]: 离开目录“/home/rm/catkin_livox_ros_driver2/src/IST_2025_sentry/build/CMakeFiles/CMakeTmp”
make: *** [Makefile:121：cmTC_f6ca9/fast] 错误 2



Performing C SOURCE FILE Test CMAKE_HAVE_LIBC_PTHREAD failed with the following output:
Change Dir: /home/rm/catkin_livox_ros_driver2/src/IST_2025_sentry/build/CMakeFiles/CMakeTmp

Run Build Command(s):/usr/bin/make cmTC_34197/fast && /usr/bin/make -f CMakeFiles/cmTC_34197.dir/build.make CMakeFiles/cmTC_34197.dir/build
make[1]: 进入目录“/home/rm/catkin_livox_ros_driver2/src/IST_2025_sentry/build/CMakeFiles/CMakeTmp”
Building C object CMakeFiles/cmTC_34197.dir/src.c.o
/usr/bin/cc   -DCMAKE_HAVE_LIBC_PTHREAD   -o CMakeFiles/cmTC_34197.dir/src.c.o   -c /home/rm/catkin_livox_ros_driver2/src/IST_2025_sentry/build/CMakeFiles/CMakeTmp/src.c
Linking C executable cmTC_34197
/usr/bin/cmake -E cmake_link_script CMakeFiles/cmTC_34197.dir/link.txt --verbose=1
/usr/bin/cc  -DCMAKE_HAVE_LIBC_PTHREAD    -rdynamic CMakeFiles/cmTC_34197.dir/src.c.o  -o cmTC_34197 
/usr/bin/ld: CMakeFiles/cmTC_34197.dir/src.c.o: in function `main':
src.c:(.text+0x46): undefined reference to `pthread_create'
/usr/bin/ld: src.c:(.text+0x52): undefined reference to `pthread_detach'
/usr/bin/ld: src.c:(.text+0x63): undefined reference to `pthread_join'
collect2: error: ld returned 1 exit status
make[1]: *** [CMakeFiles/cmTC_34197.dir/build.make:87：cmTC_34197] 错误 1
make[1]: 离开目录“/home/rm/catkin_livox_ros_driver2/src/IST_2025_sentry/build/CMakeFiles/CMakeTmp”
make: *** [Makefile:121：cmTC_34197/fast] 错误 2


Source file was:
#include <pthread.h>

void* test_func(void* data)
{
  return data;
}

int main(void)
{
  pthread_t thread;
  pthread_create(&thread, NULL, test_func, NULL);
  pthread_detach(thread);
  pthread_join(thread, NULL);
  pthread_atfork(NULL, NULL, NULL);
  pthread_exit(NULL);

  return 0;
}

Determining if the function pthread_create exists in the pthreads failed with the following output:
Change Dir: /home/rm/catkin_livox_ros_driver2/src/IST_2025_sentry/build/CMakeFiles/CMakeTmp

Run Build Command(s):/usr/bin/make cmTC_f711c/fast && /usr/bin/make -f CMakeFiles/cmTC_f711c.dir/build.make CMakeFiles/cmTC_f711c.dir/build
make[1]: 进入目录“/home/rm/catkin_livox_ros_driver2/src/IST_2025_sentry/build/CMakeFiles/CMakeTmp”
Building C object CMakeFiles/cmTC_f711c.dir/CheckFunctionExists.c.o
/usr/bin/cc   -DCHECK_FUNCTION_EXISTS=pthread_create   -o CMakeFiles/cmTC_f711c.dir/CheckFunctionExists.c.o   -c /usr/share/cmake-3.16/Modules/CheckFunctionExists.c
Linking C executable cmTC_f711c
/usr/bin/cmake -E cmake_link_script CMakeFiles/cmTC_f711c.dir/link.txt --verbose=1
/usr/bin/cc  -DCHECK_FUNCTION_EXISTS=pthread_create    -rdynamic CMakeFiles/cmTC_f711c.dir/CheckFunctionExists.c.o  -o cmTC_f711c  -lpthreads 
/usr/bin/ld: 找不到 -lpthreads
collect2: error: ld returned 1 exit status
make[1]: *** [CMakeFiles/cmTC_f711c.dir/build.make:87：cmTC_f711c] 错误 1
make[1]: 离开目录“/home/rm/catkin_livox_ros_driver2/src/IST_2025_sentry/build/CMakeFiles/CMakeTmp”
make: *** [Makefile:121：cmTC_f711c/fast] 错误 2



Performing C SOURCE FILE Test CMAKE_HAVE_LIBC_PTHREAD failed with the following output:
Change Dir: /home/rm/catkin_livox_ros_driver2/src/IST_2025_sentry/build/CMakeFiles/CMakeTmp

Run Build Command(s):/usr/bin/make cmTC_3e788/fast && /usr/bin/make -f CMakeFiles/cmTC_3e788.dir/build.make CMakeFiles/cmTC_3e788.dir/build
make[1]: 进入目录“/home/rm/catkin_livox_ros_driver2/src/IST_2025_sentry/build/CMakeFiles/CMakeTmp”
Building C object CMakeFiles/cmTC_3e788.dir/src.c.o
/usr/bin/cc   -DCMAKE_HAVE_LIBC_PTHREAD   -o CMakeFiles/cmTC_3e788.dir/src.c.o   -c /home/rm/catkin_livox_ros_driver2/src/IST_2025_sentry/build/CMakeFiles/CMakeTmp/src.c
Linking C executable cmTC_3e788
/usr/bin/cmake -E cmake_link_script CMakeFiles/cmTC_3e788.dir/link.txt --verbose=1
/usr/bin/cc  -DCMAKE_HAVE_LIBC_PTHREAD    -rdynamic CMakeFiles/cmTC_3e788.dir/src.c.o  -o cmTC_3e788 
/usr/bin/ld: CMakeFiles/cmTC_3e788.dir/src.c.o: in function `main':
src.c:(.text+0x46): undefined reference to `pthread_create'
/usr/bin/ld: src.c:(.text+0x52): undefined reference to `pthread_detach'
/usr/bin/ld: src.c:(.text+0x63): undefined reference to `pthread_join'
collect2: error: ld returned 1 exit status
make[1]: *** [CMakeFiles/cmTC_3e788.dir/build.make:87：cmTC_3e788] 错误 1
make[1]: 离开目录“/home/rm/catkin_livox_ros_driver2/src/IST_2025_sentry/build/CMakeFiles/CMakeTmp”
make: *** [Makefile:121：cmTC_3e788/fast] 错误 2


Source file was:
#include <pthread.h>

void* test_func(void* data)
{
  return data;
}

int main(void)
{
  pthread_t thread;
  pthread_create(&thread, NULL, test_func, NULL);
  pthread_detach(thread);
  pthread_join(thread, NULL);
  pthread_atfork(NULL, NULL, NULL);
  pthread_exit(NULL);

  return 0;
}

Determining if the function pthread_create exists in the pthreads failed with the following output:
Change Dir: /home/rm/catkin_livox_ros_driver2/src/IST_2025_sentry/build/CMakeFiles/CMakeTmp

Run Build Command(s):/usr/bin/make cmTC_a397c/fast && /usr/bin/make -f CMakeFiles/cmTC_a397c.dir/build.make CMakeFiles/cmTC_a397c.dir/build
make[1]: 进入目录“/home/rm/catkin_livox_ros_driver2/src/IST_2025_sentry/build/CMakeFiles/CMakeTmp”
Building C object CMakeFiles/cmTC_a397c.dir/CheckFunctionExists.c.o
/usr/bin/cc   -DCHECK_FUNCTION_EXISTS=pthread_create   -o CMakeFiles/cmTC_a397c.dir/CheckFunctionExists.c.o   -c /usr/share/cmake-3.16/Modules/CheckFunctionExists.c
Linking C executable cmTC_a397c
/usr/bin/cmake -E cmake_link_script CMakeFiles/cmTC_a397c.dir/link.txt --verbose=1
/usr/bin/cc  -DCHECK_FUNCTION_EXISTS=pthread_create    -rdynamic CMakeFiles/cmTC_a397c.dir/CheckFunctionExists.c.o  -o cmTC_a397c  -lpthreads 
/usr/bin/ld: 找不到 -lpthreads
collect2: error: ld returned 1 exit status
make[1]: *** [CMakeFiles/cmTC_a397c.dir/build.make:87：cmTC_a397c] 错误 1
make[1]: 离开目录“/home/rm/catkin_livox_ros_driver2/src/IST_2025_sentry/build/CMakeFiles/CMakeTmp”
make: *** [Makefile:121：cmTC_a397c/fast] 错误 2



Performing C SOURCE FILE Test CMAKE_HAVE_LIBC_PTHREAD failed with the following output:
Change Dir: /home/rm/catkin_livox_ros_driver2/src/IST_2025_sentry/build/CMakeFiles/CMakeTmp

Run Build Command(s):/usr/bin/make cmTC_66648/fast && /usr/bin/make -f CMakeFiles/cmTC_66648.dir/build.make CMakeFiles/cmTC_66648.dir/build
make[1]: 进入目录“/home/rm/catkin_livox_ros_driver2/src/IST_2025_sentry/build/CMakeFiles/CMakeTmp”
Building C object CMakeFiles/cmTC_66648.dir/src.c.o
/usr/bin/cc   -DCMAKE_HAVE_LIBC_PTHREAD   -o CMakeFiles/cmTC_66648.dir/src.c.o   -c /home/rm/catkin_livox_ros_driver2/src/IST_2025_sentry/build/CMakeFiles/CMakeTmp/src.c
Linking C executable cmTC_66648
/usr/bin/cmake -E cmake_link_script CMakeFiles/cmTC_66648.dir/link.txt --verbose=1
/usr/bin/cc  -DCMAKE_HAVE_LIBC_PTHREAD    -rdynamic CMakeFiles/cmTC_66648.dir/src.c.o  -o cmTC_66648 
/usr/bin/ld: CMakeFiles/cmTC_66648.dir/src.c.o: in function `main':
src.c:(.text+0x46): undefined reference to `pthread_create'
/usr/bin/ld: src.c:(.text+0x52): undefined reference to `pthread_detach'
/usr/bin/ld: src.c:(.text+0x63): undefined reference to `pthread_join'
collect2: error: ld returned 1 exit status
make[1]: *** [CMakeFiles/cmTC_66648.dir/build.make:87：cmTC_66648] 错误 1
make[1]: 离开目录“/home/rm/catkin_livox_ros_driver2/src/IST_2025_sentry/build/CMakeFiles/CMakeTmp”
make: *** [Makefile:121：cmTC_66648/fast] 错误 2


Source file was:
#include <pthread.h>

void* test_func(void* data)
{
  return data;
}

int main(void)
{
  pthread_t thread;
  pthread_create(&thread, NULL, test_func, NULL);
  pthread_detach(thread);
  pthread_join(thread, NULL);
  pthread_atfork(NULL, NULL, NULL);
  pthread_exit(NULL);

  return 0;
}

Determining if the function pthread_create exists in the pthreads failed with the following output:
Change Dir: /home/rm/catkin_livox_ros_driver2/src/IST_2025_sentry/build/CMakeFiles/CMakeTmp

Run Build Command(s):/usr/bin/make cmTC_1dc37/fast && /usr/bin/make -f CMakeFiles/cmTC_1dc37.dir/build.make CMakeFiles/cmTC_1dc37.dir/build
make[1]: 进入目录“/home/rm/catkin_livox_ros_driver2/src/IST_2025_sentry/build/CMakeFiles/CMakeTmp”
Building C object CMakeFiles/cmTC_1dc37.dir/CheckFunctionExists.c.o
/usr/bin/cc   -DCHECK_FUNCTION_EXISTS=pthread_create   -o CMakeFiles/cmTC_1dc37.dir/CheckFunctionExists.c.o   -c /usr/share/cmake-3.16/Modules/CheckFunctionExists.c
Linking C executable cmTC_1dc37
/usr/bin/cmake -E cmake_link_script CMakeFiles/cmTC_1dc37.dir/link.txt --verbose=1
/usr/bin/cc  -DCHECK_FUNCTION_EXISTS=pthread_create    -rdynamic CMakeFiles/cmTC_1dc37.dir/CheckFunctionExists.c.o  -o cmTC_1dc37  -lpthreads 
/usr/bin/ld: 找不到 -lpthreads
collect2: error: ld returned 1 exit status
make[1]: *** [CMakeFiles/cmTC_1dc37.dir/build.make:87：cmTC_1dc37] 错误 1
make[1]: 离开目录“/home/rm/catkin_livox_ros_driver2/src/IST_2025_sentry/build/CMakeFiles/CMakeTmp”
make: *** [Makefile:121：cmTC_1dc37/fast] 错误 2



Performing C SOURCE FILE Test CMAKE_HAVE_LIBC_PTHREAD failed with the following output:
Change Dir: /home/rm/catkin_livox_ros_driver2/src/IST_2025_sentry/build/CMakeFiles/CMakeTmp

Run Build Command(s):/usr/bin/make cmTC_80ebb/fast && /usr/bin/make -f CMakeFiles/cmTC_80ebb.dir/build.make CMakeFiles/cmTC_80ebb.dir/build
make[1]: 进入目录“/home/rm/catkin_livox_ros_driver2/src/IST_2025_sentry/build/CMakeFiles/CMakeTmp”
Building C object CMakeFiles/cmTC_80ebb.dir/src.c.o
/usr/bin/cc   -DCMAKE_HAVE_LIBC_PTHREAD   -o CMakeFiles/cmTC_80ebb.dir/src.c.o   -c /home/rm/catkin_livox_ros_driver2/src/IST_2025_sentry/build/CMakeFiles/CMakeTmp/src.c
Linking C executable cmTC_80ebb
/usr/bin/cmake -E cmake_link_script CMakeFiles/cmTC_80ebb.dir/link.txt --verbose=1
/usr/bin/cc  -DCMAKE_HAVE_LIBC_PTHREAD    -rdynamic CMakeFiles/cmTC_80ebb.dir/src.c.o  -o cmTC_80ebb 
/usr/bin/ld: CMakeFiles/cmTC_80ebb.dir/src.c.o: in function `main':
src.c:(.text+0x46): undefined reference to `pthread_create'
/usr/bin/ld: src.c:(.text+0x52): undefined reference to `pthread_detach'
/usr/bin/ld: src.c:(.text+0x63): undefined reference to `pthread_join'
collect2: error: ld returned 1 exit status
make[1]: *** [CMakeFiles/cmTC_80ebb.dir/build.make:87：cmTC_80ebb] 错误 1
make[1]: 离开目录“/home/rm/catkin_livox_ros_driver2/src/IST_2025_sentry/build/CMakeFiles/CMakeTmp”
make: *** [Makefile:121：cmTC_80ebb/fast] 错误 2


Source file was:
#include <pthread.h>

void* test_func(void* data)
{
  return data;
}

int main(void)
{
  pthread_t thread;
  pthread_create(&thread, NULL, test_func, NULL);
  pthread_detach(thread);
  pthread_join(thread, NULL);
  pthread_atfork(NULL, NULL, NULL);
  pthread_exit(NULL);

  return 0;
}

Determining if the function pthread_create exists in the pthreads failed with the following output:
Change Dir: /home/rm/catkin_livox_ros_driver2/src/IST_2025_sentry/build/CMakeFiles/CMakeTmp

Run Build Command(s):/usr/bin/make cmTC_36828/fast && /usr/bin/make -f CMakeFiles/cmTC_36828.dir/build.make CMakeFiles/cmTC_36828.dir/build
make[1]: 进入目录“/home/rm/catkin_livox_ros_driver2/src/IST_2025_sentry/build/CMakeFiles/CMakeTmp”
Building C object CMakeFiles/cmTC_36828.dir/CheckFunctionExists.c.o
/usr/bin/cc   -DCHECK_FUNCTION_EXISTS=pthread_create   -o CMakeFiles/cmTC_36828.dir/CheckFunctionExists.c.o   -c /usr/share/cmake-3.16/Modules/CheckFunctionExists.c
Linking C executable cmTC_36828
/usr/bin/cmake -E cmake_link_script CMakeFiles/cmTC_36828.dir/link.txt --verbose=1
/usr/bin/cc  -DCHECK_FUNCTION_EXISTS=pthread_create    -rdynamic CMakeFiles/cmTC_36828.dir/CheckFunctionExists.c.o  -o cmTC_36828  -lpthreads 
/usr/bin/ld: 找不到 -lpthreads
collect2: error: ld returned 1 exit status
make[1]: *** [CMakeFiles/cmTC_36828.dir/build.make:87：cmTC_36828] 错误 1
make[1]: 离开目录“/home/rm/catkin_livox_ros_driver2/src/IST_2025_sentry/build/CMakeFiles/CMakeTmp”
make: *** [Makefile:121：cmTC_36828/fast] 错误 2



Performing C SOURCE FILE Test CMAKE_HAVE_LIBC_PTHREAD failed with the following output:
Change Dir: /home/rm/catkin_livox_ros_driver2/src/IST_2025_sentry/build/CMakeFiles/CMakeTmp

Run Build Command(s):/usr/bin/make cmTC_2b1f3/fast && /usr/bin/make -f CMakeFiles/cmTC_2b1f3.dir/build.make CMakeFiles/cmTC_2b1f3.dir/build
make[1]: 进入目录“/home/rm/catkin_livox_ros_driver2/src/IST_2025_sentry/build/CMakeFiles/CMakeTmp”
Building C object CMakeFiles/cmTC_2b1f3.dir/src.c.o
/usr/bin/cc   -DCMAKE_HAVE_LIBC_PTHREAD   -o CMakeFiles/cmTC_2b1f3.dir/src.c.o   -c /home/rm/catkin_livox_ros_driver2/src/IST_2025_sentry/build/CMakeFiles/CMakeTmp/src.c
Linking C executable cmTC_2b1f3
/usr/bin/cmake -E cmake_link_script CMakeFiles/cmTC_2b1f3.dir/link.txt --verbose=1
/usr/bin/cc  -DCMAKE_HAVE_LIBC_PTHREAD    -rdynamic CMakeFiles/cmTC_2b1f3.dir/src.c.o  -o cmTC_2b1f3 
/usr/bin/ld: CMakeFiles/cmTC_2b1f3.dir/src.c.o: in function `main':
src.c:(.text+0x46): undefined reference to `pthread_create'
/usr/bin/ld: src.c:(.text+0x52): undefined reference to `pthread_detach'
/usr/bin/ld: src.c:(.text+0x63): undefined reference to `pthread_join'
collect2: error: ld returned 1 exit status
make[1]: *** [CMakeFiles/cmTC_2b1f3.dir/build.make:87：cmTC_2b1f3] 错误 1
make[1]: 离开目录“/home/rm/catkin_livox_ros_driver2/src/IST_2025_sentry/build/CMakeFiles/CMakeTmp”
make: *** [Makefile:121：cmTC_2b1f3/fast] 错误 2


Source file was:
#include <pthread.h>

void* test_func(void* data)
{
  return data;
}

int main(void)
{
  pthread_t thread;
  pthread_create(&thread, NULL, test_func, NULL);
  pthread_detach(thread);
  pthread_join(thread, NULL);
  pthread_atfork(NULL, NULL, NULL);
  pthread_exit(NULL);

  return 0;
}

Determining if the function pthread_create exists in the pthreads failed with the following output:
Change Dir: /home/rm/catkin_livox_ros_driver2/src/IST_2025_sentry/build/CMakeFiles/CMakeTmp

Run Build Command(s):/usr/bin/make cmTC_f552f/fast && /usr/bin/make -f CMakeFiles/cmTC_f552f.dir/build.make CMakeFiles/cmTC_f552f.dir/build
make[1]: 进入目录“/home/rm/catkin_livox_ros_driver2/src/IST_2025_sentry/build/CMakeFiles/CMakeTmp”
Building C object CMakeFiles/cmTC_f552f.dir/CheckFunctionExists.c.o
/usr/bin/cc   -DCHECK_FUNCTION_EXISTS=pthread_create   -o CMakeFiles/cmTC_f552f.dir/CheckFunctionExists.c.o   -c /usr/share/cmake-3.16/Modules/CheckFunctionExists.c
Linking C executable cmTC_f552f
/usr/bin/cmake -E cmake_link_script CMakeFiles/cmTC_f552f.dir/link.txt --verbose=1
/usr/bin/cc  -DCHECK_FUNCTION_EXISTS=pthread_create    -rdynamic CMakeFiles/cmTC_f552f.dir/CheckFunctionExists.c.o  -o cmTC_f552f  -lpthreads 
/usr/bin/ld: 找不到 -lpthreads
collect2: error: ld returned 1 exit status
make[1]: *** [CMakeFiles/cmTC_f552f.dir/build.make:87：cmTC_f552f] 错误 1
make[1]: 离开目录“/home/rm/catkin_livox_ros_driver2/src/IST_2025_sentry/build/CMakeFiles/CMakeTmp”
make: *** [Makefile:121：cmTC_f552f/fast] 错误 2



Performing C SOURCE FILE Test CMAKE_HAVE_LIBC_PTHREAD failed with the following output:
Change Dir: /home/rm/catkin_livox_ros_driver2/src/IST_2025_sentry/build/CMakeFiles/CMakeTmp

Run Build Command(s):/usr/bin/make cmTC_834e0/fast && /usr/bin/make -f CMakeFiles/cmTC_834e0.dir/build.make CMakeFiles/cmTC_834e0.dir/build
make[1]: 进入目录“/home/rm/catkin_livox_ros_driver2/src/IST_2025_sentry/build/CMakeFiles/CMakeTmp”
Building C object CMakeFiles/cmTC_834e0.dir/src.c.o
/usr/bin/cc   -DCMAKE_HAVE_LIBC_PTHREAD   -o CMakeFiles/cmTC_834e0.dir/src.c.o   -c /home/rm/catkin_livox_ros_driver2/src/IST_2025_sentry/build/CMakeFiles/CMakeTmp/src.c
Linking C executable cmTC_834e0
/usr/bin/cmake -E cmake_link_script CMakeFiles/cmTC_834e0.dir/link.txt --verbose=1
/usr/bin/cc  -DCMAKE_HAVE_LIBC_PTHREAD    -rdynamic CMakeFiles/cmTC_834e0.dir/src.c.o  -o cmTC_834e0 
/usr/bin/ld: CMakeFiles/cmTC_834e0.dir/src.c.o: in function `main':
src.c:(.text+0x46): undefined reference to `pthread_create'
/usr/bin/ld: src.c:(.text+0x52): undefined reference to `pthread_detach'
/usr/bin/ld: src.c:(.text+0x63): undefined reference to `pthread_join'
collect2: error: ld returned 1 exit status
make[1]: *** [CMakeFiles/cmTC_834e0.dir/build.make:87：cmTC_834e0] 错误 1
make[1]: 离开目录“/home/rm/catkin_livox_ros_driver2/src/IST_2025_sentry/build/CMakeFiles/CMakeTmp”
make: *** [Makefile:121：cmTC_834e0/fast] 错误 2


Source file was:
#include <pthread.h>

void* test_func(void* data)
{
  return data;
}

int main(void)
{
  pthread_t thread;
  pthread_create(&thread, NULL, test_func, NULL);
  pthread_detach(thread);
  pthread_join(thread, NULL);
  pthread_atfork(NULL, NULL, NULL);
  pthread_exit(NULL);

  return 0;
}

Determining if the function pthread_create exists in the pthreads failed with the following output:
Change Dir: /home/rm/catkin_livox_ros_driver2/src/IST_2025_sentry/build/CMakeFiles/CMakeTmp

Run Build Command(s):/usr/bin/make cmTC_bbc44/fast && /usr/bin/make -f CMakeFiles/cmTC_bbc44.dir/build.make CMakeFiles/cmTC_bbc44.dir/build
make[1]: 进入目录“/home/rm/catkin_livox_ros_driver2/src/IST_2025_sentry/build/CMakeFiles/CMakeTmp”
Building C object CMakeFiles/cmTC_bbc44.dir/CheckFunctionExists.c.o
/usr/bin/cc   -DCHECK_FUNCTION_EXISTS=pthread_create   -o CMakeFiles/cmTC_bbc44.dir/CheckFunctionExists.c.o   -c /usr/share/cmake-3.16/Modules/CheckFunctionExists.c
Linking C executable cmTC_bbc44
/usr/bin/cmake -E cmake_link_script CMakeFiles/cmTC_bbc44.dir/link.txt --verbose=1
/usr/bin/cc  -DCHECK_FUNCTION_EXISTS=pthread_create    -rdynamic CMakeFiles/cmTC_bbc44.dir/CheckFunctionExists.c.o  -o cmTC_bbc44  -lpthreads 
/usr/bin/ld: 找不到 -lpthreads
collect2: error: ld returned 1 exit status
make[1]: *** [CMakeFiles/cmTC_bbc44.dir/build.make:87：cmTC_bbc44] 错误 1
make[1]: 离开目录“/home/rm/catkin_livox_ros_driver2/src/IST_2025_sentry/build/CMakeFiles/CMakeTmp”
make: *** [Makefile:121：cmTC_bbc44/fast] 错误 2



Performing C SOURCE FILE Test CMAKE_HAVE_LIBC_PTHREAD failed with the following output:
Change Dir: /home/rm/catkin_livox_ros_driver2/src/IST_2025_sentry/build/CMakeFiles/CMakeTmp

Run Build Command(s):/usr/bin/make cmTC_f005d/fast && /usr/bin/make -f CMakeFiles/cmTC_f005d.dir/build.make CMakeFiles/cmTC_f005d.dir/build
make[1]: 进入目录“/home/rm/catkin_livox_ros_driver2/src/IST_2025_sentry/build/CMakeFiles/CMakeTmp”
Building C object CMakeFiles/cmTC_f005d.dir/src.c.o
/usr/bin/cc   -DCMAKE_HAVE_LIBC_PTHREAD   -o CMakeFiles/cmTC_f005d.dir/src.c.o   -c /home/rm/catkin_livox_ros_driver2/src/IST_2025_sentry/build/CMakeFiles/CMakeTmp/src.c
Linking C executable cmTC_f005d
/usr/bin/cmake -E cmake_link_script CMakeFiles/cmTC_f005d.dir/link.txt --verbose=1
/usr/bin/cc  -DCMAKE_HAVE_LIBC_PTHREAD    -rdynamic CMakeFiles/cmTC_f005d.dir/src.c.o  -o cmTC_f005d 
/usr/bin/ld: CMakeFiles/cmTC_f005d.dir/src.c.o: in function `main':
src.c:(.text+0x46): undefined reference to `pthread_create'
/usr/bin/ld: src.c:(.text+0x52): undefined reference to `pthread_detach'
/usr/bin/ld: src.c:(.text+0x63): undefined reference to `pthread_join'
collect2: error: ld returned 1 exit status
make[1]: *** [CMakeFiles/cmTC_f005d.dir/build.make:87：cmTC_f005d] 错误 1
make[1]: 离开目录“/home/rm/catkin_livox_ros_driver2/src/IST_2025_sentry/build/CMakeFiles/CMakeTmp”
make: *** [Makefile:121：cmTC_f005d/fast] 错误 2


Source file was:
#include <pthread.h>

void* test_func(void* data)
{
  return data;
}

int main(void)
{
  pthread_t thread;
  pthread_create(&thread, NULL, test_func, NULL);
  pthread_detach(thread);
  pthread_join(thread, NULL);
  pthread_atfork(NULL, NULL, NULL);
  pthread_exit(NULL);

  return 0;
}

Determining if the function pthread_create exists in the pthreads failed with the following output:
Change Dir: /home/rm/catkin_livox_ros_driver2/src/IST_2025_sentry/build/CMakeFiles/CMakeTmp

Run Build Command(s):/usr/bin/make cmTC_8a905/fast && /usr/bin/make -f CMakeFiles/cmTC_8a905.dir/build.make CMakeFiles/cmTC_8a905.dir/build
make[1]: 进入目录“/home/rm/catkin_livox_ros_driver2/src/IST_2025_sentry/build/CMakeFiles/CMakeTmp”
Building C object CMakeFiles/cmTC_8a905.dir/CheckFunctionExists.c.o
/usr/bin/cc   -DCHECK_FUNCTION_EXISTS=pthread_create   -o CMakeFiles/cmTC_8a905.dir/CheckFunctionExists.c.o   -c /usr/share/cmake-3.16/Modules/CheckFunctionExists.c
Linking C executable cmTC_8a905
/usr/bin/cmake -E cmake_link_script CMakeFiles/cmTC_8a905.dir/link.txt --verbose=1
/usr/bin/cc  -DCHECK_FUNCTION_EXISTS=pthread_create    -rdynamic CMakeFiles/cmTC_8a905.dir/CheckFunctionExists.c.o  -o cmTC_8a905  -lpthreads 
/usr/bin/ld: 找不到 -lpthreads
collect2: error: ld returned 1 exit status
make[1]: *** [CMakeFiles/cmTC_8a905.dir/build.make:87：cmTC_8a905] 错误 1
make[1]: 离开目录“/home/rm/catkin_livox_ros_driver2/src/IST_2025_sentry/build/CMakeFiles/CMakeTmp”
make: *** [Makefile:121：cmTC_8a905/fast] 错误 2



Performing C SOURCE FILE Test CMAKE_HAVE_LIBC_PTHREAD failed with the following output:
Change Dir: /home/rm/catkin_livox_ros_driver2/src/IST_2025_sentry/build/CMakeFiles/CMakeTmp

Run Build Command(s):/usr/bin/make cmTC_961f1/fast && /usr/bin/make -f CMakeFiles/cmTC_961f1.dir/build.make CMakeFiles/cmTC_961f1.dir/build
make[1]: 进入目录“/home/rm/catkin_livox_ros_driver2/src/IST_2025_sentry/build/CMakeFiles/CMakeTmp”
Building C object CMakeFiles/cmTC_961f1.dir/src.c.o
/usr/bin/cc   -DCMAKE_HAVE_LIBC_PTHREAD   -o CMakeFiles/cmTC_961f1.dir/src.c.o   -c /home/rm/catkin_livox_ros_driver2/src/IST_2025_sentry/build/CMakeFiles/CMakeTmp/src.c
Linking C executable cmTC_961f1
/usr/bin/cmake -E cmake_link_script CMakeFiles/cmTC_961f1.dir/link.txt --verbose=1
/usr/bin/cc  -DCMAKE_HAVE_LIBC_PTHREAD    -rdynamic CMakeFiles/cmTC_961f1.dir/src.c.o  -o cmTC_961f1 
/usr/bin/ld: CMakeFiles/cmTC_961f1.dir/src.c.o: in function `main':
src.c:(.text+0x46): undefined reference to `pthread_create'
/usr/bin/ld: src.c:(.text+0x52): undefined reference to `pthread_detach'
/usr/bin/ld: src.c:(.text+0x63): undefined reference to `pthread_join'
collect2: error: ld returned 1 exit status
make[1]: *** [CMakeFiles/cmTC_961f1.dir/build.make:87：cmTC_961f1] 错误 1
make[1]: 离开目录“/home/rm/catkin_livox_ros_driver2/src/IST_2025_sentry/build/CMakeFiles/CMakeTmp”
make: *** [Makefile:121：cmTC_961f1/fast] 错误 2


Source file was:
#include <pthread.h>

void* test_func(void* data)
{
  return data;
}

int main(void)
{
  pthread_t thread;
  pthread_create(&thread, NULL, test_func, NULL);
  pthread_detach(thread);
  pthread_join(thread, NULL);
  pthread_atfork(NULL, NULL, NULL);
  pthread_exit(NULL);

  return 0;
}

Determining if the function pthread_create exists in the pthreads failed with the following output:
Change Dir: /home/rm/catkin_livox_ros_driver2/src/IST_2025_sentry/build/CMakeFiles/CMakeTmp

Run Build Command(s):/usr/bin/make cmTC_aea4f/fast && /usr/bin/make -f CMakeFiles/cmTC_aea4f.dir/build.make CMakeFiles/cmTC_aea4f.dir/build
make[1]: 进入目录“/home/rm/catkin_livox_ros_driver2/src/IST_2025_sentry/build/CMakeFiles/CMakeTmp”
Building C object CMakeFiles/cmTC_aea4f.dir/CheckFunctionExists.c.o
/usr/bin/cc   -DCHECK_FUNCTION_EXISTS=pthread_create   -o CMakeFiles/cmTC_aea4f.dir/CheckFunctionExists.c.o   -c /usr/share/cmake-3.16/Modules/CheckFunctionExists.c
Linking C executable cmTC_aea4f
/usr/bin/cmake -E cmake_link_script CMakeFiles/cmTC_aea4f.dir/link.txt --verbose=1
/usr/bin/cc  -DCHECK_FUNCTION_EXISTS=pthread_create    -rdynamic CMakeFiles/cmTC_aea4f.dir/CheckFunctionExists.c.o  -o cmTC_aea4f  -lpthreads 
/usr/bin/ld: 找不到 -lpthreads
collect2: error: ld returned 1 exit status
make[1]: *** [CMakeFiles/cmTC_aea4f.dir/build.make:87：cmTC_aea4f] 错误 1
make[1]: 离开目录“/home/rm/catkin_livox_ros_driver2/src/IST_2025_sentry/build/CMakeFiles/CMakeTmp”
make: *** [Makefile:121：cmTC_aea4f/fast] 错误 2



Performing C SOURCE FILE Test CMAKE_HAVE_LIBC_PTHREAD failed with the following output:
Change Dir: /home/rm/catkin_livox_ros_driver2/src/IST_2025_sentry/build/CMakeFiles/CMakeTmp

Run Build Command(s):/usr/bin/make cmTC_6bbe4/fast && /usr/bin/make -f CMakeFiles/cmTC_6bbe4.dir/build.make CMakeFiles/cmTC_6bbe4.dir/build
make[1]: 进入目录“/home/rm/catkin_livox_ros_driver2/src/IST_2025_sentry/build/CMakeFiles/CMakeTmp”
Building C object CMakeFiles/cmTC_6bbe4.dir/src.c.o
/usr/bin/cc   -DCMAKE_HAVE_LIBC_PTHREAD   -o CMakeFiles/cmTC_6bbe4.dir/src.c.o   -c /home/rm/catkin_livox_ros_driver2/src/IST_2025_sentry/build/CMakeFiles/CMakeTmp/src.c
Linking C executable cmTC_6bbe4
/usr/bin/cmake -E cmake_link_script CMakeFiles/cmTC_6bbe4.dir/link.txt --verbose=1
/usr/bin/cc  -DCMAKE_HAVE_LIBC_PTHREAD    -rdynamic CMakeFiles/cmTC_6bbe4.dir/src.c.o  -o cmTC_6bbe4 
/usr/bin/ld: CMakeFiles/cmTC_6bbe4.dir/src.c.o: in function `main':
src.c:(.text+0x46): undefined reference to `pthread_create'
/usr/bin/ld: src.c:(.text+0x52): undefined reference to `pthread_detach'
/usr/bin/ld: src.c:(.text+0x63): undefined reference to `pthread_join'
collect2: error: ld returned 1 exit status
make[1]: *** [CMakeFiles/cmTC_6bbe4.dir/build.make:87：cmTC_6bbe4] 错误 1
make[1]: 离开目录“/home/rm/catkin_livox_ros_driver2/src/IST_2025_sentry/build/CMakeFiles/CMakeTmp”
make: *** [Makefile:121：cmTC_6bbe4/fast] 错误 2


Source file was:
#include <pthread.h>

void* test_func(void* data)
{
  return data;
}

int main(void)
{
  pthread_t thread;
  pthread_create(&thread, NULL, test_func, NULL);
  pthread_detach(thread);
  pthread_join(thread, NULL);
  pthread_atfork(NULL, NULL, NULL);
  pthread_exit(NULL);

  return 0;
}

Determining if the function pthread_create exists in the pthreads failed with the following output:
Change Dir: /home/rm/catkin_livox_ros_driver2/src/IST_2025_sentry/build/CMakeFiles/CMakeTmp

Run Build Command(s):/usr/bin/make cmTC_c92f7/fast && /usr/bin/make -f CMakeFiles/cmTC_c92f7.dir/build.make CMakeFiles/cmTC_c92f7.dir/build
make[1]: 进入目录“/home/rm/catkin_livox_ros_driver2/src/IST_2025_sentry/build/CMakeFiles/CMakeTmp”
Building C object CMakeFiles/cmTC_c92f7.dir/CheckFunctionExists.c.o
/usr/bin/cc   -DCHECK_FUNCTION_EXISTS=pthread_create   -o CMakeFiles/cmTC_c92f7.dir/CheckFunctionExists.c.o   -c /usr/share/cmake-3.16/Modules/CheckFunctionExists.c
Linking C executable cmTC_c92f7
/usr/bin/cmake -E cmake_link_script CMakeFiles/cmTC_c92f7.dir/link.txt --verbose=1
/usr/bin/cc  -DCHECK_FUNCTION_EXISTS=pthread_create    -rdynamic CMakeFiles/cmTC_c92f7.dir/CheckFunctionExists.c.o  -o cmTC_c92f7  -lpthreads 
/usr/bin/ld: 找不到 -lpthreads
collect2: error: ld returned 1 exit status
make[1]: *** [CMakeFiles/cmTC_c92f7.dir/build.make:87：cmTC_c92f7] 错误 1
make[1]: 离开目录“/home/rm/catkin_livox_ros_driver2/src/IST_2025_sentry/build/CMakeFiles/CMakeTmp”
make: *** [Makefile:121：cmTC_c92f7/fast] 错误 2



Performing C SOURCE FILE Test CMAKE_HAVE_LIBC_PTHREAD failed with the following output:
Change Dir: /home/rm/catkin_livox_ros_driver2/src/IST_2025_sentry/build/CMakeFiles/CMakeTmp

Run Build Command(s):/usr/bin/make cmTC_3b123/fast && /usr/bin/make -f CMakeFiles/cmTC_3b123.dir/build.make CMakeFiles/cmTC_3b123.dir/build
make[1]: 进入目录“/home/rm/catkin_livox_ros_driver2/src/IST_2025_sentry/build/CMakeFiles/CMakeTmp”
Building C object CMakeFiles/cmTC_3b123.dir/src.c.o
/usr/bin/cc   -DCMAKE_HAVE_LIBC_PTHREAD   -o CMakeFiles/cmTC_3b123.dir/src.c.o   -c /home/rm/catkin_livox_ros_driver2/src/IST_2025_sentry/build/CMakeFiles/CMakeTmp/src.c
Linking C executable cmTC_3b123
/usr/bin/cmake -E cmake_link_script CMakeFiles/cmTC_3b123.dir/link.txt --verbose=1
/usr/bin/cc  -DCMAKE_HAVE_LIBC_PTHREAD    -rdynamic CMakeFiles/cmTC_3b123.dir/src.c.o  -o cmTC_3b123 
/usr/bin/ld: CMakeFiles/cmTC_3b123.dir/src.c.o: in function `main':
src.c:(.text+0x46): undefined reference to `pthread_create'
/usr/bin/ld: src.c:(.text+0x52): undefined reference to `pthread_detach'
/usr/bin/ld: src.c:(.text+0x63): undefined reference to `pthread_join'
collect2: error: ld returned 1 exit status
make[1]: *** [CMakeFiles/cmTC_3b123.dir/build.make:87：cmTC_3b123] 错误 1
make[1]: 离开目录“/home/rm/catkin_livox_ros_driver2/src/IST_2025_sentry/build/CMakeFiles/CMakeTmp”
make: *** [Makefile:121：cmTC_3b123/fast] 错误 2


Source file was:
#include <pthread.h>

void* test_func(void* data)
{
  return data;
}

int main(void)
{
  pthread_t thread;
  pthread_create(&thread, NULL, test_func, NULL);
  pthread_detach(thread);
  pthread_join(thread, NULL);
  pthread_atfork(NULL, NULL, NULL);
  pthread_exit(NULL);

  return 0;
}

Determining if the function pthread_create exists in the pthreads failed with the following output:
Change Dir: /home/rm/catkin_livox_ros_driver2/src/IST_2025_sentry/build/CMakeFiles/CMakeTmp

Run Build Command(s):/usr/bin/make cmTC_2d3fc/fast && /usr/bin/make -f CMakeFiles/cmTC_2d3fc.dir/build.make CMakeFiles/cmTC_2d3fc.dir/build
make[1]: 进入目录“/home/rm/catkin_livox_ros_driver2/src/IST_2025_sentry/build/CMakeFiles/CMakeTmp”
Building C object CMakeFiles/cmTC_2d3fc.dir/CheckFunctionExists.c.o
/usr/bin/cc   -DCHECK_FUNCTION_EXISTS=pthread_create   -o CMakeFiles/cmTC_2d3fc.dir/CheckFunctionExists.c.o   -c /usr/share/cmake-3.16/Modules/CheckFunctionExists.c
Linking C executable cmTC_2d3fc
/usr/bin/cmake -E cmake_link_script CMakeFiles/cmTC_2d3fc.dir/link.txt --verbose=1
/usr/bin/cc  -DCHECK_FUNCTION_EXISTS=pthread_create    -rdynamic CMakeFiles/cmTC_2d3fc.dir/CheckFunctionExists.c.o  -o cmTC_2d3fc  -lpthreads 
/usr/bin/ld: 找不到 -lpthreads
collect2: error: ld returned 1 exit status
make[1]: *** [CMakeFiles/cmTC_2d3fc.dir/build.make:87：cmTC_2d3fc] 错误 1
make[1]: 离开目录“/home/rm/catkin_livox_ros_driver2/src/IST_2025_sentry/build/CMakeFiles/CMakeTmp”
make: *** [Makefile:121：cmTC_2d3fc/fast] 错误 2



Performing C SOURCE FILE Test CMAKE_HAVE_LIBC_PTHREAD failed with the following output:
Change Dir: /home/rm/catkin_livox_ros_driver2/src/IST_2025_sentry/build/CMakeFiles/CMakeTmp

Run Build Command(s):/usr/bin/make cmTC_1fd7a/fast && /usr/bin/make -f CMakeFiles/cmTC_1fd7a.dir/build.make CMakeFiles/cmTC_1fd7a.dir/build
make[1]: 进入目录“/home/rm/catkin_livox_ros_driver2/src/IST_2025_sentry/build/CMakeFiles/CMakeTmp”
Building C object CMakeFiles/cmTC_1fd7a.dir/src.c.o
/usr/bin/cc   -DCMAKE_HAVE_LIBC_PTHREAD   -o CMakeFiles/cmTC_1fd7a.dir/src.c.o   -c /home/rm/catkin_livox_ros_driver2/src/IST_2025_sentry/build/CMakeFiles/CMakeTmp/src.c
Linking C executable cmTC_1fd7a
/usr/bin/cmake -E cmake_link_script CMakeFiles/cmTC_1fd7a.dir/link.txt --verbose=1
/usr/bin/cc  -DCMAKE_HAVE_LIBC_PTHREAD    -rdynamic CMakeFiles/cmTC_1fd7a.dir/src.c.o  -o cmTC_1fd7a 
/usr/bin/ld: CMakeFiles/cmTC_1fd7a.dir/src.c.o: in function `main':
src.c:(.text+0x46): undefined reference to `pthread_create'
/usr/bin/ld: src.c:(.text+0x52): undefined reference to `pthread_detach'
/usr/bin/ld: src.c:(.text+0x63): undefined reference to `pthread_join'
collect2: error: ld returned 1 exit status
make[1]: *** [CMakeFiles/cmTC_1fd7a.dir/build.make:87：cmTC_1fd7a] 错误 1
make[1]: 离开目录“/home/rm/catkin_livox_ros_driver2/src/IST_2025_sentry/build/CMakeFiles/CMakeTmp”
make: *** [Makefile:121：cmTC_1fd7a/fast] 错误 2


Source file was:
#include <pthread.h>

void* test_func(void* data)
{
  return data;
}

int main(void)
{
  pthread_t thread;
  pthread_create(&thread, NULL, test_func, NULL);
  pthread_detach(thread);
  pthread_join(thread, NULL);
  pthread_atfork(NULL, NULL, NULL);
  pthread_exit(NULL);

  return 0;
}

Determining if the function pthread_create exists in the pthreads failed with the following output:
Change Dir: /home/rm/catkin_livox_ros_driver2/src/IST_2025_sentry/build/CMakeFiles/CMakeTmp

Run Build Command(s):/usr/bin/make cmTC_9d118/fast && /usr/bin/make -f CMakeFiles/cmTC_9d118.dir/build.make CMakeFiles/cmTC_9d118.dir/build
make[1]: 进入目录“/home/rm/catkin_livox_ros_driver2/src/IST_2025_sentry/build/CMakeFiles/CMakeTmp”
Building C object CMakeFiles/cmTC_9d118.dir/CheckFunctionExists.c.o
/usr/bin/cc   -DCHECK_FUNCTION_EXISTS=pthread_create   -o CMakeFiles/cmTC_9d118.dir/CheckFunctionExists.c.o   -c /usr/share/cmake-3.16/Modules/CheckFunctionExists.c
Linking C executable cmTC_9d118
/usr/bin/cmake -E cmake_link_script CMakeFiles/cmTC_9d118.dir/link.txt --verbose=1
/usr/bin/cc  -DCHECK_FUNCTION_EXISTS=pthread_create    -rdynamic CMakeFiles/cmTC_9d118.dir/CheckFunctionExists.c.o  -o cmTC_9d118  -lpthreads 
/usr/bin/ld: 找不到 -lpthreads
collect2: error: ld returned 1 exit status
make[1]: *** [CMakeFiles/cmTC_9d118.dir/build.make:87：cmTC_9d118] 错误 1
make[1]: 离开目录“/home/rm/catkin_livox_ros_driver2/src/IST_2025_sentry/build/CMakeFiles/CMakeTmp”
make: *** [Makefile:121：cmTC_9d118/fast] 错误 2



Performing C SOURCE FILE Test CMAKE_HAVE_LIBC_PTHREAD failed with the following output:
Change Dir: /home/rm/catkin_livox_ros_driver2/src/IST_2025_sentry/build/CMakeFiles/CMakeTmp

Run Build Command(s):/usr/bin/make cmTC_225f5/fast && /usr/bin/make -f CMakeFiles/cmTC_225f5.dir/build.make CMakeFiles/cmTC_225f5.dir/build
make[1]: 进入目录“/home/rm/catkin_livox_ros_driver2/src/IST_2025_sentry/build/CMakeFiles/CMakeTmp”
Building C object CMakeFiles/cmTC_225f5.dir/src.c.o
/usr/bin/cc   -DCMAKE_HAVE_LIBC_PTHREAD   -o CMakeFiles/cmTC_225f5.dir/src.c.o   -c /home/rm/catkin_livox_ros_driver2/src/IST_2025_sentry/build/CMakeFiles/CMakeTmp/src.c
Linking C executable cmTC_225f5
/usr/bin/cmake -E cmake_link_script CMakeFiles/cmTC_225f5.dir/link.txt --verbose=1
/usr/bin/cc  -DCMAKE_HAVE_LIBC_PTHREAD    -rdynamic CMakeFiles/cmTC_225f5.dir/src.c.o  -o cmTC_225f5 
/usr/bin/ld: CMakeFiles/cmTC_225f5.dir/src.c.o: in function `main':
src.c:(.text+0x46): undefined reference to `pthread_create'
/usr/bin/ld: src.c:(.text+0x52): undefined reference to `pthread_detach'
/usr/bin/ld: src.c:(.text+0x63): undefined reference to `pthread_join'
collect2: error: ld returned 1 exit status
make[1]: *** [CMakeFiles/cmTC_225f5.dir/build.make:87：cmTC_225f5] 错误 1
make[1]: 离开目录“/home/rm/catkin_livox_ros_driver2/src/IST_2025_sentry/build/CMakeFiles/CMakeTmp”
make: *** [Makefile:121：cmTC_225f5/fast] 错误 2


Source file was:
#include <pthread.h>

void* test_func(void* data)
{
  return data;
}

int main(void)
{
  pthread_t thread;
  pthread_create(&thread, NULL, test_func, NULL);
  pthread_detach(thread);
  pthread_join(thread, NULL);
  pthread_atfork(NULL, NULL, NULL);
  pthread_exit(NULL);

  return 0;
}

Determining if the function pthread_create exists in the pthreads failed with the following output:
Change Dir: /home/rm/catkin_livox_ros_driver2/src/IST_2025_sentry/build/CMakeFiles/CMakeTmp

Run Build Command(s):/usr/bin/make cmTC_0e09e/fast && /usr/bin/make -f CMakeFiles/cmTC_0e09e.dir/build.make CMakeFiles/cmTC_0e09e.dir/build
make[1]: 进入目录“/home/rm/catkin_livox_ros_driver2/src/IST_2025_sentry/build/CMakeFiles/CMakeTmp”
Building C object CMakeFiles/cmTC_0e09e.dir/CheckFunctionExists.c.o
/usr/bin/cc   -DCHECK_FUNCTION_EXISTS=pthread_create   -o CMakeFiles/cmTC_0e09e.dir/CheckFunctionExists.c.o   -c /usr/share/cmake-3.16/Modules/CheckFunctionExists.c
Linking C executable cmTC_0e09e
/usr/bin/cmake -E cmake_link_script CMakeFiles/cmTC_0e09e.dir/link.txt --verbose=1
/usr/bin/cc  -DCHECK_FUNCTION_EXISTS=pthread_create    -rdynamic CMakeFiles/cmTC_0e09e.dir/CheckFunctionExists.c.o  -o cmTC_0e09e  -lpthreads 
/usr/bin/ld: 找不到 -lpthreads
collect2: error: ld returned 1 exit status
make[1]: *** [CMakeFiles/cmTC_0e09e.dir/build.make:87：cmTC_0e09e] 错误 1
make[1]: 离开目录“/home/rm/catkin_livox_ros_driver2/src/IST_2025_sentry/build/CMakeFiles/CMakeTmp”
make: *** [Makefile:121：cmTC_0e09e/fast] 错误 2



Performing C SOURCE FILE Test CMAKE_HAVE_LIBC_PTHREAD failed with the following output:
Change Dir: /home/rm/catkin_livox_ros_driver2/src/IST_2025_sentry/build/CMakeFiles/CMakeTmp

Run Build Command(s):/usr/bin/make cmTC_22011/fast && /usr/bin/make -f CMakeFiles/cmTC_22011.dir/build.make CMakeFiles/cmTC_22011.dir/build
make[1]: 进入目录“/home/rm/catkin_livox_ros_driver2/src/IST_2025_sentry/build/CMakeFiles/CMakeTmp”
Building C object CMakeFiles/cmTC_22011.dir/src.c.o
/usr/bin/cc   -DCMAKE_HAVE_LIBC_PTHREAD   -o CMakeFiles/cmTC_22011.dir/src.c.o   -c /home/rm/catkin_livox_ros_driver2/src/IST_2025_sentry/build/CMakeFiles/CMakeTmp/src.c
Linking C executable cmTC_22011
/usr/bin/cmake -E cmake_link_script CMakeFiles/cmTC_22011.dir/link.txt --verbose=1
/usr/bin/cc  -DCMAKE_HAVE_LIBC_PTHREAD    -rdynamic CMakeFiles/cmTC_22011.dir/src.c.o  -o cmTC_22011 
/usr/bin/ld: CMakeFiles/cmTC_22011.dir/src.c.o: in function `main':
src.c:(.text+0x46): undefined reference to `pthread_create'
/usr/bin/ld: src.c:(.text+0x52): undefined reference to `pthread_detach'
/usr/bin/ld: src.c:(.text+0x63): undefined reference to `pthread_join'
collect2: error: ld returned 1 exit status
make[1]: *** [CMakeFiles/cmTC_22011.dir/build.make:87：cmTC_22011] 错误 1
make[1]: 离开目录“/home/rm/catkin_livox_ros_driver2/src/IST_2025_sentry/build/CMakeFiles/CMakeTmp”
make: *** [Makefile:121：cmTC_22011/fast] 错误 2


Source file was:
#include <pthread.h>

void* test_func(void* data)
{
  return data;
}

int main(void)
{
  pthread_t thread;
  pthread_create(&thread, NULL, test_func, NULL);
  pthread_detach(thread);
  pthread_join(thread, NULL);
  pthread_atfork(NULL, NULL, NULL);
  pthread_exit(NULL);

  return 0;
}

Determining if the function pthread_create exists in the pthreads failed with the following output:
Change Dir: /home/rm/catkin_livox_ros_driver2/src/IST_2025_sentry/build/CMakeFiles/CMakeTmp

Run Build Command(s):/usr/bin/make cmTC_1de21/fast && /usr/bin/make -f CMakeFiles/cmTC_1de21.dir/build.make CMakeFiles/cmTC_1de21.dir/build
make[1]: 进入目录“/home/rm/catkin_livox_ros_driver2/src/IST_2025_sentry/build/CMakeFiles/CMakeTmp”
Building C object CMakeFiles/cmTC_1de21.dir/CheckFunctionExists.c.o
/usr/bin/cc   -DCHECK_FUNCTION_EXISTS=pthread_create   -o CMakeFiles/cmTC_1de21.dir/CheckFunctionExists.c.o   -c /usr/share/cmake-3.16/Modules/CheckFunctionExists.c
Linking C executable cmTC_1de21
/usr/bin/cmake -E cmake_link_script CMakeFiles/cmTC_1de21.dir/link.txt --verbose=1
/usr/bin/cc  -DCHECK_FUNCTION_EXISTS=pthread_create    -rdynamic CMakeFiles/cmTC_1de21.dir/CheckFunctionExists.c.o  -o cmTC_1de21  -lpthreads 
/usr/bin/ld: 找不到 -lpthreads
collect2: error: ld returned 1 exit status
make[1]: *** [CMakeFiles/cmTC_1de21.dir/build.make:87：cmTC_1de21] 错误 1
make[1]: 离开目录“/home/rm/catkin_livox_ros_driver2/src/IST_2025_sentry/build/CMakeFiles/CMakeTmp”
make: *** [Makefile:121：cmTC_1de21/fast] 错误 2



Performing C SOURCE FILE Test CMAKE_HAVE_LIBC_PTHREAD failed with the following output:
Change Dir: /home/rm/catkin_livox_ros_driver2/src/IST_2025_sentry/build/CMakeFiles/CMakeTmp

Run Build Command(s):/usr/bin/make cmTC_f3669/fast && /usr/bin/make -f CMakeFiles/cmTC_f3669.dir/build.make CMakeFiles/cmTC_f3669.dir/build
make[1]: 进入目录“/home/rm/catkin_livox_ros_driver2/src/IST_2025_sentry/build/CMakeFiles/CMakeTmp”
Building C object CMakeFiles/cmTC_f3669.dir/src.c.o
/usr/bin/cc   -DCMAKE_HAVE_LIBC_PTHREAD   -o CMakeFiles/cmTC_f3669.dir/src.c.o   -c /home/rm/catkin_livox_ros_driver2/src/IST_2025_sentry/build/CMakeFiles/CMakeTmp/src.c
Linking C executable cmTC_f3669
/usr/bin/cmake -E cmake_link_script CMakeFiles/cmTC_f3669.dir/link.txt --verbose=1
/usr/bin/cc  -DCMAKE_HAVE_LIBC_PTHREAD    -rdynamic CMakeFiles/cmTC_f3669.dir/src.c.o  -o cmTC_f3669 
/usr/bin/ld: CMakeFiles/cmTC_f3669.dir/src.c.o: in function `main':
src.c:(.text+0x46): undefined reference to `pthread_create'
/usr/bin/ld: src.c:(.text+0x52): undefined reference to `pthread_detach'
/usr/bin/ld: src.c:(.text+0x63): undefined reference to `pthread_join'
collect2: error: ld returned 1 exit status
make[1]: *** [CMakeFiles/cmTC_f3669.dir/build.make:87：cmTC_f3669] 错误 1
make[1]: 离开目录“/home/rm/catkin_livox_ros_driver2/src/IST_2025_sentry/build/CMakeFiles/CMakeTmp”
make: *** [Makefile:121：cmTC_f3669/fast] 错误 2


Source file was:
#include <pthread.h>

void* test_func(void* data)
{
  return data;
}

int main(void)
{
  pthread_t thread;
  pthread_create(&thread, NULL, test_func, NULL);
  pthread_detach(thread);
  pthread_join(thread, NULL);
  pthread_atfork(NULL, NULL, NULL);
  pthread_exit(NULL);

  return 0;
}

Determining if the function pthread_create exists in the pthreads failed with the following output:
Change Dir: /home/rm/catkin_livox_ros_driver2/src/IST_2025_sentry/build/CMakeFiles/CMakeTmp

Run Build Command(s):/usr/bin/make cmTC_85142/fast && /usr/bin/make -f CMakeFiles/cmTC_85142.dir/build.make CMakeFiles/cmTC_85142.dir/build
make[1]: 进入目录“/home/rm/catkin_livox_ros_driver2/src/IST_2025_sentry/build/CMakeFiles/CMakeTmp”
Building C object CMakeFiles/cmTC_85142.dir/CheckFunctionExists.c.o
/usr/bin/cc   -DCHECK_FUNCTION_EXISTS=pthread_create   -o CMakeFiles/cmTC_85142.dir/CheckFunctionExists.c.o   -c /usr/share/cmake-3.16/Modules/CheckFunctionExists.c
Linking C executable cmTC_85142
/usr/bin/cmake -E cmake_link_script CMakeFiles/cmTC_85142.dir/link.txt --verbose=1
/usr/bin/cc  -DCHECK_FUNCTION_EXISTS=pthread_create    -rdynamic CMakeFiles/cmTC_85142.dir/CheckFunctionExists.c.o  -o cmTC_85142  -lpthreads 
/usr/bin/ld: 找不到 -lpthreads
collect2: error: ld returned 1 exit status
make[1]: *** [CMakeFiles/cmTC_85142.dir/build.make:87：cmTC_85142] 错误 1
make[1]: 离开目录“/home/rm/catkin_livox_ros_driver2/src/IST_2025_sentry/build/CMakeFiles/CMakeTmp”
make: *** [Makefile:121：cmTC_85142/fast] 错误 2



Performing C SOURCE FILE Test CMAKE_HAVE_LIBC_PTHREAD failed with the following output:
Change Dir: /home/rm/catkin_livox_ros_driver2/src/IST_2025_sentry/build/CMakeFiles/CMakeTmp

Run Build Command(s):/usr/bin/make cmTC_3ba77/fast && /usr/bin/make -f CMakeFiles/cmTC_3ba77.dir/build.make CMakeFiles/cmTC_3ba77.dir/build
make[1]: 进入目录“/home/rm/catkin_livox_ros_driver2/src/IST_2025_sentry/build/CMakeFiles/CMakeTmp”
Building C object CMakeFiles/cmTC_3ba77.dir/src.c.o
/usr/bin/cc   -DCMAKE_HAVE_LIBC_PTHREAD   -o CMakeFiles/cmTC_3ba77.dir/src.c.o   -c /home/rm/catkin_livox_ros_driver2/src/IST_2025_sentry/build/CMakeFiles/CMakeTmp/src.c
Linking C executable cmTC_3ba77
/usr/bin/cmake -E cmake_link_script CMakeFiles/cmTC_3ba77.dir/link.txt --verbose=1
/usr/bin/cc  -DCMAKE_HAVE_LIBC_PTHREAD    -rdynamic CMakeFiles/cmTC_3ba77.dir/src.c.o  -o cmTC_3ba77 
/usr/bin/ld: CMakeFiles/cmTC_3ba77.dir/src.c.o: in function `main':
src.c:(.text+0x46): undefined reference to `pthread_create'
/usr/bin/ld: src.c:(.text+0x52): undefined reference to `pthread_detach'
/usr/bin/ld: src.c:(.text+0x63): undefined reference to `pthread_join'
collect2: error: ld returned 1 exit status
make[1]: *** [CMakeFiles/cmTC_3ba77.dir/build.make:87：cmTC_3ba77] 错误 1
make[1]: 离开目录“/home/rm/catkin_livox_ros_driver2/src/IST_2025_sentry/build/CMakeFiles/CMakeTmp”
make: *** [Makefile:121：cmTC_3ba77/fast] 错误 2


Source file was:
#include <pthread.h>

void* test_func(void* data)
{
  return data;
}

int main(void)
{
  pthread_t thread;
  pthread_create(&thread, NULL, test_func, NULL);
  pthread_detach(thread);
  pthread_join(thread, NULL);
  pthread_atfork(NULL, NULL, NULL);
  pthread_exit(NULL);

  return 0;
}

Determining if the function pthread_create exists in the pthreads failed with the following output:
Change Dir: /home/rm/catkin_livox_ros_driver2/src/IST_2025_sentry/build/CMakeFiles/CMakeTmp

Run Build Command(s):/usr/bin/make cmTC_65534/fast && /usr/bin/make -f CMakeFiles/cmTC_65534.dir/build.make CMakeFiles/cmTC_65534.dir/build
make[1]: 进入目录“/home/rm/catkin_livox_ros_driver2/src/IST_2025_sentry/build/CMakeFiles/CMakeTmp”
Building C object CMakeFiles/cmTC_65534.dir/CheckFunctionExists.c.o
/usr/bin/cc   -DCHECK_FUNCTION_EXISTS=pthread_create   -o CMakeFiles/cmTC_65534.dir/CheckFunctionExists.c.o   -c /usr/share/cmake-3.16/Modules/CheckFunctionExists.c
Linking C executable cmTC_65534
/usr/bin/cmake -E cmake_link_script CMakeFiles/cmTC_65534.dir/link.txt --verbose=1
/usr/bin/cc  -DCHECK_FUNCTION_EXISTS=pthread_create    -rdynamic CMakeFiles/cmTC_65534.dir/CheckFunctionExists.c.o  -o cmTC_65534  -lpthreads 
/usr/bin/ld: 找不到 -lpthreads
collect2: error: ld returned 1 exit status
make[1]: *** [CMakeFiles/cmTC_65534.dir/build.make:87：cmTC_65534] 错误 1
make[1]: 离开目录“/home/rm/catkin_livox_ros_driver2/src/IST_2025_sentry/build/CMakeFiles/CMakeTmp”
make: *** [Makefile:121：cmTC_65534/fast] 错误 2



Performing C SOURCE FILE Test CMAKE_HAVE_LIBC_PTHREAD failed with the following output:
Change Dir: /home/rm/catkin_livox_ros_driver2/src/IST_2025_sentry/build/CMakeFiles/CMakeTmp

Run Build Command(s):/usr/bin/make cmTC_29588/fast && /usr/bin/make -f CMakeFiles/cmTC_29588.dir/build.make CMakeFiles/cmTC_29588.dir/build
make[1]: 进入目录“/home/rm/catkin_livox_ros_driver2/src/IST_2025_sentry/build/CMakeFiles/CMakeTmp”
Building C object CMakeFiles/cmTC_29588.dir/src.c.o
/usr/bin/cc   -DCMAKE_HAVE_LIBC_PTHREAD   -o CMakeFiles/cmTC_29588.dir/src.c.o   -c /home/rm/catkin_livox_ros_driver2/src/IST_2025_sentry/build/CMakeFiles/CMakeTmp/src.c
Linking C executable cmTC_29588
/usr/bin/cmake -E cmake_link_script CMakeFiles/cmTC_29588.dir/link.txt --verbose=1
/usr/bin/cc  -DCMAKE_HAVE_LIBC_PTHREAD    -rdynamic CMakeFiles/cmTC_29588.dir/src.c.o  -o cmTC_29588 
/usr/bin/ld: CMakeFiles/cmTC_29588.dir/src.c.o: in function `main':
src.c:(.text+0x46): undefined reference to `pthread_create'
/usr/bin/ld: src.c:(.text+0x52): undefined reference to `pthread_detach'
/usr/bin/ld: src.c:(.text+0x63): undefined reference to `pthread_join'
collect2: error: ld returned 1 exit status
make[1]: *** [CMakeFiles/cmTC_29588.dir/build.make:87：cmTC_29588] 错误 1
make[1]: 离开目录“/home/rm/catkin_livox_ros_driver2/src/IST_2025_sentry/build/CMakeFiles/CMakeTmp”
make: *** [Makefile:121：cmTC_29588/fast] 错误 2


Source file was:
#include <pthread.h>

void* test_func(void* data)
{
  return data;
}

int main(void)
{
  pthread_t thread;
  pthread_create(&thread, NULL, test_func, NULL);
  pthread_detach(thread);
  pthread_join(thread, NULL);
  pthread_atfork(NULL, NULL, NULL);
  pthread_exit(NULL);

  return 0;
}

Determining if the function pthread_create exists in the pthreads failed with the following output:
Change Dir: /home/rm/catkin_livox_ros_driver2/src/IST_2025_sentry/build/CMakeFiles/CMakeTmp

Run Build Command(s):/usr/bin/make cmTC_991d6/fast && /usr/bin/make -f CMakeFiles/cmTC_991d6.dir/build.make CMakeFiles/cmTC_991d6.dir/build
make[1]: 进入目录“/home/rm/catkin_livox_ros_driver2/src/IST_2025_sentry/build/CMakeFiles/CMakeTmp”
Building C object CMakeFiles/cmTC_991d6.dir/CheckFunctionExists.c.o
/usr/bin/cc   -DCHECK_FUNCTION_EXISTS=pthread_create   -o CMakeFiles/cmTC_991d6.dir/CheckFunctionExists.c.o   -c /usr/share/cmake-3.16/Modules/CheckFunctionExists.c
Linking C executable cmTC_991d6
/usr/bin/cmake -E cmake_link_script CMakeFiles/cmTC_991d6.dir/link.txt --verbose=1
/usr/bin/cc  -DCHECK_FUNCTION_EXISTS=pthread_create    -rdynamic CMakeFiles/cmTC_991d6.dir/CheckFunctionExists.c.o  -o cmTC_991d6  -lpthreads 
/usr/bin/ld: 找不到 -lpthreads
collect2: error: ld returned 1 exit status
make[1]: *** [CMakeFiles/cmTC_991d6.dir/build.make:87：cmTC_991d6] 错误 1
make[1]: 离开目录“/home/rm/catkin_livox_ros_driver2/src/IST_2025_sentry/build/CMakeFiles/CMakeTmp”
make: *** [Makefile:121：cmTC_991d6/fast] 错误 2



Performing C SOURCE FILE Test CMAKE_HAVE_LIBC_PTHREAD failed with the following output:
Change Dir: /home/rm/catkin_livox_ros_driver2/src/IST_2025_sentry/build/CMakeFiles/CMakeTmp

Run Build Command(s):/usr/bin/make cmTC_9f067/fast && /usr/bin/make -f CMakeFiles/cmTC_9f067.dir/build.make CMakeFiles/cmTC_9f067.dir/build
make[1]: 进入目录“/home/rm/catkin_livox_ros_driver2/src/IST_2025_sentry/build/CMakeFiles/CMakeTmp”
Building C object CMakeFiles/cmTC_9f067.dir/src.c.o
/usr/bin/cc   -DCMAKE_HAVE_LIBC_PTHREAD   -o CMakeFiles/cmTC_9f067.dir/src.c.o   -c /home/rm/catkin_livox_ros_driver2/src/IST_2025_sentry/build/CMakeFiles/CMakeTmp/src.c
Linking C executable cmTC_9f067
/usr/bin/cmake -E cmake_link_script CMakeFiles/cmTC_9f067.dir/link.txt --verbose=1
/usr/bin/cc  -DCMAKE_HAVE_LIBC_PTHREAD    -rdynamic CMakeFiles/cmTC_9f067.dir/src.c.o  -o cmTC_9f067 
/usr/bin/ld: CMakeFiles/cmTC_9f067.dir/src.c.o: in function `main':
src.c:(.text+0x46): undefined reference to `pthread_create'
/usr/bin/ld: src.c:(.text+0x52): undefined reference to `pthread_detach'
/usr/bin/ld: src.c:(.text+0x63): undefined reference to `pthread_join'
collect2: error: ld returned 1 exit status
make[1]: *** [CMakeFiles/cmTC_9f067.dir/build.make:87：cmTC_9f067] 错误 1
make[1]: 离开目录“/home/rm/catkin_livox_ros_driver2/src/IST_2025_sentry/build/CMakeFiles/CMakeTmp”
make: *** [Makefile:121：cmTC_9f067/fast] 错误 2


Source file was:
#include <pthread.h>

void* test_func(void* data)
{
  return data;
}

int main(void)
{
  pthread_t thread;
  pthread_create(&thread, NULL, test_func, NULL);
  pthread_detach(thread);
  pthread_join(thread, NULL);
  pthread_atfork(NULL, NULL, NULL);
  pthread_exit(NULL);

  return 0;
}

Determining if the function pthread_create exists in the pthreads failed with the following output:
Change Dir: /home/rm/catkin_livox_ros_driver2/src/IST_2025_sentry/build/CMakeFiles/CMakeTmp

Run Build Command(s):/usr/bin/make cmTC_d1ed1/fast && /usr/bin/make -f CMakeFiles/cmTC_d1ed1.dir/build.make CMakeFiles/cmTC_d1ed1.dir/build
make[1]: 进入目录“/home/rm/catkin_livox_ros_driver2/src/IST_2025_sentry/build/CMakeFiles/CMakeTmp”
Building C object CMakeFiles/cmTC_d1ed1.dir/CheckFunctionExists.c.o
/usr/bin/cc   -DCHECK_FUNCTION_EXISTS=pthread_create   -o CMakeFiles/cmTC_d1ed1.dir/CheckFunctionExists.c.o   -c /usr/share/cmake-3.16/Modules/CheckFunctionExists.c
Linking C executable cmTC_d1ed1
/usr/bin/cmake -E cmake_link_script CMakeFiles/cmTC_d1ed1.dir/link.txt --verbose=1
/usr/bin/cc  -DCHECK_FUNCTION_EXISTS=pthread_create    -rdynamic CMakeFiles/cmTC_d1ed1.dir/CheckFunctionExists.c.o  -o cmTC_d1ed1  -lpthreads 
/usr/bin/ld: 找不到 -lpthreads
collect2: error: ld returned 1 exit status
make[1]: *** [CMakeFiles/cmTC_d1ed1.dir/build.make:87：cmTC_d1ed1] 错误 1
make[1]: 离开目录“/home/rm/catkin_livox_ros_driver2/src/IST_2025_sentry/build/CMakeFiles/CMakeTmp”
make: *** [Makefile:121：cmTC_d1ed1/fast] 错误 2



Performing C SOURCE FILE Test CMAKE_HAVE_LIBC_PTHREAD failed with the following output:
Change Dir: /home/rm/catkin_livox_ros_driver2/src/IST_2025_sentry/build/CMakeFiles/CMakeTmp

Run Build Command(s):/usr/bin/make cmTC_68880/fast && /usr/bin/make -f CMakeFiles/cmTC_68880.dir/build.make CMakeFiles/cmTC_68880.dir/build
make[1]: 进入目录“/home/rm/catkin_livox_ros_driver2/src/IST_2025_sentry/build/CMakeFiles/CMakeTmp”
Building C object CMakeFiles/cmTC_68880.dir/src.c.o
/usr/bin/cc   -DCMAKE_HAVE_LIBC_PTHREAD   -o CMakeFiles/cmTC_68880.dir/src.c.o   -c /home/rm/catkin_livox_ros_driver2/src/IST_2025_sentry/build/CMakeFiles/CMakeTmp/src.c
Linking C executable cmTC_68880
/usr/bin/cmake -E cmake_link_script CMakeFiles/cmTC_68880.dir/link.txt --verbose=1
/usr/bin/cc  -DCMAKE_HAVE_LIBC_PTHREAD    -rdynamic CMakeFiles/cmTC_68880.dir/src.c.o  -o cmTC_68880 
/usr/bin/ld: CMakeFiles/cmTC_68880.dir/src.c.o: in function `main':
src.c:(.text+0x46): undefined reference to `pthread_create'
/usr/bin/ld: src.c:(.text+0x52): undefined reference to `pthread_detach'
/usr/bin/ld: src.c:(.text+0x63): undefined reference to `pthread_join'
collect2: error: ld returned 1 exit status
make[1]: *** [CMakeFiles/cmTC_68880.dir/build.make:87：cmTC_68880] 错误 1
make[1]: 离开目录“/home/rm/catkin_livox_ros_driver2/src/IST_2025_sentry/build/CMakeFiles/CMakeTmp”
make: *** [Makefile:121：cmTC_68880/fast] 错误 2


Source file was:
#include <pthread.h>

void* test_func(void* data)
{
  return data;
}

int main(void)
{
  pthread_t thread;
  pthread_create(&thread, NULL, test_func, NULL);
  pthread_detach(thread);
  pthread_join(thread, NULL);
  pthread_atfork(NULL, NULL, NULL);
  pthread_exit(NULL);

  return 0;
}

Determining if the function pthread_create exists in the pthreads failed with the following output:
Change Dir: /home/rm/catkin_livox_ros_driver2/src/IST_2025_sentry/build/CMakeFiles/CMakeTmp

Run Build Command(s):/usr/bin/make cmTC_7baf8/fast && /usr/bin/make -f CMakeFiles/cmTC_7baf8.dir/build.make CMakeFiles/cmTC_7baf8.dir/build
make[1]: 进入目录“/home/rm/catkin_livox_ros_driver2/src/IST_2025_sentry/build/CMakeFiles/CMakeTmp”
Building C object CMakeFiles/cmTC_7baf8.dir/CheckFunctionExists.c.o
/usr/bin/cc   -DCHECK_FUNCTION_EXISTS=pthread_create   -o CMakeFiles/cmTC_7baf8.dir/CheckFunctionExists.c.o   -c /usr/share/cmake-3.16/Modules/CheckFunctionExists.c
Linking C executable cmTC_7baf8
/usr/bin/cmake -E cmake_link_script CMakeFiles/cmTC_7baf8.dir/link.txt --verbose=1
/usr/bin/cc  -DCHECK_FUNCTION_EXISTS=pthread_create    -rdynamic CMakeFiles/cmTC_7baf8.dir/CheckFunctionExists.c.o  -o cmTC_7baf8  -lpthreads 
/usr/bin/ld: 找不到 -lpthreads
collect2: error: ld returned 1 exit status
make[1]: *** [CMakeFiles/cmTC_7baf8.dir/build.make:87：cmTC_7baf8] 错误 1
make[1]: 离开目录“/home/rm/catkin_livox_ros_driver2/src/IST_2025_sentry/build/CMakeFiles/CMakeTmp”
make: *** [Makefile:121：cmTC_7baf8/fast] 错误 2



Performing C SOURCE FILE Test CMAKE_HAVE_LIBC_PTHREAD failed with the following output:
Change Dir: /home/rm/catkin_livox_ros_driver2/src/IST_2025_sentry/build/CMakeFiles/CMakeTmp

Run Build Command(s):/usr/bin/make cmTC_4b142/fast && /usr/bin/make -f CMakeFiles/cmTC_4b142.dir/build.make CMakeFiles/cmTC_4b142.dir/build
make[1]: 进入目录“/home/rm/catkin_livox_ros_driver2/src/IST_2025_sentry/build/CMakeFiles/CMakeTmp”
Building C object CMakeFiles/cmTC_4b142.dir/src.c.o
/usr/bin/cc   -DCMAKE_HAVE_LIBC_PTHREAD   -o CMakeFiles/cmTC_4b142.dir/src.c.o   -c /home/rm/catkin_livox_ros_driver2/src/IST_2025_sentry/build/CMakeFiles/CMakeTmp/src.c
Linking C executable cmTC_4b142
/usr/bin/cmake -E cmake_link_script CMakeFiles/cmTC_4b142.dir/link.txt --verbose=1
/usr/bin/cc  -DCMAKE_HAVE_LIBC_PTHREAD    -rdynamic CMakeFiles/cmTC_4b142.dir/src.c.o  -o cmTC_4b142 
/usr/bin/ld: CMakeFiles/cmTC_4b142.dir/src.c.o: in function `main':
src.c:(.text+0x46): undefined reference to `pthread_create'
/usr/bin/ld: src.c:(.text+0x52): undefined reference to `pthread_detach'
/usr/bin/ld: src.c:(.text+0x63): undefined reference to `pthread_join'
collect2: error: ld returned 1 exit status
make[1]: *** [CMakeFiles/cmTC_4b142.dir/build.make:87：cmTC_4b142] 错误 1
make[1]: 离开目录“/home/rm/catkin_livox_ros_driver2/src/IST_2025_sentry/build/CMakeFiles/CMakeTmp”
make: *** [Makefile:121：cmTC_4b142/fast] 错误 2


Source file was:
#include <pthread.h>

void* test_func(void* data)
{
  return data;
}

int main(void)
{
  pthread_t thread;
  pthread_create(&thread, NULL, test_func, NULL);
  pthread_detach(thread);
  pthread_join(thread, NULL);
  pthread_atfork(NULL, NULL, NULL);
  pthread_exit(NULL);

  return 0;
}

Determining if the function pthread_create exists in the pthreads failed with the following output:
Change Dir: /home/rm/catkin_livox_ros_driver2/src/IST_2025_sentry/build/CMakeFiles/CMakeTmp

Run Build Command(s):/usr/bin/make cmTC_0ab7a/fast && /usr/bin/make -f CMakeFiles/cmTC_0ab7a.dir/build.make CMakeFiles/cmTC_0ab7a.dir/build
make[1]: 进入目录“/home/rm/catkin_livox_ros_driver2/src/IST_2025_sentry/build/CMakeFiles/CMakeTmp”
Building C object CMakeFiles/cmTC_0ab7a.dir/CheckFunctionExists.c.o
/usr/bin/cc   -DCHECK_FUNCTION_EXISTS=pthread_create   -o CMakeFiles/cmTC_0ab7a.dir/CheckFunctionExists.c.o   -c /usr/share/cmake-3.16/Modules/CheckFunctionExists.c
Linking C executable cmTC_0ab7a
/usr/bin/cmake -E cmake_link_script CMakeFiles/cmTC_0ab7a.dir/link.txt --verbose=1
/usr/bin/cc  -DCHECK_FUNCTION_EXISTS=pthread_create    -rdynamic CMakeFiles/cmTC_0ab7a.dir/CheckFunctionExists.c.o  -o cmTC_0ab7a  -lpthreads 
/usr/bin/ld: 找不到 -lpthreads
collect2: error: ld returned 1 exit status
make[1]: *** [CMakeFiles/cmTC_0ab7a.dir/build.make:87：cmTC_0ab7a] 错误 1
make[1]: 离开目录“/home/rm/catkin_livox_ros_driver2/src/IST_2025_sentry/build/CMakeFiles/CMakeTmp”
make: *** [Makefile:121：cmTC_0ab7a/fast] 错误 2



Performing C SOURCE FILE Test CMAKE_HAVE_LIBC_PTHREAD failed with the following output:
Change Dir: /home/rm/catkin_livox_ros_driver2/src/IST_2025_sentry/build/CMakeFiles/CMakeTmp

Run Build Command(s):/usr/bin/make cmTC_608c2/fast && /usr/bin/make -f CMakeFiles/cmTC_608c2.dir/build.make CMakeFiles/cmTC_608c2.dir/build
make[1]: 进入目录“/home/rm/catkin_livox_ros_driver2/src/IST_2025_sentry/build/CMakeFiles/CMakeTmp”
Building C object CMakeFiles/cmTC_608c2.dir/src.c.o
/usr/bin/cc   -DCMAKE_HAVE_LIBC_PTHREAD   -o CMakeFiles/cmTC_608c2.dir/src.c.o   -c /home/rm/catkin_livox_ros_driver2/src/IST_2025_sentry/build/CMakeFiles/CMakeTmp/src.c
Linking C executable cmTC_608c2
/usr/bin/cmake -E cmake_link_script CMakeFiles/cmTC_608c2.dir/link.txt --verbose=1
/usr/bin/cc  -DCMAKE_HAVE_LIBC_PTHREAD    -rdynamic CMakeFiles/cmTC_608c2.dir/src.c.o  -o cmTC_608c2 
/usr/bin/ld: CMakeFiles/cmTC_608c2.dir/src.c.o: in function `main':
src.c:(.text+0x46): undefined reference to `pthread_create'
/usr/bin/ld: src.c:(.text+0x52): undefined reference to `pthread_detach'
/usr/bin/ld: src.c:(.text+0x63): undefined reference to `pthread_join'
collect2: error: ld returned 1 exit status
make[1]: *** [CMakeFiles/cmTC_608c2.dir/build.make:87：cmTC_608c2] 错误 1
make[1]: 离开目录“/home/rm/catkin_livox_ros_driver2/src/IST_2025_sentry/build/CMakeFiles/CMakeTmp”
make: *** [Makefile:121：cmTC_608c2/fast] 错误 2


Source file was:
#include <pthread.h>

void* test_func(void* data)
{
  return data;
}

int main(void)
{
  pthread_t thread;
  pthread_create(&thread, NULL, test_func, NULL);
  pthread_detach(thread);
  pthread_join(thread, NULL);
  pthread_atfork(NULL, NULL, NULL);
  pthread_exit(NULL);

  return 0;
}

Determining if the function pthread_create exists in the pthreads failed with the following output:
Change Dir: /home/rm/catkin_livox_ros_driver2/src/IST_2025_sentry/build/CMakeFiles/CMakeTmp

Run Build Command(s):/usr/bin/make cmTC_edd74/fast && /usr/bin/make -f CMakeFiles/cmTC_edd74.dir/build.make CMakeFiles/cmTC_edd74.dir/build
make[1]: 进入目录“/home/rm/catkin_livox_ros_driver2/src/IST_2025_sentry/build/CMakeFiles/CMakeTmp”
Building C object CMakeFiles/cmTC_edd74.dir/CheckFunctionExists.c.o
/usr/bin/cc   -DCHECK_FUNCTION_EXISTS=pthread_create   -o CMakeFiles/cmTC_edd74.dir/CheckFunctionExists.c.o   -c /usr/share/cmake-3.16/Modules/CheckFunctionExists.c
Linking C executable cmTC_edd74
/usr/bin/cmake -E cmake_link_script CMakeFiles/cmTC_edd74.dir/link.txt --verbose=1
/usr/bin/cc  -DCHECK_FUNCTION_EXISTS=pthread_create    -rdynamic CMakeFiles/cmTC_edd74.dir/CheckFunctionExists.c.o  -o cmTC_edd74  -lpthreads 
/usr/bin/ld: 找不到 -lpthreads
collect2: error: ld returned 1 exit status
make[1]: *** [CMakeFiles/cmTC_edd74.dir/build.make:87：cmTC_edd74] 错误 1
make[1]: 离开目录“/home/rm/catkin_livox_ros_driver2/src/IST_2025_sentry/build/CMakeFiles/CMakeTmp”
make: *** [Makefile:121：cmTC_edd74/fast] 错误 2



Performing C SOURCE FILE Test CMAKE_HAVE_LIBC_PTHREAD failed with the following output:
Change Dir: /home/rm/catkin_livox_ros_driver2/src/IST_2025_sentry/build/CMakeFiles/CMakeTmp

Run Build Command(s):/usr/bin/make cmTC_b6d52/fast && /usr/bin/make -f CMakeFiles/cmTC_b6d52.dir/build.make CMakeFiles/cmTC_b6d52.dir/build
make[1]: 进入目录“/home/rm/catkin_livox_ros_driver2/src/IST_2025_sentry/build/CMakeFiles/CMakeTmp”
Building C object CMakeFiles/cmTC_b6d52.dir/src.c.o
/usr/bin/cc   -DCMAKE_HAVE_LIBC_PTHREAD   -o CMakeFiles/cmTC_b6d52.dir/src.c.o   -c /home/rm/catkin_livox_ros_driver2/src/IST_2025_sentry/build/CMakeFiles/CMakeTmp/src.c
Linking C executable cmTC_b6d52
/usr/bin/cmake -E cmake_link_script CMakeFiles/cmTC_b6d52.dir/link.txt --verbose=1
/usr/bin/cc  -DCMAKE_HAVE_LIBC_PTHREAD    -rdynamic CMakeFiles/cmTC_b6d52.dir/src.c.o  -o cmTC_b6d52 
/usr/bin/ld: CMakeFiles/cmTC_b6d52.dir/src.c.o: in function `main':
src.c:(.text+0x46): undefined reference to `pthread_create'
/usr/bin/ld: src.c:(.text+0x52): undefined reference to `pthread_detach'
/usr/bin/ld: src.c:(.text+0x63): undefined reference to `pthread_join'
collect2: error: ld returned 1 exit status
make[1]: *** [CMakeFiles/cmTC_b6d52.dir/build.make:87：cmTC_b6d52] 错误 1
make[1]: 离开目录“/home/rm/catkin_livox_ros_driver2/src/IST_2025_sentry/build/CMakeFiles/CMakeTmp”
make: *** [Makefile:121：cmTC_b6d52/fast] 错误 2


Source file was:
#include <pthread.h>

void* test_func(void* data)
{
  return data;
}

int main(void)
{
  pthread_t thread;
  pthread_create(&thread, NULL, test_func, NULL);
  pthread_detach(thread);
  pthread_join(thread, NULL);
  pthread_atfork(NULL, NULL, NULL);
  pthread_exit(NULL);

  return 0;
}

Determining if the function pthread_create exists in the pthreads failed with the following output:
Change Dir: /home/rm/catkin_livox_ros_driver2/src/IST_2025_sentry/build/CMakeFiles/CMakeTmp

Run Build Command(s):/usr/bin/make cmTC_3a7fb/fast && /usr/bin/make -f CMakeFiles/cmTC_3a7fb.dir/build.make CMakeFiles/cmTC_3a7fb.dir/build
make[1]: 进入目录“/home/rm/catkin_livox_ros_driver2/src/IST_2025_sentry/build/CMakeFiles/CMakeTmp”
Building C object CMakeFiles/cmTC_3a7fb.dir/CheckFunctionExists.c.o
/usr/bin/cc   -DCHECK_FUNCTION_EXISTS=pthread_create   -o CMakeFiles/cmTC_3a7fb.dir/CheckFunctionExists.c.o   -c /usr/share/cmake-3.16/Modules/CheckFunctionExists.c
Linking C executable cmTC_3a7fb
/usr/bin/cmake -E cmake_link_script CMakeFiles/cmTC_3a7fb.dir/link.txt --verbose=1
/usr/bin/cc  -DCHECK_FUNCTION_EXISTS=pthread_create    -rdynamic CMakeFiles/cmTC_3a7fb.dir/CheckFunctionExists.c.o  -o cmTC_3a7fb  -lpthreads 
/usr/bin/ld: 找不到 -lpthreads
collect2: error: ld returned 1 exit status
make[1]: *** [CMakeFiles/cmTC_3a7fb.dir/build.make:87：cmTC_3a7fb] 错误 1
make[1]: 离开目录“/home/rm/catkin_livox_ros_driver2/src/IST_2025_sentry/build/CMakeFiles/CMakeTmp”
make: *** [Makefile:121：cmTC_3a7fb/fast] 错误 2



Performing C SOURCE FILE Test CMAKE_HAVE_LIBC_PTHREAD failed with the following output:
Change Dir: /home/rm/catkin_livox_ros_driver2/src/IST_2025_sentry/build/CMakeFiles/CMakeTmp

Run Build Command(s):/usr/bin/make cmTC_46b2c/fast && /usr/bin/make -f CMakeFiles/cmTC_46b2c.dir/build.make CMakeFiles/cmTC_46b2c.dir/build
make[1]: 进入目录“/home/rm/catkin_livox_ros_driver2/src/IST_2025_sentry/build/CMakeFiles/CMakeTmp”
Building C object CMakeFiles/cmTC_46b2c.dir/src.c.o
/usr/bin/cc   -DCMAKE_HAVE_LIBC_PTHREAD   -o CMakeFiles/cmTC_46b2c.dir/src.c.o   -c /home/rm/catkin_livox_ros_driver2/src/IST_2025_sentry/build/CMakeFiles/CMakeTmp/src.c
Linking C executable cmTC_46b2c
/usr/bin/cmake -E cmake_link_script CMakeFiles/cmTC_46b2c.dir/link.txt --verbose=1
/usr/bin/cc  -DCMAKE_HAVE_LIBC_PTHREAD    -rdynamic CMakeFiles/cmTC_46b2c.dir/src.c.o  -o cmTC_46b2c 
/usr/bin/ld: CMakeFiles/cmTC_46b2c.dir/src.c.o: in function `main':
src.c:(.text+0x46): undefined reference to `pthread_create'
/usr/bin/ld: src.c:(.text+0x52): undefined reference to `pthread_detach'
/usr/bin/ld: src.c:(.text+0x63): undefined reference to `pthread_join'
collect2: error: ld returned 1 exit status
make[1]: *** [CMakeFiles/cmTC_46b2c.dir/build.make:87：cmTC_46b2c] 错误 1
make[1]: 离开目录“/home/rm/catkin_livox_ros_driver2/src/IST_2025_sentry/build/CMakeFiles/CMakeTmp”
make: *** [Makefile:121：cmTC_46b2c/fast] 错误 2


Source file was:
#include <pthread.h>

void* test_func(void* data)
{
  return data;
}

int main(void)
{
  pthread_t thread;
  pthread_create(&thread, NULL, test_func, NULL);
  pthread_detach(thread);
  pthread_join(thread, NULL);
  pthread_atfork(NULL, NULL, NULL);
  pthread_exit(NULL);

  return 0;
}

Determining if the function pthread_create exists in the pthreads failed with the following output:
Change Dir: /home/rm/catkin_livox_ros_driver2/src/IST_2025_sentry/build/CMakeFiles/CMakeTmp

Run Build Command(s):/usr/bin/make cmTC_e7856/fast && /usr/bin/make -f CMakeFiles/cmTC_e7856.dir/build.make CMakeFiles/cmTC_e7856.dir/build
make[1]: 进入目录“/home/rm/catkin_livox_ros_driver2/src/IST_2025_sentry/build/CMakeFiles/CMakeTmp”
Building C object CMakeFiles/cmTC_e7856.dir/CheckFunctionExists.c.o
/usr/bin/cc   -DCHECK_FUNCTION_EXISTS=pthread_create   -o CMakeFiles/cmTC_e7856.dir/CheckFunctionExists.c.o   -c /usr/share/cmake-3.16/Modules/CheckFunctionExists.c
Linking C executable cmTC_e7856
/usr/bin/cmake -E cmake_link_script CMakeFiles/cmTC_e7856.dir/link.txt --verbose=1
/usr/bin/cc  -DCHECK_FUNCTION_EXISTS=pthread_create    -rdynamic CMakeFiles/cmTC_e7856.dir/CheckFunctionExists.c.o  -o cmTC_e7856  -lpthreads 
/usr/bin/ld: 找不到 -lpthreads
collect2: error: ld returned 1 exit status
make[1]: *** [CMakeFiles/cmTC_e7856.dir/build.make:87：cmTC_e7856] 错误 1
make[1]: 离开目录“/home/rm/catkin_livox_ros_driver2/src/IST_2025_sentry/build/CMakeFiles/CMakeTmp”
make: *** [Makefile:121：cmTC_e7856/fast] 错误 2



Performing C SOURCE FILE Test CMAKE_HAVE_LIBC_PTHREAD failed with the following output:
Change Dir: /home/rm/catkin_livox_ros_driver2/src/IST_2025_sentry/build/CMakeFiles/CMakeTmp

Run Build Command(s):/usr/bin/make cmTC_bb3b0/fast && /usr/bin/make -f CMakeFiles/cmTC_bb3b0.dir/build.make CMakeFiles/cmTC_bb3b0.dir/build
make[1]: 进入目录“/home/rm/catkin_livox_ros_driver2/src/IST_2025_sentry/build/CMakeFiles/CMakeTmp”
Building C object CMakeFiles/cmTC_bb3b0.dir/src.c.o
/usr/bin/cc   -DCMAKE_HAVE_LIBC_PTHREAD   -o CMakeFiles/cmTC_bb3b0.dir/src.c.o   -c /home/rm/catkin_livox_ros_driver2/src/IST_2025_sentry/build/CMakeFiles/CMakeTmp/src.c
Linking C executable cmTC_bb3b0
/usr/bin/cmake -E cmake_link_script CMakeFiles/cmTC_bb3b0.dir/link.txt --verbose=1
/usr/bin/cc  -DCMAKE_HAVE_LIBC_PTHREAD    -rdynamic CMakeFiles/cmTC_bb3b0.dir/src.c.o  -o cmTC_bb3b0 
/usr/bin/ld: CMakeFiles/cmTC_bb3b0.dir/src.c.o: in function `main':
src.c:(.text+0x46): undefined reference to `pthread_create'
/usr/bin/ld: src.c:(.text+0x52): undefined reference to `pthread_detach'
/usr/bin/ld: src.c:(.text+0x63): undefined reference to `pthread_join'
collect2: error: ld returned 1 exit status
make[1]: *** [CMakeFiles/cmTC_bb3b0.dir/build.make:87：cmTC_bb3b0] 错误 1
make[1]: 离开目录“/home/rm/catkin_livox_ros_driver2/src/IST_2025_sentry/build/CMakeFiles/CMakeTmp”
make: *** [Makefile:121：cmTC_bb3b0/fast] 错误 2


Source file was:
#include <pthread.h>

void* test_func(void* data)
{
  return data;
}

int main(void)
{
  pthread_t thread;
  pthread_create(&thread, NULL, test_func, NULL);
  pthread_detach(thread);
  pthread_join(thread, NULL);
  pthread_atfork(NULL, NULL, NULL);
  pthread_exit(NULL);

  return 0;
}

Determining if the function pthread_create exists in the pthreads failed with the following output:
Change Dir: /home/rm/catkin_livox_ros_driver2/src/IST_2025_sentry/build/CMakeFiles/CMakeTmp

Run Build Command(s):/usr/bin/make cmTC_1b52b/fast && /usr/bin/make -f CMakeFiles/cmTC_1b52b.dir/build.make CMakeFiles/cmTC_1b52b.dir/build
make[1]: 进入目录“/home/rm/catkin_livox_ros_driver2/src/IST_2025_sentry/build/CMakeFiles/CMakeTmp”
Building C object CMakeFiles/cmTC_1b52b.dir/CheckFunctionExists.c.o
/usr/bin/cc   -DCHECK_FUNCTION_EXISTS=pthread_create   -o CMakeFiles/cmTC_1b52b.dir/CheckFunctionExists.c.o   -c /usr/share/cmake-3.16/Modules/CheckFunctionExists.c
Linking C executable cmTC_1b52b
/usr/bin/cmake -E cmake_link_script CMakeFiles/cmTC_1b52b.dir/link.txt --verbose=1
/usr/bin/cc  -DCHECK_FUNCTION_EXISTS=pthread_create    -rdynamic CMakeFiles/cmTC_1b52b.dir/CheckFunctionExists.c.o  -o cmTC_1b52b  -lpthreads 
/usr/bin/ld: 找不到 -lpthreads
collect2: error: ld returned 1 exit status
make[1]: *** [CMakeFiles/cmTC_1b52b.dir/build.make:87：cmTC_1b52b] 错误 1
make[1]: 离开目录“/home/rm/catkin_livox_ros_driver2/src/IST_2025_sentry/build/CMakeFiles/CMakeTmp”
make: *** [Makefile:121：cmTC_1b52b/fast] 错误 2



Performing C SOURCE FILE Test CMAKE_HAVE_LIBC_PTHREAD failed with the following output:
Change Dir: /home/rm/catkin_livox_ros_driver2/src/IST_2025_sentry/build/CMakeFiles/CMakeTmp

Run Build Command(s):/usr/bin/make cmTC_08ba0/fast && /usr/bin/make -f CMakeFiles/cmTC_08ba0.dir/build.make CMakeFiles/cmTC_08ba0.dir/build
make[1]: 进入目录“/home/rm/catkin_livox_ros_driver2/src/IST_2025_sentry/build/CMakeFiles/CMakeTmp”
Building C object CMakeFiles/cmTC_08ba0.dir/src.c.o
/usr/bin/cc   -DCMAKE_HAVE_LIBC_PTHREAD   -o CMakeFiles/cmTC_08ba0.dir/src.c.o   -c /home/rm/catkin_livox_ros_driver2/src/IST_2025_sentry/build/CMakeFiles/CMakeTmp/src.c
Linking C executable cmTC_08ba0
/usr/bin/cmake -E cmake_link_script CMakeFiles/cmTC_08ba0.dir/link.txt --verbose=1
/usr/bin/cc  -DCMAKE_HAVE_LIBC_PTHREAD    -rdynamic CMakeFiles/cmTC_08ba0.dir/src.c.o  -o cmTC_08ba0 
/usr/bin/ld: CMakeFiles/cmTC_08ba0.dir/src.c.o: in function `main':
src.c:(.text+0x46): undefined reference to `pthread_create'
/usr/bin/ld: src.c:(.text+0x52): undefined reference to `pthread_detach'
/usr/bin/ld: src.c:(.text+0x63): undefined reference to `pthread_join'
collect2: error: ld returned 1 exit status
make[1]: *** [CMakeFiles/cmTC_08ba0.dir/build.make:87：cmTC_08ba0] 错误 1
make[1]: 离开目录“/home/rm/catkin_livox_ros_driver2/src/IST_2025_sentry/build/CMakeFiles/CMakeTmp”
make: *** [Makefile:121：cmTC_08ba0/fast] 错误 2


Source file was:
#include <pthread.h>

void* test_func(void* data)
{
  return data;
}

int main(void)
{
  pthread_t thread;
  pthread_create(&thread, NULL, test_func, NULL);
  pthread_detach(thread);
  pthread_join(thread, NULL);
  pthread_atfork(NULL, NULL, NULL);
  pthread_exit(NULL);

  return 0;
}

Determining if the function pthread_create exists in the pthreads failed with the following output:
Change Dir: /home/rm/catkin_livox_ros_driver2/src/IST_2025_sentry/build/CMakeFiles/CMakeTmp

Run Build Command(s):/usr/bin/make cmTC_802a3/fast && /usr/bin/make -f CMakeFiles/cmTC_802a3.dir/build.make CMakeFiles/cmTC_802a3.dir/build
make[1]: 进入目录“/home/rm/catkin_livox_ros_driver2/src/IST_2025_sentry/build/CMakeFiles/CMakeTmp”
Building C object CMakeFiles/cmTC_802a3.dir/CheckFunctionExists.c.o
/usr/bin/cc   -DCHECK_FUNCTION_EXISTS=pthread_create   -o CMakeFiles/cmTC_802a3.dir/CheckFunctionExists.c.o   -c /usr/share/cmake-3.16/Modules/CheckFunctionExists.c
Linking C executable cmTC_802a3
/usr/bin/cmake -E cmake_link_script CMakeFiles/cmTC_802a3.dir/link.txt --verbose=1
/usr/bin/cc  -DCHECK_FUNCTION_EXISTS=pthread_create    -rdynamic CMakeFiles/cmTC_802a3.dir/CheckFunctionExists.c.o  -o cmTC_802a3  -lpthreads 
/usr/bin/ld: 找不到 -lpthreads
collect2: error: ld returned 1 exit status
make[1]: *** [CMakeFiles/cmTC_802a3.dir/build.make:87：cmTC_802a3] 错误 1
make[1]: 离开目录“/home/rm/catkin_livox_ros_driver2/src/IST_2025_sentry/build/CMakeFiles/CMakeTmp”
make: *** [Makefile:121：cmTC_802a3/fast] 错误 2



Performing C SOURCE FILE Test CMAKE_HAVE_LIBC_PTHREAD failed with the following output:
Change Dir: /home/rm/catkin_livox_ros_driver2/src/IST_2025_sentry/build/CMakeFiles/CMakeTmp

Run Build Command(s):/usr/bin/make cmTC_0625f/fast && /usr/bin/make -f CMakeFiles/cmTC_0625f.dir/build.make CMakeFiles/cmTC_0625f.dir/build
make[1]: 进入目录“/home/rm/catkin_livox_ros_driver2/src/IST_2025_sentry/build/CMakeFiles/CMakeTmp”
Building C object CMakeFiles/cmTC_0625f.dir/src.c.o
/usr/bin/cc   -DCMAKE_HAVE_LIBC_PTHREAD   -o CMakeFiles/cmTC_0625f.dir/src.c.o   -c /home/rm/catkin_livox_ros_driver2/src/IST_2025_sentry/build/CMakeFiles/CMakeTmp/src.c
Linking C executable cmTC_0625f
/usr/bin/cmake -E cmake_link_script CMakeFiles/cmTC_0625f.dir/link.txt --verbose=1
/usr/bin/cc  -DCMAKE_HAVE_LIBC_PTHREAD    -rdynamic CMakeFiles/cmTC_0625f.dir/src.c.o  -o cmTC_0625f 
/usr/bin/ld: CMakeFiles/cmTC_0625f.dir/src.c.o: in function `main':
src.c:(.text+0x46): undefined reference to `pthread_create'
/usr/bin/ld: src.c:(.text+0x52): undefined reference to `pthread_detach'
/usr/bin/ld: src.c:(.text+0x63): undefined reference to `pthread_join'
collect2: error: ld returned 1 exit status
make[1]: *** [CMakeFiles/cmTC_0625f.dir/build.make:87：cmTC_0625f] 错误 1
make[1]: 离开目录“/home/rm/catkin_livox_ros_driver2/src/IST_2025_sentry/build/CMakeFiles/CMakeTmp”
make: *** [Makefile:121：cmTC_0625f/fast] 错误 2


Source file was:
#include <pthread.h>

void* test_func(void* data)
{
  return data;
}

int main(void)
{
  pthread_t thread;
  pthread_create(&thread, NULL, test_func, NULL);
  pthread_detach(thread);
  pthread_join(thread, NULL);
  pthread_atfork(NULL, NULL, NULL);
  pthread_exit(NULL);

  return 0;
}

Determining if the function pthread_create exists in the pthreads failed with the following output:
Change Dir: /home/rm/catkin_livox_ros_driver2/src/IST_2025_sentry/build/CMakeFiles/CMakeTmp

Run Build Command(s):/usr/bin/make cmTC_bd125/fast && /usr/bin/make -f CMakeFiles/cmTC_bd125.dir/build.make CMakeFiles/cmTC_bd125.dir/build
make[1]: 进入目录“/home/rm/catkin_livox_ros_driver2/src/IST_2025_sentry/build/CMakeFiles/CMakeTmp”
Building C object CMakeFiles/cmTC_bd125.dir/CheckFunctionExists.c.o
/usr/bin/cc   -DCHECK_FUNCTION_EXISTS=pthread_create   -o CMakeFiles/cmTC_bd125.dir/CheckFunctionExists.c.o   -c /usr/share/cmake-3.16/Modules/CheckFunctionExists.c
Linking C executable cmTC_bd125
/usr/bin/cmake -E cmake_link_script CMakeFiles/cmTC_bd125.dir/link.txt --verbose=1
/usr/bin/cc  -DCHECK_FUNCTION_EXISTS=pthread_create    -rdynamic CMakeFiles/cmTC_bd125.dir/CheckFunctionExists.c.o  -o cmTC_bd125  -lpthreads 
/usr/bin/ld: 找不到 -lpthreads
collect2: error: ld returned 1 exit status
make[1]: *** [CMakeFiles/cmTC_bd125.dir/build.make:87：cmTC_bd125] 错误 1
make[1]: 离开目录“/home/rm/catkin_livox_ros_driver2/src/IST_2025_sentry/build/CMakeFiles/CMakeTmp”
make: *** [Makefile:121：cmTC_bd125/fast] 错误 2



Performing C SOURCE FILE Test CMAKE_HAVE_LIBC_PTHREAD failed with the following output:
Change Dir: /home/rm/catkin_livox_ros_driver2/src/IST_2025_sentry/build/CMakeFiles/CMakeTmp

Run Build Command(s):/usr/bin/make cmTC_1e553/fast && /usr/bin/make -f CMakeFiles/cmTC_1e553.dir/build.make CMakeFiles/cmTC_1e553.dir/build
make[1]: 进入目录“/home/rm/catkin_livox_ros_driver2/src/IST_2025_sentry/build/CMakeFiles/CMakeTmp”
Building C object CMakeFiles/cmTC_1e553.dir/src.c.o
/usr/bin/cc   -DCMAKE_HAVE_LIBC_PTHREAD   -o CMakeFiles/cmTC_1e553.dir/src.c.o   -c /home/rm/catkin_livox_ros_driver2/src/IST_2025_sentry/build/CMakeFiles/CMakeTmp/src.c
Linking C executable cmTC_1e553
/usr/bin/cmake -E cmake_link_script CMakeFiles/cmTC_1e553.dir/link.txt --verbose=1
/usr/bin/cc  -DCMAKE_HAVE_LIBC_PTHREAD    -rdynamic CMakeFiles/cmTC_1e553.dir/src.c.o  -o cmTC_1e553 
/usr/bin/ld: CMakeFiles/cmTC_1e553.dir/src.c.o: in function `main':
src.c:(.text+0x46): undefined reference to `pthread_create'
/usr/bin/ld: src.c:(.text+0x52): undefined reference to `pthread_detach'
/usr/bin/ld: src.c:(.text+0x63): undefined reference to `pthread_join'
collect2: error: ld returned 1 exit status
make[1]: *** [CMakeFiles/cmTC_1e553.dir/build.make:87：cmTC_1e553] 错误 1
make[1]: 离开目录“/home/rm/catkin_livox_ros_driver2/src/IST_2025_sentry/build/CMakeFiles/CMakeTmp”
make: *** [Makefile:121：cmTC_1e553/fast] 错误 2


Source file was:
#include <pthread.h>

void* test_func(void* data)
{
  return data;
}

int main(void)
{
  pthread_t thread;
  pthread_create(&thread, NULL, test_func, NULL);
  pthread_detach(thread);
  pthread_join(thread, NULL);
  pthread_atfork(NULL, NULL, NULL);
  pthread_exit(NULL);

  return 0;
}

Determining if the function pthread_create exists in the pthreads failed with the following output:
Change Dir: /home/rm/catkin_livox_ros_driver2/src/IST_2025_sentry/build/CMakeFiles/CMakeTmp

Run Build Command(s):/usr/bin/make cmTC_f81c3/fast && /usr/bin/make -f CMakeFiles/cmTC_f81c3.dir/build.make CMakeFiles/cmTC_f81c3.dir/build
make[1]: 进入目录“/home/rm/catkin_livox_ros_driver2/src/IST_2025_sentry/build/CMakeFiles/CMakeTmp”
Building C object CMakeFiles/cmTC_f81c3.dir/CheckFunctionExists.c.o
/usr/bin/cc   -DCHECK_FUNCTION_EXISTS=pthread_create   -o CMakeFiles/cmTC_f81c3.dir/CheckFunctionExists.c.o   -c /usr/share/cmake-3.16/Modules/CheckFunctionExists.c
Linking C executable cmTC_f81c3
/usr/bin/cmake -E cmake_link_script CMakeFiles/cmTC_f81c3.dir/link.txt --verbose=1
/usr/bin/cc  -DCHECK_FUNCTION_EXISTS=pthread_create    -rdynamic CMakeFiles/cmTC_f81c3.dir/CheckFunctionExists.c.o  -o cmTC_f81c3  -lpthreads 
/usr/bin/ld: 找不到 -lpthreads
collect2: error: ld returned 1 exit status
make[1]: *** [CMakeFiles/cmTC_f81c3.dir/build.make:87：cmTC_f81c3] 错误 1
make[1]: 离开目录“/home/rm/catkin_livox_ros_driver2/src/IST_2025_sentry/build/CMakeFiles/CMakeTmp”
make: *** [Makefile:121：cmTC_f81c3/fast] 错误 2



Performing C SOURCE FILE Test CMAKE_HAVE_LIBC_PTHREAD failed with the following output:
Change Dir: /home/rm/catkin_livox_ros_driver2/src/IST_2025_sentry/build/CMakeFiles/CMakeTmp

Run Build Command(s):/usr/bin/make cmTC_a4559/fast && /usr/bin/make -f CMakeFiles/cmTC_a4559.dir/build.make CMakeFiles/cmTC_a4559.dir/build
make[1]: 进入目录“/home/rm/catkin_livox_ros_driver2/src/IST_2025_sentry/build/CMakeFiles/CMakeTmp”
Building C object CMakeFiles/cmTC_a4559.dir/src.c.o
/usr/bin/cc   -DCMAKE_HAVE_LIBC_PTHREAD   -o CMakeFiles/cmTC_a4559.dir/src.c.o   -c /home/rm/catkin_livox_ros_driver2/src/IST_2025_sentry/build/CMakeFiles/CMakeTmp/src.c
Linking C executable cmTC_a4559
/usr/bin/cmake -E cmake_link_script CMakeFiles/cmTC_a4559.dir/link.txt --verbose=1
/usr/bin/cc  -DCMAKE_HAVE_LIBC_PTHREAD    -rdynamic CMakeFiles/cmTC_a4559.dir/src.c.o  -o cmTC_a4559 
/usr/bin/ld: CMakeFiles/cmTC_a4559.dir/src.c.o: in function `main':
src.c:(.text+0x46): undefined reference to `pthread_create'
/usr/bin/ld: src.c:(.text+0x52): undefined reference to `pthread_detach'
/usr/bin/ld: src.c:(.text+0x63): undefined reference to `pthread_join'
collect2: error: ld returned 1 exit status
make[1]: *** [CMakeFiles/cmTC_a4559.dir/build.make:87：cmTC_a4559] 错误 1
make[1]: 离开目录“/home/rm/catkin_livox_ros_driver2/src/IST_2025_sentry/build/CMakeFiles/CMakeTmp”
make: *** [Makefile:121：cmTC_a4559/fast] 错误 2


Source file was:
#include <pthread.h>

void* test_func(void* data)
{
  return data;
}

int main(void)
{
  pthread_t thread;
  pthread_create(&thread, NULL, test_func, NULL);
  pthread_detach(thread);
  pthread_join(thread, NULL);
  pthread_atfork(NULL, NULL, NULL);
  pthread_exit(NULL);

  return 0;
}

Determining if the function pthread_create exists in the pthreads failed with the following output:
Change Dir: /home/rm/catkin_livox_ros_driver2/src/IST_2025_sentry/build/CMakeFiles/CMakeTmp

Run Build Command(s):/usr/bin/make cmTC_3711d/fast && /usr/bin/make -f CMakeFiles/cmTC_3711d.dir/build.make CMakeFiles/cmTC_3711d.dir/build
make[1]: 进入目录“/home/rm/catkin_livox_ros_driver2/src/IST_2025_sentry/build/CMakeFiles/CMakeTmp”
Building C object CMakeFiles/cmTC_3711d.dir/CheckFunctionExists.c.o
/usr/bin/cc   -DCHECK_FUNCTION_EXISTS=pthread_create   -o CMakeFiles/cmTC_3711d.dir/CheckFunctionExists.c.o   -c /usr/share/cmake-3.16/Modules/CheckFunctionExists.c
Linking C executable cmTC_3711d
/usr/bin/cmake -E cmake_link_script CMakeFiles/cmTC_3711d.dir/link.txt --verbose=1
/usr/bin/cc  -DCHECK_FUNCTION_EXISTS=pthread_create    -rdynamic CMakeFiles/cmTC_3711d.dir/CheckFunctionExists.c.o  -o cmTC_3711d  -lpthreads 
/usr/bin/ld: 找不到 -lpthreads
collect2: error: ld returned 1 exit status
make[1]: *** [CMakeFiles/cmTC_3711d.dir/build.make:87：cmTC_3711d] 错误 1
make[1]: 离开目录“/home/rm/catkin_livox_ros_driver2/src/IST_2025_sentry/build/CMakeFiles/CMakeTmp”
make: *** [Makefile:121：cmTC_3711d/fast] 错误 2



Performing C SOURCE FILE Test CMAKE_HAVE_LIBC_PTHREAD failed with the following output:
Change Dir: /home/rm/catkin_livox_ros_driver2/src/IST_2025_sentry/build/CMakeFiles/CMakeTmp

Run Build Command(s):/usr/bin/make cmTC_46b73/fast && /usr/bin/make -f CMakeFiles/cmTC_46b73.dir/build.make CMakeFiles/cmTC_46b73.dir/build
make[1]: 进入目录“/home/rm/catkin_livox_ros_driver2/src/IST_2025_sentry/build/CMakeFiles/CMakeTmp”
Building C object CMakeFiles/cmTC_46b73.dir/src.c.o
/usr/bin/cc   -DCMAKE_HAVE_LIBC_PTHREAD   -o CMakeFiles/cmTC_46b73.dir/src.c.o   -c /home/rm/catkin_livox_ros_driver2/src/IST_2025_sentry/build/CMakeFiles/CMakeTmp/src.c
Linking C executable cmTC_46b73
/usr/bin/cmake -E cmake_link_script CMakeFiles/cmTC_46b73.dir/link.txt --verbose=1
/usr/bin/cc  -DCMAKE_HAVE_LIBC_PTHREAD    -rdynamic CMakeFiles/cmTC_46b73.dir/src.c.o  -o cmTC_46b73 
/usr/bin/ld: CMakeFiles/cmTC_46b73.dir/src.c.o: in function `main':
src.c:(.text+0x46): undefined reference to `pthread_create'
/usr/bin/ld: src.c:(.text+0x52): undefined reference to `pthread_detach'
/usr/bin/ld: src.c:(.text+0x63): undefined reference to `pthread_join'
collect2: error: ld returned 1 exit status
make[1]: *** [CMakeFiles/cmTC_46b73.dir/build.make:87：cmTC_46b73] 错误 1
make[1]: 离开目录“/home/rm/catkin_livox_ros_driver2/src/IST_2025_sentry/build/CMakeFiles/CMakeTmp”
make: *** [Makefile:121：cmTC_46b73/fast] 错误 2


Source file was:
#include <pthread.h>

void* test_func(void* data)
{
  return data;
}

int main(void)
{
  pthread_t thread;
  pthread_create(&thread, NULL, test_func, NULL);
  pthread_detach(thread);
  pthread_join(thread, NULL);
  pthread_atfork(NULL, NULL, NULL);
  pthread_exit(NULL);

  return 0;
}

Determining if the function pthread_create exists in the pthreads failed with the following output:
Change Dir: /home/rm/catkin_livox_ros_driver2/src/IST_2025_sentry/build/CMakeFiles/CMakeTmp

Run Build Command(s):/usr/bin/make cmTC_7ae01/fast && /usr/bin/make -f CMakeFiles/cmTC_7ae01.dir/build.make CMakeFiles/cmTC_7ae01.dir/build
make[1]: 进入目录“/home/rm/catkin_livox_ros_driver2/src/IST_2025_sentry/build/CMakeFiles/CMakeTmp”
Building C object CMakeFiles/cmTC_7ae01.dir/CheckFunctionExists.c.o
/usr/bin/cc   -DCHECK_FUNCTION_EXISTS=pthread_create   -o CMakeFiles/cmTC_7ae01.dir/CheckFunctionExists.c.o   -c /usr/share/cmake-3.16/Modules/CheckFunctionExists.c
Linking C executable cmTC_7ae01
/usr/bin/cmake -E cmake_link_script CMakeFiles/cmTC_7ae01.dir/link.txt --verbose=1
/usr/bin/cc  -DCHECK_FUNCTION_EXISTS=pthread_create    -rdynamic CMakeFiles/cmTC_7ae01.dir/CheckFunctionExists.c.o  -o cmTC_7ae01  -lpthreads 
/usr/bin/ld: 找不到 -lpthreads
collect2: error: ld returned 1 exit status
make[1]: *** [CMakeFiles/cmTC_7ae01.dir/build.make:87：cmTC_7ae01] 错误 1
make[1]: 离开目录“/home/rm/catkin_livox_ros_driver2/src/IST_2025_sentry/build/CMakeFiles/CMakeTmp”
make: *** [Makefile:121：cmTC_7ae01/fast] 错误 2



Performing C SOURCE FILE Test CMAKE_HAVE_LIBC_PTHREAD failed with the following output:
Change Dir: /home/rm/catkin_livox_ros_driver2/src/IST_2025_sentry/build/CMakeFiles/CMakeTmp

Run Build Command(s):/usr/bin/make cmTC_82ea8/fast && /usr/bin/make -f CMakeFiles/cmTC_82ea8.dir/build.make CMakeFiles/cmTC_82ea8.dir/build
make[1]: 进入目录“/home/rm/catkin_livox_ros_driver2/src/IST_2025_sentry/build/CMakeFiles/CMakeTmp”
Building C object CMakeFiles/cmTC_82ea8.dir/src.c.o
/usr/bin/cc   -DCMAKE_HAVE_LIBC_PTHREAD   -o CMakeFiles/cmTC_82ea8.dir/src.c.o   -c /home/rm/catkin_livox_ros_driver2/src/IST_2025_sentry/build/CMakeFiles/CMakeTmp/src.c
Linking C executable cmTC_82ea8
/usr/bin/cmake -E cmake_link_script CMakeFiles/cmTC_82ea8.dir/link.txt --verbose=1
/usr/bin/cc  -DCMAKE_HAVE_LIBC_PTHREAD    -rdynamic CMakeFiles/cmTC_82ea8.dir/src.c.o  -o cmTC_82ea8 
/usr/bin/ld: CMakeFiles/cmTC_82ea8.dir/src.c.o: in function `main':
src.c:(.text+0x46): undefined reference to `pthread_create'
/usr/bin/ld: src.c:(.text+0x52): undefined reference to `pthread_detach'
/usr/bin/ld: src.c:(.text+0x63): undefined reference to `pthread_join'
collect2: error: ld returned 1 exit status
make[1]: *** [CMakeFiles/cmTC_82ea8.dir/build.make:87：cmTC_82ea8] 错误 1
make[1]: 离开目录“/home/rm/catkin_livox_ros_driver2/src/IST_2025_sentry/build/CMakeFiles/CMakeTmp”
make: *** [Makefile:121：cmTC_82ea8/fast] 错误 2


Source file was:
#include <pthread.h>

void* test_func(void* data)
{
  return data;
}

int main(void)
{
  pthread_t thread;
  pthread_create(&thread, NULL, test_func, NULL);
  pthread_detach(thread);
  pthread_join(thread, NULL);
  pthread_atfork(NULL, NULL, NULL);
  pthread_exit(NULL);

  return 0;
}

Determining if the function pthread_create exists in the pthreads failed with the following output:
Change Dir: /home/rm/catkin_livox_ros_driver2/src/IST_2025_sentry/build/CMakeFiles/CMakeTmp

Run Build Command(s):/usr/bin/make cmTC_93d80/fast && /usr/bin/make -f CMakeFiles/cmTC_93d80.dir/build.make CMakeFiles/cmTC_93d80.dir/build
make[1]: 进入目录“/home/rm/catkin_livox_ros_driver2/src/IST_2025_sentry/build/CMakeFiles/CMakeTmp”
Building C object CMakeFiles/cmTC_93d80.dir/CheckFunctionExists.c.o
/usr/bin/cc   -DCHECK_FUNCTION_EXISTS=pthread_create   -o CMakeFiles/cmTC_93d80.dir/CheckFunctionExists.c.o   -c /usr/share/cmake-3.16/Modules/CheckFunctionExists.c
Linking C executable cmTC_93d80
/usr/bin/cmake -E cmake_link_script CMakeFiles/cmTC_93d80.dir/link.txt --verbose=1
/usr/bin/cc  -DCHECK_FUNCTION_EXISTS=pthread_create    -rdynamic CMakeFiles/cmTC_93d80.dir/CheckFunctionExists.c.o  -o cmTC_93d80  -lpthreads 
/usr/bin/ld: 找不到 -lpthreads
collect2: error: ld returned 1 exit status
make[1]: *** [CMakeFiles/cmTC_93d80.dir/build.make:87：cmTC_93d80] 错误 1
make[1]: 离开目录“/home/rm/catkin_livox_ros_driver2/src/IST_2025_sentry/build/CMakeFiles/CMakeTmp”
make: *** [Makefile:121：cmTC_93d80/fast] 错误 2



Performing C SOURCE FILE Test CMAKE_HAVE_LIBC_PTHREAD failed with the following output:
Change Dir: /home/rm/catkin_livox_ros_driver2/src/IST_2025_sentry/build/CMakeFiles/CMakeTmp

Run Build Command(s):/usr/bin/make cmTC_47abb/fast && /usr/bin/make -f CMakeFiles/cmTC_47abb.dir/build.make CMakeFiles/cmTC_47abb.dir/build
make[1]: 进入目录“/home/rm/catkin_livox_ros_driver2/src/IST_2025_sentry/build/CMakeFiles/CMakeTmp”
Building C object CMakeFiles/cmTC_47abb.dir/src.c.o
/usr/bin/cc   -DCMAKE_HAVE_LIBC_PTHREAD   -o CMakeFiles/cmTC_47abb.dir/src.c.o   -c /home/rm/catkin_livox_ros_driver2/src/IST_2025_sentry/build/CMakeFiles/CMakeTmp/src.c
Linking C executable cmTC_47abb
/usr/bin/cmake -E cmake_link_script CMakeFiles/cmTC_47abb.dir/link.txt --verbose=1
/usr/bin/cc  -DCMAKE_HAVE_LIBC_PTHREAD    -rdynamic CMakeFiles/cmTC_47abb.dir/src.c.o  -o cmTC_47abb 
/usr/bin/ld: CMakeFiles/cmTC_47abb.dir/src.c.o: in function `main':
src.c:(.text+0x46): undefined reference to `pthread_create'
/usr/bin/ld: src.c:(.text+0x52): undefined reference to `pthread_detach'
/usr/bin/ld: src.c:(.text+0x63): undefined reference to `pthread_join'
collect2: error: ld returned 1 exit status
make[1]: *** [CMakeFiles/cmTC_47abb.dir/build.make:87：cmTC_47abb] 错误 1
make[1]: 离开目录“/home/rm/catkin_livox_ros_driver2/src/IST_2025_sentry/build/CMakeFiles/CMakeTmp”
make: *** [Makefile:121：cmTC_47abb/fast] 错误 2


Source file was:
#include <pthread.h>

void* test_func(void* data)
{
  return data;
}

int main(void)
{
  pthread_t thread;
  pthread_create(&thread, NULL, test_func, NULL);
  pthread_detach(thread);
  pthread_join(thread, NULL);
  pthread_atfork(NULL, NULL, NULL);
  pthread_exit(NULL);

  return 0;
}

Determining if the function pthread_create exists in the pthreads failed with the following output:
Change Dir: /home/rm/catkin_livox_ros_driver2/src/IST_2025_sentry/build/CMakeFiles/CMakeTmp

Run Build Command(s):/usr/bin/make cmTC_28ede/fast && /usr/bin/make -f CMakeFiles/cmTC_28ede.dir/build.make CMakeFiles/cmTC_28ede.dir/build
make[1]: 进入目录“/home/rm/catkin_livox_ros_driver2/src/IST_2025_sentry/build/CMakeFiles/CMakeTmp”
Building C object CMakeFiles/cmTC_28ede.dir/CheckFunctionExists.c.o
/usr/bin/cc   -DCHECK_FUNCTION_EXISTS=pthread_create   -o CMakeFiles/cmTC_28ede.dir/CheckFunctionExists.c.o   -c /usr/share/cmake-3.16/Modules/CheckFunctionExists.c
Linking C executable cmTC_28ede
/usr/bin/cmake -E cmake_link_script CMakeFiles/cmTC_28ede.dir/link.txt --verbose=1
/usr/bin/cc  -DCHECK_FUNCTION_EXISTS=pthread_create    -rdynamic CMakeFiles/cmTC_28ede.dir/CheckFunctionExists.c.o  -o cmTC_28ede  -lpthreads 
/usr/bin/ld: 找不到 -lpthreads
collect2: error: ld returned 1 exit status
make[1]: *** [CMakeFiles/cmTC_28ede.dir/build.make:87：cmTC_28ede] 错误 1
make[1]: 离开目录“/home/rm/catkin_livox_ros_driver2/src/IST_2025_sentry/build/CMakeFiles/CMakeTmp”
make: *** [Makefile:121：cmTC_28ede/fast] 错误 2



Performing C SOURCE FILE Test CMAKE_HAVE_LIBC_PTHREAD failed with the following output:
Change Dir: /home/rm/catkin_livox_ros_driver2/src/IST_2025_sentry/build/CMakeFiles/CMakeTmp

Run Build Command(s):/usr/bin/make cmTC_1a70d/fast && /usr/bin/make -f CMakeFiles/cmTC_1a70d.dir/build.make CMakeFiles/cmTC_1a70d.dir/build
make[1]: 进入目录“/home/rm/catkin_livox_ros_driver2/src/IST_2025_sentry/build/CMakeFiles/CMakeTmp”
Building C object CMakeFiles/cmTC_1a70d.dir/src.c.o
/usr/bin/cc   -DCMAKE_HAVE_LIBC_PTHREAD   -o CMakeFiles/cmTC_1a70d.dir/src.c.o   -c /home/rm/catkin_livox_ros_driver2/src/IST_2025_sentry/build/CMakeFiles/CMakeTmp/src.c
Linking C executable cmTC_1a70d
/usr/bin/cmake -E cmake_link_script CMakeFiles/cmTC_1a70d.dir/link.txt --verbose=1
/usr/bin/cc  -DCMAKE_HAVE_LIBC_PTHREAD    -rdynamic CMakeFiles/cmTC_1a70d.dir/src.c.o  -o cmTC_1a70d 
/usr/bin/ld: CMakeFiles/cmTC_1a70d.dir/src.c.o: in function `main':
src.c:(.text+0x46): undefined reference to `pthread_create'
/usr/bin/ld: src.c:(.text+0x52): undefined reference to `pthread_detach'
/usr/bin/ld: src.c:(.text+0x63): undefined reference to `pthread_join'
collect2: error: ld returned 1 exit status
make[1]: *** [CMakeFiles/cmTC_1a70d.dir/build.make:87：cmTC_1a70d] 错误 1
make[1]: 离开目录“/home/rm/catkin_livox_ros_driver2/src/IST_2025_sentry/build/CMakeFiles/CMakeTmp”
make: *** [Makefile:121：cmTC_1a70d/fast] 错误 2


Source file was:
#include <pthread.h>

void* test_func(void* data)
{
  return data;
}

int main(void)
{
  pthread_t thread;
  pthread_create(&thread, NULL, test_func, NULL);
  pthread_detach(thread);
  pthread_join(thread, NULL);
  pthread_atfork(NULL, NULL, NULL);
  pthread_exit(NULL);

  return 0;
}

Determining if the function pthread_create exists in the pthreads failed with the following output:
Change Dir: /home/rm/catkin_livox_ros_driver2/src/IST_2025_sentry/build/CMakeFiles/CMakeTmp

Run Build Command(s):/usr/bin/make cmTC_5793b/fast && /usr/bin/make -f CMakeFiles/cmTC_5793b.dir/build.make CMakeFiles/cmTC_5793b.dir/build
make[1]: 进入目录“/home/rm/catkin_livox_ros_driver2/src/IST_2025_sentry/build/CMakeFiles/CMakeTmp”
Building C object CMakeFiles/cmTC_5793b.dir/CheckFunctionExists.c.o
/usr/bin/cc   -DCHECK_FUNCTION_EXISTS=pthread_create   -o CMakeFiles/cmTC_5793b.dir/CheckFunctionExists.c.o   -c /usr/share/cmake-3.16/Modules/CheckFunctionExists.c
Linking C executable cmTC_5793b
/usr/bin/cmake -E cmake_link_script CMakeFiles/cmTC_5793b.dir/link.txt --verbose=1
/usr/bin/cc  -DCHECK_FUNCTION_EXISTS=pthread_create    -rdynamic CMakeFiles/cmTC_5793b.dir/CheckFunctionExists.c.o  -o cmTC_5793b  -lpthreads 
/usr/bin/ld: 找不到 -lpthreads
collect2: error: ld returned 1 exit status
make[1]: *** [CMakeFiles/cmTC_5793b.dir/build.make:87：cmTC_5793b] 错误 1
make[1]: 离开目录“/home/rm/catkin_livox_ros_driver2/src/IST_2025_sentry/build/CMakeFiles/CMakeTmp”
make: *** [Makefile:121：cmTC_5793b/fast] 错误 2



Performing C SOURCE FILE Test CMAKE_HAVE_LIBC_PTHREAD failed with the following output:
Change Dir: /home/rm/catkin_livox_ros_driver2/src/IST_2025_sentry/build/CMakeFiles/CMakeTmp

Run Build Command(s):/usr/bin/make cmTC_9a44d/fast && /usr/bin/make -f CMakeFiles/cmTC_9a44d.dir/build.make CMakeFiles/cmTC_9a44d.dir/build
make[1]: 进入目录“/home/rm/catkin_livox_ros_driver2/src/IST_2025_sentry/build/CMakeFiles/CMakeTmp”
Building C object CMakeFiles/cmTC_9a44d.dir/src.c.o
/usr/bin/cc   -DCMAKE_HAVE_LIBC_PTHREAD   -o CMakeFiles/cmTC_9a44d.dir/src.c.o   -c /home/rm/catkin_livox_ros_driver2/src/IST_2025_sentry/build/CMakeFiles/CMakeTmp/src.c
Linking C executable cmTC_9a44d
/usr/bin/cmake -E cmake_link_script CMakeFiles/cmTC_9a44d.dir/link.txt --verbose=1
/usr/bin/cc  -DCMAKE_HAVE_LIBC_PTHREAD    -rdynamic CMakeFiles/cmTC_9a44d.dir/src.c.o  -o cmTC_9a44d 
/usr/bin/ld: CMakeFiles/cmTC_9a44d.dir/src.c.o: in function `main':
src.c:(.text+0x46): undefined reference to `pthread_create'
/usr/bin/ld: src.c:(.text+0x52): undefined reference to `pthread_detach'
/usr/bin/ld: src.c:(.text+0x63): undefined reference to `pthread_join'
collect2: error: ld returned 1 exit status
make[1]: *** [CMakeFiles/cmTC_9a44d.dir/build.make:87：cmTC_9a44d] 错误 1
make[1]: 离开目录“/home/rm/catkin_livox_ros_driver2/src/IST_2025_sentry/build/CMakeFiles/CMakeTmp”
make: *** [Makefile:121：cmTC_9a44d/fast] 错误 2


Source file was:
#include <pthread.h>

void* test_func(void* data)
{
  return data;
}

int main(void)
{
  pthread_t thread;
  pthread_create(&thread, NULL, test_func, NULL);
  pthread_detach(thread);
  pthread_join(thread, NULL);
  pthread_atfork(NULL, NULL, NULL);
  pthread_exit(NULL);

  return 0;
}

Determining if the function pthread_create exists in the pthreads failed with the following output:
Change Dir: /home/rm/catkin_livox_ros_driver2/src/IST_2025_sentry/build/CMakeFiles/CMakeTmp

Run Build Command(s):/usr/bin/make cmTC_7fd82/fast && /usr/bin/make -f CMakeFiles/cmTC_7fd82.dir/build.make CMakeFiles/cmTC_7fd82.dir/build
make[1]: 进入目录“/home/rm/catkin_livox_ros_driver2/src/IST_2025_sentry/build/CMakeFiles/CMakeTmp”
Building C object CMakeFiles/cmTC_7fd82.dir/CheckFunctionExists.c.o
/usr/bin/cc   -DCHECK_FUNCTION_EXISTS=pthread_create   -o CMakeFiles/cmTC_7fd82.dir/CheckFunctionExists.c.o   -c /usr/share/cmake-3.16/Modules/CheckFunctionExists.c
Linking C executable cmTC_7fd82
/usr/bin/cmake -E cmake_link_script CMakeFiles/cmTC_7fd82.dir/link.txt --verbose=1
/usr/bin/cc  -DCHECK_FUNCTION_EXISTS=pthread_create    -rdynamic CMakeFiles/cmTC_7fd82.dir/CheckFunctionExists.c.o  -o cmTC_7fd82  -lpthreads 
/usr/bin/ld: 找不到 -lpthreads
collect2: error: ld returned 1 exit status
make[1]: *** [CMakeFiles/cmTC_7fd82.dir/build.make:87：cmTC_7fd82] 错误 1
make[1]: 离开目录“/home/rm/catkin_livox_ros_driver2/src/IST_2025_sentry/build/CMakeFiles/CMakeTmp”
make: *** [Makefile:121：cmTC_7fd82/fast] 错误 2



Performing C SOURCE FILE Test CMAKE_HAVE_LIBC_PTHREAD failed with the following output:
Change Dir: /home/rm/catkin_livox_ros_driver2/src/IST_2025_sentry/build/CMakeFiles/CMakeTmp

Run Build Command(s):/usr/bin/make cmTC_18e8e/fast && /usr/bin/make -f CMakeFiles/cmTC_18e8e.dir/build.make CMakeFiles/cmTC_18e8e.dir/build
make[1]: 进入目录“/home/rm/catkin_livox_ros_driver2/src/IST_2025_sentry/build/CMakeFiles/CMakeTmp”
Building C object CMakeFiles/cmTC_18e8e.dir/src.c.o
/usr/bin/cc   -DCMAKE_HAVE_LIBC_PTHREAD   -o CMakeFiles/cmTC_18e8e.dir/src.c.o   -c /home/rm/catkin_livox_ros_driver2/src/IST_2025_sentry/build/CMakeFiles/CMakeTmp/src.c
Linking C executable cmTC_18e8e
/usr/bin/cmake -E cmake_link_script CMakeFiles/cmTC_18e8e.dir/link.txt --verbose=1
/usr/bin/cc  -DCMAKE_HAVE_LIBC_PTHREAD    -rdynamic CMakeFiles/cmTC_18e8e.dir/src.c.o  -o cmTC_18e8e 
/usr/bin/ld: CMakeFiles/cmTC_18e8e.dir/src.c.o: in function `main':
src.c:(.text+0x46): undefined reference to `pthread_create'
/usr/bin/ld: src.c:(.text+0x52): undefined reference to `pthread_detach'
/usr/bin/ld: src.c:(.text+0x63): undefined reference to `pthread_join'
collect2: error: ld returned 1 exit status
make[1]: *** [CMakeFiles/cmTC_18e8e.dir/build.make:87：cmTC_18e8e] 错误 1
make[1]: 离开目录“/home/rm/catkin_livox_ros_driver2/src/IST_2025_sentry/build/CMakeFiles/CMakeTmp”
make: *** [Makefile:121：cmTC_18e8e/fast] 错误 2


Source file was:
#include <pthread.h>

void* test_func(void* data)
{
  return data;
}

int main(void)
{
  pthread_t thread;
  pthread_create(&thread, NULL, test_func, NULL);
  pthread_detach(thread);
  pthread_join(thread, NULL);
  pthread_atfork(NULL, NULL, NULL);
  pthread_exit(NULL);

  return 0;
}

Determining if the function pthread_create exists in the pthreads failed with the following output:
Change Dir: /home/rm/catkin_livox_ros_driver2/src/IST_2025_sentry/build/CMakeFiles/CMakeTmp

Run Build Command(s):/usr/bin/make cmTC_ceab2/fast && /usr/bin/make -f CMakeFiles/cmTC_ceab2.dir/build.make CMakeFiles/cmTC_ceab2.dir/build
make[1]: 进入目录“/home/rm/catkin_livox_ros_driver2/src/IST_2025_sentry/build/CMakeFiles/CMakeTmp”
Building C object CMakeFiles/cmTC_ceab2.dir/CheckFunctionExists.c.o
/usr/bin/cc   -DCHECK_FUNCTION_EXISTS=pthread_create   -o CMakeFiles/cmTC_ceab2.dir/CheckFunctionExists.c.o   -c /usr/share/cmake-3.16/Modules/CheckFunctionExists.c
Linking C executable cmTC_ceab2
/usr/bin/cmake -E cmake_link_script CMakeFiles/cmTC_ceab2.dir/link.txt --verbose=1
/usr/bin/cc  -DCHECK_FUNCTION_EXISTS=pthread_create    -rdynamic CMakeFiles/cmTC_ceab2.dir/CheckFunctionExists.c.o  -o cmTC_ceab2  -lpthreads 
/usr/bin/ld: 找不到 -lpthreads
collect2: error: ld returned 1 exit status
make[1]: *** [CMakeFiles/cmTC_ceab2.dir/build.make:87：cmTC_ceab2] 错误 1
make[1]: 离开目录“/home/rm/catkin_livox_ros_driver2/src/IST_2025_sentry/build/CMakeFiles/CMakeTmp”
make: *** [Makefile:121：cmTC_ceab2/fast] 错误 2



Performing C SOURCE FILE Test CMAKE_HAVE_LIBC_PTHREAD failed with the following output:
Change Dir: /home/rm/catkin_livox_ros_driver2/src/IST_2025_sentry/build/CMakeFiles/CMakeTmp

Run Build Command(s):/usr/bin/make cmTC_61451/fast && /usr/bin/make -f CMakeFiles/cmTC_61451.dir/build.make CMakeFiles/cmTC_61451.dir/build
make[1]: 进入目录“/home/rm/catkin_livox_ros_driver2/src/IST_2025_sentry/build/CMakeFiles/CMakeTmp”
Building C object CMakeFiles/cmTC_61451.dir/src.c.o
/usr/bin/cc   -DCMAKE_HAVE_LIBC_PTHREAD   -o CMakeFiles/cmTC_61451.dir/src.c.o   -c /home/rm/catkin_livox_ros_driver2/src/IST_2025_sentry/build/CMakeFiles/CMakeTmp/src.c
Linking C executable cmTC_61451
/usr/bin/cmake -E cmake_link_script CMakeFiles/cmTC_61451.dir/link.txt --verbose=1
/usr/bin/cc  -DCMAKE_HAVE_LIBC_PTHREAD    -rdynamic CMakeFiles/cmTC_61451.dir/src.c.o  -o cmTC_61451 
/usr/bin/ld: CMakeFiles/cmTC_61451.dir/src.c.o: in function `main':
src.c:(.text+0x46): undefined reference to `pthread_create'
/usr/bin/ld: src.c:(.text+0x52): undefined reference to `pthread_detach'
/usr/bin/ld: src.c:(.text+0x63): undefined reference to `pthread_join'
collect2: error: ld returned 1 exit status
make[1]: *** [CMakeFiles/cmTC_61451.dir/build.make:87：cmTC_61451] 错误 1
make[1]: 离开目录“/home/rm/catkin_livox_ros_driver2/src/IST_2025_sentry/build/CMakeFiles/CMakeTmp”
make: *** [Makefile:121：cmTC_61451/fast] 错误 2


Source file was:
#include <pthread.h>

void* test_func(void* data)
{
  return data;
}

int main(void)
{
  pthread_t thread;
  pthread_create(&thread, NULL, test_func, NULL);
  pthread_detach(thread);
  pthread_join(thread, NULL);
  pthread_atfork(NULL, NULL, NULL);
  pthread_exit(NULL);

  return 0;
}

Determining if the function pthread_create exists in the pthreads failed with the following output:
Change Dir: /home/rm/catkin_livox_ros_driver2/src/IST_2025_sentry/build/CMakeFiles/CMakeTmp

Run Build Command(s):/usr/bin/make cmTC_9ffeb/fast && /usr/bin/make -f CMakeFiles/cmTC_9ffeb.dir/build.make CMakeFiles/cmTC_9ffeb.dir/build
make[1]: 进入目录“/home/rm/catkin_livox_ros_driver2/src/IST_2025_sentry/build/CMakeFiles/CMakeTmp”
Building C object CMakeFiles/cmTC_9ffeb.dir/CheckFunctionExists.c.o
/usr/bin/cc   -DCHECK_FUNCTION_EXISTS=pthread_create   -o CMakeFiles/cmTC_9ffeb.dir/CheckFunctionExists.c.o   -c /usr/share/cmake-3.16/Modules/CheckFunctionExists.c
Linking C executable cmTC_9ffeb
/usr/bin/cmake -E cmake_link_script CMakeFiles/cmTC_9ffeb.dir/link.txt --verbose=1
/usr/bin/cc  -DCHECK_FUNCTION_EXISTS=pthread_create    -rdynamic CMakeFiles/cmTC_9ffeb.dir/CheckFunctionExists.c.o  -o cmTC_9ffeb  -lpthreads 
/usr/bin/ld: 找不到 -lpthreads
collect2: error: ld returned 1 exit status
make[1]: *** [CMakeFiles/cmTC_9ffeb.dir/build.make:87：cmTC_9ffeb] 错误 1
make[1]: 离开目录“/home/rm/catkin_livox_ros_driver2/src/IST_2025_sentry/build/CMakeFiles/CMakeTmp”
make: *** [Makefile:121：cmTC_9ffeb/fast] 错误 2



Performing C SOURCE FILE Test CMAKE_HAVE_LIBC_PTHREAD failed with the following output:
Change Dir: /home/rm/catkin_livox_ros_driver2/src/IST_2025_sentry/build/CMakeFiles/CMakeTmp

Run Build Command(s):/usr/bin/make cmTC_13b07/fast && /usr/bin/make -f CMakeFiles/cmTC_13b07.dir/build.make CMakeFiles/cmTC_13b07.dir/build
make[1]: 进入目录“/home/rm/catkin_livox_ros_driver2/src/IST_2025_sentry/build/CMakeFiles/CMakeTmp”
Building C object CMakeFiles/cmTC_13b07.dir/src.c.o
/usr/bin/cc   -DCMAKE_HAVE_LIBC_PTHREAD   -o CMakeFiles/cmTC_13b07.dir/src.c.o   -c /home/rm/catkin_livox_ros_driver2/src/IST_2025_sentry/build/CMakeFiles/CMakeTmp/src.c
Linking C executable cmTC_13b07
/usr/bin/cmake -E cmake_link_script CMakeFiles/cmTC_13b07.dir/link.txt --verbose=1
/usr/bin/cc  -DCMAKE_HAVE_LIBC_PTHREAD    -rdynamic CMakeFiles/cmTC_13b07.dir/src.c.o  -o cmTC_13b07 
/usr/bin/ld: CMakeFiles/cmTC_13b07.dir/src.c.o: in function `main':
src.c:(.text+0x46): undefined reference to `pthread_create'
/usr/bin/ld: src.c:(.text+0x52): undefined reference to `pthread_detach'
/usr/bin/ld: src.c:(.text+0x63): undefined reference to `pthread_join'
collect2: error: ld returned 1 exit status
make[1]: *** [CMakeFiles/cmTC_13b07.dir/build.make:87：cmTC_13b07] 错误 1
make[1]: 离开目录“/home/rm/catkin_livox_ros_driver2/src/IST_2025_sentry/build/CMakeFiles/CMakeTmp”
make: *** [Makefile:121：cmTC_13b07/fast] 错误 2


Source file was:
#include <pthread.h>

void* test_func(void* data)
{
  return data;
}

int main(void)
{
  pthread_t thread;
  pthread_create(&thread, NULL, test_func, NULL);
  pthread_detach(thread);
  pthread_join(thread, NULL);
  pthread_atfork(NULL, NULL, NULL);
  pthread_exit(NULL);

  return 0;
}

Determining if the function pthread_create exists in the pthreads failed with the following output:
Change Dir: /home/rm/catkin_livox_ros_driver2/src/IST_2025_sentry/build/CMakeFiles/CMakeTmp

Run Build Command(s):/usr/bin/make cmTC_eb980/fast && /usr/bin/make -f CMakeFiles/cmTC_eb980.dir/build.make CMakeFiles/cmTC_eb980.dir/build
make[1]: 进入目录“/home/rm/catkin_livox_ros_driver2/src/IST_2025_sentry/build/CMakeFiles/CMakeTmp”
Building C object CMakeFiles/cmTC_eb980.dir/CheckFunctionExists.c.o
/usr/bin/cc   -DCHECK_FUNCTION_EXISTS=pthread_create   -o CMakeFiles/cmTC_eb980.dir/CheckFunctionExists.c.o   -c /usr/share/cmake-3.16/Modules/CheckFunctionExists.c
Linking C executable cmTC_eb980
/usr/bin/cmake -E cmake_link_script CMakeFiles/cmTC_eb980.dir/link.txt --verbose=1
/usr/bin/cc  -DCHECK_FUNCTION_EXISTS=pthread_create    -rdynamic CMakeFiles/cmTC_eb980.dir/CheckFunctionExists.c.o  -o cmTC_eb980  -lpthreads 
/usr/bin/ld: 找不到 -lpthreads
collect2: error: ld returned 1 exit status
make[1]: *** [CMakeFiles/cmTC_eb980.dir/build.make:87：cmTC_eb980] 错误 1
make[1]: 离开目录“/home/rm/catkin_livox_ros_driver2/src/IST_2025_sentry/build/CMakeFiles/CMakeTmp”
make: *** [Makefile:121：cmTC_eb980/fast] 错误 2



Performing C SOURCE FILE Test CMAKE_HAVE_LIBC_PTHREAD failed with the following output:
Change Dir: /home/rm/catkin_livox_ros_driver2/src/IST_2025_sentry/build/CMakeFiles/CMakeTmp

Run Build Command(s):/usr/bin/make cmTC_22b91/fast && /usr/bin/make -f CMakeFiles/cmTC_22b91.dir/build.make CMakeFiles/cmTC_22b91.dir/build
make[1]: 进入目录“/home/rm/catkin_livox_ros_driver2/src/IST_2025_sentry/build/CMakeFiles/CMakeTmp”
Building C object CMakeFiles/cmTC_22b91.dir/src.c.o
/usr/bin/cc   -DCMAKE_HAVE_LIBC_PTHREAD   -o CMakeFiles/cmTC_22b91.dir/src.c.o   -c /home/rm/catkin_livox_ros_driver2/src/IST_2025_sentry/build/CMakeFiles/CMakeTmp/src.c
Linking C executable cmTC_22b91
/usr/bin/cmake -E cmake_link_script CMakeFiles/cmTC_22b91.dir/link.txt --verbose=1
/usr/bin/cc  -DCMAKE_HAVE_LIBC_PTHREAD    -rdynamic CMakeFiles/cmTC_22b91.dir/src.c.o  -o cmTC_22b91 
/usr/bin/ld: CMakeFiles/cmTC_22b91.dir/src.c.o: in function `main':
src.c:(.text+0x46): undefined reference to `pthread_create'
/usr/bin/ld: src.c:(.text+0x52): undefined reference to `pthread_detach'
/usr/bin/ld: src.c:(.text+0x63): undefined reference to `pthread_join'
collect2: error: ld returned 1 exit status
make[1]: *** [CMakeFiles/cmTC_22b91.dir/build.make:87：cmTC_22b91] 错误 1
make[1]: 离开目录“/home/rm/catkin_livox_ros_driver2/src/IST_2025_sentry/build/CMakeFiles/CMakeTmp”
make: *** [Makefile:121：cmTC_22b91/fast] 错误 2


Source file was:
#include <pthread.h>

void* test_func(void* data)
{
  return data;
}

int main(void)
{
  pthread_t thread;
  pthread_create(&thread, NULL, test_func, NULL);
  pthread_detach(thread);
  pthread_join(thread, NULL);
  pthread_atfork(NULL, NULL, NULL);
  pthread_exit(NULL);

  return 0;
}

Determining if the function pthread_create exists in the pthreads failed with the following output:
Change Dir: /home/rm/catkin_livox_ros_driver2/src/IST_2025_sentry/build/CMakeFiles/CMakeTmp

Run Build Command(s):/usr/bin/make cmTC_37a69/fast && /usr/bin/make -f CMakeFiles/cmTC_37a69.dir/build.make CMakeFiles/cmTC_37a69.dir/build
make[1]: 进入目录“/home/rm/catkin_livox_ros_driver2/src/IST_2025_sentry/build/CMakeFiles/CMakeTmp”
Building C object CMakeFiles/cmTC_37a69.dir/CheckFunctionExists.c.o
/usr/bin/cc   -DCHECK_FUNCTION_EXISTS=pthread_create   -o CMakeFiles/cmTC_37a69.dir/CheckFunctionExists.c.o   -c /usr/share/cmake-3.16/Modules/CheckFunctionExists.c
Linking C executable cmTC_37a69
/usr/bin/cmake -E cmake_link_script CMakeFiles/cmTC_37a69.dir/link.txt --verbose=1
/usr/bin/cc  -DCHECK_FUNCTION_EXISTS=pthread_create    -rdynamic CMakeFiles/cmTC_37a69.dir/CheckFunctionExists.c.o  -o cmTC_37a69  -lpthreads 
/usr/bin/ld: 找不到 -lpthreads
collect2: error: ld returned 1 exit status
make[1]: *** [CMakeFiles/cmTC_37a69.dir/build.make:87：cmTC_37a69] 错误 1
make[1]: 离开目录“/home/rm/catkin_livox_ros_driver2/src/IST_2025_sentry/build/CMakeFiles/CMakeTmp”
make: *** [Makefile:121：cmTC_37a69/fast] 错误 2



Performing C SOURCE FILE Test CMAKE_HAVE_LIBC_PTHREAD failed with the following output:
Change Dir: /home/rm/catkin_livox_ros_driver2/src/IST_2025_sentry/build/CMakeFiles/CMakeTmp

Run Build Command(s):/usr/bin/make cmTC_c15ce/fast && /usr/bin/make -f CMakeFiles/cmTC_c15ce.dir/build.make CMakeFiles/cmTC_c15ce.dir/build
make[1]: 进入目录“/home/rm/catkin_livox_ros_driver2/src/IST_2025_sentry/build/CMakeFiles/CMakeTmp”
Building C object CMakeFiles/cmTC_c15ce.dir/src.c.o
/usr/bin/cc   -DCMAKE_HAVE_LIBC_PTHREAD   -o CMakeFiles/cmTC_c15ce.dir/src.c.o   -c /home/rm/catkin_livox_ros_driver2/src/IST_2025_sentry/build/CMakeFiles/CMakeTmp/src.c
Linking C executable cmTC_c15ce
/usr/bin/cmake -E cmake_link_script CMakeFiles/cmTC_c15ce.dir/link.txt --verbose=1
/usr/bin/cc  -DCMAKE_HAVE_LIBC_PTHREAD    -rdynamic CMakeFiles/cmTC_c15ce.dir/src.c.o  -o cmTC_c15ce 
/usr/bin/ld: CMakeFiles/cmTC_c15ce.dir/src.c.o: in function `main':
src.c:(.text+0x46): undefined reference to `pthread_create'
/usr/bin/ld: src.c:(.text+0x52): undefined reference to `pthread_detach'
/usr/bin/ld: src.c:(.text+0x63): undefined reference to `pthread_join'
collect2: error: ld returned 1 exit status
make[1]: *** [CMakeFiles/cmTC_c15ce.dir/build.make:87：cmTC_c15ce] 错误 1
make[1]: 离开目录“/home/rm/catkin_livox_ros_driver2/src/IST_2025_sentry/build/CMakeFiles/CMakeTmp”
make: *** [Makefile:121：cmTC_c15ce/fast] 错误 2


Source file was:
#include <pthread.h>

void* test_func(void* data)
{
  return data;
}

int main(void)
{
  pthread_t thread;
  pthread_create(&thread, NULL, test_func, NULL);
  pthread_detach(thread);
  pthread_join(thread, NULL);
  pthread_atfork(NULL, NULL, NULL);
  pthread_exit(NULL);

  return 0;
}

Determining if the function pthread_create exists in the pthreads failed with the following output:
Change Dir: /home/rm/catkin_livox_ros_driver2/src/IST_2025_sentry/build/CMakeFiles/CMakeTmp

Run Build Command(s):/usr/bin/make cmTC_41849/fast && /usr/bin/make -f CMakeFiles/cmTC_41849.dir/build.make CMakeFiles/cmTC_41849.dir/build
make[1]: 进入目录“/home/rm/catkin_livox_ros_driver2/src/IST_2025_sentry/build/CMakeFiles/CMakeTmp”
Building C object CMakeFiles/cmTC_41849.dir/CheckFunctionExists.c.o
/usr/bin/cc   -DCHECK_FUNCTION_EXISTS=pthread_create   -o CMakeFiles/cmTC_41849.dir/CheckFunctionExists.c.o   -c /usr/share/cmake-3.16/Modules/CheckFunctionExists.c
Linking C executable cmTC_41849
/usr/bin/cmake -E cmake_link_script CMakeFiles/cmTC_41849.dir/link.txt --verbose=1
/usr/bin/cc  -DCHECK_FUNCTION_EXISTS=pthread_create    -rdynamic CMakeFiles/cmTC_41849.dir/CheckFunctionExists.c.o  -o cmTC_41849  -lpthreads 
/usr/bin/ld: 找不到 -lpthreads
collect2: error: ld returned 1 exit status
make[1]: *** [CMakeFiles/cmTC_41849.dir/build.make:87：cmTC_41849] 错误 1
make[1]: 离开目录“/home/rm/catkin_livox_ros_driver2/src/IST_2025_sentry/build/CMakeFiles/CMakeTmp”
make: *** [Makefile:121：cmTC_41849/fast] 错误 2



Performing C SOURCE FILE Test CMAKE_HAVE_LIBC_PTHREAD failed with the following output:
Change Dir: /home/rm/catkin_livox_ros_driver2/src/IST_2025_sentry/build/CMakeFiles/CMakeTmp

Run Build Command(s):/usr/bin/make cmTC_41966/fast && /usr/bin/make -f CMakeFiles/cmTC_41966.dir/build.make CMakeFiles/cmTC_41966.dir/build
make[1]: 进入目录“/home/rm/catkin_livox_ros_driver2/src/IST_2025_sentry/build/CMakeFiles/CMakeTmp”
Building C object CMakeFiles/cmTC_41966.dir/src.c.o
/usr/bin/cc   -DCMAKE_HAVE_LIBC_PTHREAD   -o CMakeFiles/cmTC_41966.dir/src.c.o   -c /home/rm/catkin_livox_ros_driver2/src/IST_2025_sentry/build/CMakeFiles/CMakeTmp/src.c
Linking C executable cmTC_41966
/usr/bin/cmake -E cmake_link_script CMakeFiles/cmTC_41966.dir/link.txt --verbose=1
/usr/bin/cc  -DCMAKE_HAVE_LIBC_PTHREAD    -rdynamic CMakeFiles/cmTC_41966.dir/src.c.o  -o cmTC_41966 
/usr/bin/ld: CMakeFiles/cmTC_41966.dir/src.c.o: in function `main':
src.c:(.text+0x46): undefined reference to `pthread_create'
/usr/bin/ld: src.c:(.text+0x52): undefined reference to `pthread_detach'
/usr/bin/ld: src.c:(.text+0x63): undefined reference to `pthread_join'
collect2: error: ld returned 1 exit status
make[1]: *** [CMakeFiles/cmTC_41966.dir/build.make:87：cmTC_41966] 错误 1
make[1]: 离开目录“/home/rm/catkin_livox_ros_driver2/src/IST_2025_sentry/build/CMakeFiles/CMakeTmp”
make: *** [Makefile:121：cmTC_41966/fast] 错误 2


Source file was:
#include <pthread.h>

void* test_func(void* data)
{
  return data;
}

int main(void)
{
  pthread_t thread;
  pthread_create(&thread, NULL, test_func, NULL);
  pthread_detach(thread);
  pthread_join(thread, NULL);
  pthread_atfork(NULL, NULL, NULL);
  pthread_exit(NULL);

  return 0;
}

Determining if the function pthread_create exists in the pthreads failed with the following output:
Change Dir: /home/rm/catkin_livox_ros_driver2/src/IST_2025_sentry/build/CMakeFiles/CMakeTmp

Run Build Command(s):/usr/bin/make cmTC_700cd/fast && /usr/bin/make -f CMakeFiles/cmTC_700cd.dir/build.make CMakeFiles/cmTC_700cd.dir/build
make[1]: 进入目录“/home/rm/catkin_livox_ros_driver2/src/IST_2025_sentry/build/CMakeFiles/CMakeTmp”
Building C object CMakeFiles/cmTC_700cd.dir/CheckFunctionExists.c.o
/usr/bin/cc   -DCHECK_FUNCTION_EXISTS=pthread_create   -o CMakeFiles/cmTC_700cd.dir/CheckFunctionExists.c.o   -c /usr/share/cmake-3.16/Modules/CheckFunctionExists.c
Linking C executable cmTC_700cd
/usr/bin/cmake -E cmake_link_script CMakeFiles/cmTC_700cd.dir/link.txt --verbose=1
/usr/bin/cc  -DCHECK_FUNCTION_EXISTS=pthread_create    -rdynamic CMakeFiles/cmTC_700cd.dir/CheckFunctionExists.c.o  -o cmTC_700cd  -lpthreads 
/usr/bin/ld: 找不到 -lpthreads
collect2: error: ld returned 1 exit status
make[1]: *** [CMakeFiles/cmTC_700cd.dir/build.make:87：cmTC_700cd] 错误 1
make[1]: 离开目录“/home/rm/catkin_livox_ros_driver2/src/IST_2025_sentry/build/CMakeFiles/CMakeTmp”
make: *** [Makefile:121：cmTC_700cd/fast] 错误 2



Performing C SOURCE FILE Test CMAKE_HAVE_LIBC_PTHREAD failed with the following output:
Change Dir: /home/rm/catkin_livox_ros_driver2/src/IST_2025_sentry/build/CMakeFiles/CMakeTmp

Run Build Command(s):/usr/bin/make cmTC_5fd1f/fast && /usr/bin/make -f CMakeFiles/cmTC_5fd1f.dir/build.make CMakeFiles/cmTC_5fd1f.dir/build
make[1]: 进入目录“/home/rm/catkin_livox_ros_driver2/src/IST_2025_sentry/build/CMakeFiles/CMakeTmp”
Building C object CMakeFiles/cmTC_5fd1f.dir/src.c.o
/usr/bin/cc   -DCMAKE_HAVE_LIBC_PTHREAD   -o CMakeFiles/cmTC_5fd1f.dir/src.c.o   -c /home/rm/catkin_livox_ros_driver2/src/IST_2025_sentry/build/CMakeFiles/CMakeTmp/src.c
Linking C executable cmTC_5fd1f
/usr/bin/cmake -E cmake_link_script CMakeFiles/cmTC_5fd1f.dir/link.txt --verbose=1
/usr/bin/cc  -DCMAKE_HAVE_LIBC_PTHREAD    -rdynamic CMakeFiles/cmTC_5fd1f.dir/src.c.o  -o cmTC_5fd1f 
/usr/bin/ld: CMakeFiles/cmTC_5fd1f.dir/src.c.o: in function `main':
src.c:(.text+0x46): undefined reference to `pthread_create'
/usr/bin/ld: src.c:(.text+0x52): undefined reference to `pthread_detach'
/usr/bin/ld: src.c:(.text+0x63): undefined reference to `pthread_join'
collect2: error: ld returned 1 exit status
make[1]: *** [CMakeFiles/cmTC_5fd1f.dir/build.make:87：cmTC_5fd1f] 错误 1
make[1]: 离开目录“/home/rm/catkin_livox_ros_driver2/src/IST_2025_sentry/build/CMakeFiles/CMakeTmp”
make: *** [Makefile:121：cmTC_5fd1f/fast] 错误 2


Source file was:
#include <pthread.h>

void* test_func(void* data)
{
  return data;
}

int main(void)
{
  pthread_t thread;
  pthread_create(&thread, NULL, test_func, NULL);
  pthread_detach(thread);
  pthread_join(thread, NULL);
  pthread_atfork(NULL, NULL, NULL);
  pthread_exit(NULL);

  return 0;
}

Determining if the function pthread_create exists in the pthreads failed with the following output:
Change Dir: /home/rm/catkin_livox_ros_driver2/src/IST_2025_sentry/build/CMakeFiles/CMakeTmp

Run Build Command(s):/usr/bin/make cmTC_72192/fast && /usr/bin/make -f CMakeFiles/cmTC_72192.dir/build.make CMakeFiles/cmTC_72192.dir/build
make[1]: 进入目录“/home/rm/catkin_livox_ros_driver2/src/IST_2025_sentry/build/CMakeFiles/CMakeTmp”
Building C object CMakeFiles/cmTC_72192.dir/CheckFunctionExists.c.o
/usr/bin/cc   -DCHECK_FUNCTION_EXISTS=pthread_create   -o CMakeFiles/cmTC_72192.dir/CheckFunctionExists.c.o   -c /usr/share/cmake-3.16/Modules/CheckFunctionExists.c
Linking C executable cmTC_72192
/usr/bin/cmake -E cmake_link_script CMakeFiles/cmTC_72192.dir/link.txt --verbose=1
/usr/bin/cc  -DCHECK_FUNCTION_EXISTS=pthread_create    -rdynamic CMakeFiles/cmTC_72192.dir/CheckFunctionExists.c.o  -o cmTC_72192  -lpthreads 
/usr/bin/ld: 找不到 -lpthreads
collect2: error: ld returned 1 exit status
make[1]: *** [CMakeFiles/cmTC_72192.dir/build.make:87：cmTC_72192] 错误 1
make[1]: 离开目录“/home/rm/catkin_livox_ros_driver2/src/IST_2025_sentry/build/CMakeFiles/CMakeTmp”
make: *** [Makefile:121：cmTC_72192/fast] 错误 2



Performing C SOURCE FILE Test CMAKE_HAVE_LIBC_PTHREAD failed with the following output:
Change Dir: /home/rm/catkin_livox_ros_driver2/src/IST_2025_sentry/build/CMakeFiles/CMakeTmp

Run Build Command(s):/usr/bin/make cmTC_8726c/fast && /usr/bin/make -f CMakeFiles/cmTC_8726c.dir/build.make CMakeFiles/cmTC_8726c.dir/build
make[1]: 进入目录“/home/rm/catkin_livox_ros_driver2/src/IST_2025_sentry/build/CMakeFiles/CMakeTmp”
Building C object CMakeFiles/cmTC_8726c.dir/src.c.o
/usr/bin/cc   -DCMAKE_HAVE_LIBC_PTHREAD   -o CMakeFiles/cmTC_8726c.dir/src.c.o   -c /home/rm/catkin_livox_ros_driver2/src/IST_2025_sentry/build/CMakeFiles/CMakeTmp/src.c
Linking C executable cmTC_8726c
/usr/bin/cmake -E cmake_link_script CMakeFiles/cmTC_8726c.dir/link.txt --verbose=1
/usr/bin/cc  -DCMAKE_HAVE_LIBC_PTHREAD    -rdynamic CMakeFiles/cmTC_8726c.dir/src.c.o  -o cmTC_8726c 
/usr/bin/ld: CMakeFiles/cmTC_8726c.dir/src.c.o: in function `main':
src.c:(.text+0x46): undefined reference to `pthread_create'
/usr/bin/ld: src.c:(.text+0x52): undefined reference to `pthread_detach'
/usr/bin/ld: src.c:(.text+0x63): undefined reference to `pthread_join'
collect2: error: ld returned 1 exit status
make[1]: *** [CMakeFiles/cmTC_8726c.dir/build.make:87：cmTC_8726c] 错误 1
make[1]: 离开目录“/home/rm/catkin_livox_ros_driver2/src/IST_2025_sentry/build/CMakeFiles/CMakeTmp”
make: *** [Makefile:121：cmTC_8726c/fast] 错误 2


Source file was:
#include <pthread.h>

void* test_func(void* data)
{
  return data;
}

int main(void)
{
  pthread_t thread;
  pthread_create(&thread, NULL, test_func, NULL);
  pthread_detach(thread);
  pthread_join(thread, NULL);
  pthread_atfork(NULL, NULL, NULL);
  pthread_exit(NULL);

  return 0;
}

Determining if the function pthread_create exists in the pthreads failed with the following output:
Change Dir: /home/rm/catkin_livox_ros_driver2/src/IST_2025_sentry/build/CMakeFiles/CMakeTmp

Run Build Command(s):/usr/bin/make cmTC_88988/fast && /usr/bin/make -f CMakeFiles/cmTC_88988.dir/build.make CMakeFiles/cmTC_88988.dir/build
make[1]: 进入目录“/home/rm/catkin_livox_ros_driver2/src/IST_2025_sentry/build/CMakeFiles/CMakeTmp”
Building C object CMakeFiles/cmTC_88988.dir/CheckFunctionExists.c.o
/usr/bin/cc   -DCHECK_FUNCTION_EXISTS=pthread_create   -o CMakeFiles/cmTC_88988.dir/CheckFunctionExists.c.o   -c /usr/share/cmake-3.16/Modules/CheckFunctionExists.c
Linking C executable cmTC_88988
/usr/bin/cmake -E cmake_link_script CMakeFiles/cmTC_88988.dir/link.txt --verbose=1
/usr/bin/cc  -DCHECK_FUNCTION_EXISTS=pthread_create    -rdynamic CMakeFiles/cmTC_88988.dir/CheckFunctionExists.c.o  -o cmTC_88988  -lpthreads 
/usr/bin/ld: 找不到 -lpthreads
collect2: error: ld returned 1 exit status
make[1]: *** [CMakeFiles/cmTC_88988.dir/build.make:87：cmTC_88988] 错误 1
make[1]: 离开目录“/home/rm/catkin_livox_ros_driver2/src/IST_2025_sentry/build/CMakeFiles/CMakeTmp”
make: *** [Makefile:121：cmTC_88988/fast] 错误 2



Performing C SOURCE FILE Test CMAKE_HAVE_LIBC_PTHREAD failed with the following output:
Change Dir: /home/rm/catkin_livox_ros_driver2/src/IST_2025_sentry/build/CMakeFiles/CMakeTmp

Run Build Command(s):/usr/bin/make cmTC_ce1d4/fast && /usr/bin/make -f CMakeFiles/cmTC_ce1d4.dir/build.make CMakeFiles/cmTC_ce1d4.dir/build
make[1]: 进入目录“/home/rm/catkin_livox_ros_driver2/src/IST_2025_sentry/build/CMakeFiles/CMakeTmp”
Building C object CMakeFiles/cmTC_ce1d4.dir/src.c.o
/usr/bin/cc   -DCMAKE_HAVE_LIBC_PTHREAD   -o CMakeFiles/cmTC_ce1d4.dir/src.c.o   -c /home/rm/catkin_livox_ros_driver2/src/IST_2025_sentry/build/CMakeFiles/CMakeTmp/src.c
Linking C executable cmTC_ce1d4
/usr/bin/cmake -E cmake_link_script CMakeFiles/cmTC_ce1d4.dir/link.txt --verbose=1
/usr/bin/cc  -DCMAKE_HAVE_LIBC_PTHREAD    -rdynamic CMakeFiles/cmTC_ce1d4.dir/src.c.o  -o cmTC_ce1d4 
/usr/bin/ld: CMakeFiles/cmTC_ce1d4.dir/src.c.o: in function `main':
src.c:(.text+0x46): undefined reference to `pthread_create'
/usr/bin/ld: src.c:(.text+0x52): undefined reference to `pthread_detach'
/usr/bin/ld: src.c:(.text+0x63): undefined reference to `pthread_join'
collect2: error: ld returned 1 exit status
make[1]: *** [CMakeFiles/cmTC_ce1d4.dir/build.make:87：cmTC_ce1d4] 错误 1
make[1]: 离开目录“/home/rm/catkin_livox_ros_driver2/src/IST_2025_sentry/build/CMakeFiles/CMakeTmp”
make: *** [Makefile:121：cmTC_ce1d4/fast] 错误 2


Source file was:
#include <pthread.h>

void* test_func(void* data)
{
  return data;
}

int main(void)
{
  pthread_t thread;
  pthread_create(&thread, NULL, test_func, NULL);
  pthread_detach(thread);
  pthread_join(thread, NULL);
  pthread_atfork(NULL, NULL, NULL);
  pthread_exit(NULL);

  return 0;
}

Determining if the function pthread_create exists in the pthreads failed with the following output:
Change Dir: /home/rm/catkin_livox_ros_driver2/src/IST_2025_sentry/build/CMakeFiles/CMakeTmp

Run Build Command(s):/usr/bin/make cmTC_323a7/fast && /usr/bin/make -f CMakeFiles/cmTC_323a7.dir/build.make CMakeFiles/cmTC_323a7.dir/build
make[1]: 进入目录“/home/rm/catkin_livox_ros_driver2/src/IST_2025_sentry/build/CMakeFiles/CMakeTmp”
Building C object CMakeFiles/cmTC_323a7.dir/CheckFunctionExists.c.o
/usr/bin/cc   -DCHECK_FUNCTION_EXISTS=pthread_create   -o CMakeFiles/cmTC_323a7.dir/CheckFunctionExists.c.o   -c /usr/share/cmake-3.16/Modules/CheckFunctionExists.c
Linking C executable cmTC_323a7
/usr/bin/cmake -E cmake_link_script CMakeFiles/cmTC_323a7.dir/link.txt --verbose=1
/usr/bin/cc  -DCHECK_FUNCTION_EXISTS=pthread_create    -rdynamic CMakeFiles/cmTC_323a7.dir/CheckFunctionExists.c.o  -o cmTC_323a7  -lpthreads 
/usr/bin/ld: 找不到 -lpthreads
collect2: error: ld returned 1 exit status
make[1]: *** [CMakeFiles/cmTC_323a7.dir/build.make:87：cmTC_323a7] 错误 1
make[1]: 离开目录“/home/rm/catkin_livox_ros_driver2/src/IST_2025_sentry/build/CMakeFiles/CMakeTmp”
make: *** [Makefile:121：cmTC_323a7/fast] 错误 2



Performing C SOURCE FILE Test CMAKE_HAVE_LIBC_PTHREAD failed with the following output:
Change Dir: /home/rm/catkin_livox_ros_driver2/src/IST_2025_sentry/build/CMakeFiles/CMakeTmp

Run Build Command(s):/usr/bin/make cmTC_e1897/fast && /usr/bin/make -f CMakeFiles/cmTC_e1897.dir/build.make CMakeFiles/cmTC_e1897.dir/build
make[1]: 进入目录“/home/rm/catkin_livox_ros_driver2/src/IST_2025_sentry/build/CMakeFiles/CMakeTmp”
Building C object CMakeFiles/cmTC_e1897.dir/src.c.o
/usr/bin/cc   -DCMAKE_HAVE_LIBC_PTHREAD   -o CMakeFiles/cmTC_e1897.dir/src.c.o   -c /home/rm/catkin_livox_ros_driver2/src/IST_2025_sentry/build/CMakeFiles/CMakeTmp/src.c
Linking C executable cmTC_e1897
/usr/bin/cmake -E cmake_link_script CMakeFiles/cmTC_e1897.dir/link.txt --verbose=1
/usr/bin/cc  -DCMAKE_HAVE_LIBC_PTHREAD    -rdynamic CMakeFiles/cmTC_e1897.dir/src.c.o  -o cmTC_e1897 
/usr/bin/ld: CMakeFiles/cmTC_e1897.dir/src.c.o: in function `main':
src.c:(.text+0x46): undefined reference to `pthread_create'
/usr/bin/ld: src.c:(.text+0x52): undefined reference to `pthread_detach'
/usr/bin/ld: src.c:(.text+0x63): undefined reference to `pthread_join'
collect2: error: ld returned 1 exit status
make[1]: *** [CMakeFiles/cmTC_e1897.dir/build.make:87：cmTC_e1897] 错误 1
make[1]: 离开目录“/home/rm/catkin_livox_ros_driver2/src/IST_2025_sentry/build/CMakeFiles/CMakeTmp”
make: *** [Makefile:121：cmTC_e1897/fast] 错误 2


Source file was:
#include <pthread.h>

void* test_func(void* data)
{
  return data;
}

int main(void)
{
  pthread_t thread;
  pthread_create(&thread, NULL, test_func, NULL);
  pthread_detach(thread);
  pthread_join(thread, NULL);
  pthread_atfork(NULL, NULL, NULL);
  pthread_exit(NULL);

  return 0;
}

Determining if the function pthread_create exists in the pthreads failed with the following output:
Change Dir: /home/rm/catkin_livox_ros_driver2/src/IST_2025_sentry/build/CMakeFiles/CMakeTmp

Run Build Command(s):/usr/bin/make cmTC_9551e/fast && /usr/bin/make -f CMakeFiles/cmTC_9551e.dir/build.make CMakeFiles/cmTC_9551e.dir/build
make[1]: 进入目录“/home/rm/catkin_livox_ros_driver2/src/IST_2025_sentry/build/CMakeFiles/CMakeTmp”
Building C object CMakeFiles/cmTC_9551e.dir/CheckFunctionExists.c.o
/usr/bin/cc   -DCHECK_FUNCTION_EXISTS=pthread_create   -o CMakeFiles/cmTC_9551e.dir/CheckFunctionExists.c.o   -c /usr/share/cmake-3.16/Modules/CheckFunctionExists.c
Linking C executable cmTC_9551e
/usr/bin/cmake -E cmake_link_script CMakeFiles/cmTC_9551e.dir/link.txt --verbose=1
/usr/bin/cc  -DCHECK_FUNCTION_EXISTS=pthread_create    -rdynamic CMakeFiles/cmTC_9551e.dir/CheckFunctionExists.c.o  -o cmTC_9551e  -lpthreads 
/usr/bin/ld: 找不到 -lpthreads
collect2: error: ld returned 1 exit status
make[1]: *** [CMakeFiles/cmTC_9551e.dir/build.make:87：cmTC_9551e] 错误 1
make[1]: 离开目录“/home/rm/catkin_livox_ros_driver2/src/IST_2025_sentry/build/CMakeFiles/CMakeTmp”
make: *** [Makefile:121：cmTC_9551e/fast] 错误 2



Performing C SOURCE FILE Test CMAKE_HAVE_LIBC_PTHREAD failed with the following output:
Change Dir: /home/rm/catkin_livox_ros_driver2/src/IST_2025_sentry/build/CMakeFiles/CMakeTmp

Run Build Command(s):/usr/bin/make cmTC_23d82/fast && /usr/bin/make -f CMakeFiles/cmTC_23d82.dir/build.make CMakeFiles/cmTC_23d82.dir/build
make[1]: 进入目录“/home/rm/catkin_livox_ros_driver2/src/IST_2025_sentry/build/CMakeFiles/CMakeTmp”
Building C object CMakeFiles/cmTC_23d82.dir/src.c.o
/usr/bin/cc   -DCMAKE_HAVE_LIBC_PTHREAD   -o CMakeFiles/cmTC_23d82.dir/src.c.o   -c /home/rm/catkin_livox_ros_driver2/src/IST_2025_sentry/build/CMakeFiles/CMakeTmp/src.c
Linking C executable cmTC_23d82
/usr/bin/cmake -E cmake_link_script CMakeFiles/cmTC_23d82.dir/link.txt --verbose=1
/usr/bin/cc  -DCMAKE_HAVE_LIBC_PTHREAD    -rdynamic CMakeFiles/cmTC_23d82.dir/src.c.o  -o cmTC_23d82 
/usr/bin/ld: CMakeFiles/cmTC_23d82.dir/src.c.o: in function `main':
src.c:(.text+0x46): undefined reference to `pthread_create'
/usr/bin/ld: src.c:(.text+0x52): undefined reference to `pthread_detach'
/usr/bin/ld: src.c:(.text+0x63): undefined reference to `pthread_join'
collect2: error: ld returned 1 exit status
make[1]: *** [CMakeFiles/cmTC_23d82.dir/build.make:87：cmTC_23d82] 错误 1
make[1]: 离开目录“/home/rm/catkin_livox_ros_driver2/src/IST_2025_sentry/build/CMakeFiles/CMakeTmp”
make: *** [Makefile:121：cmTC_23d82/fast] 错误 2


Source file was:
#include <pthread.h>

void* test_func(void* data)
{
  return data;
}

int main(void)
{
  pthread_t thread;
  pthread_create(&thread, NULL, test_func, NULL);
  pthread_detach(thread);
  pthread_join(thread, NULL);
  pthread_atfork(NULL, NULL, NULL);
  pthread_exit(NULL);

  return 0;
}

Determining if the function pthread_create exists in the pthreads failed with the following output:
Change Dir: /home/rm/catkin_livox_ros_driver2/src/IST_2025_sentry/build/CMakeFiles/CMakeTmp

Run Build Command(s):/usr/bin/make cmTC_90b87/fast && /usr/bin/make -f CMakeFiles/cmTC_90b87.dir/build.make CMakeFiles/cmTC_90b87.dir/build
make[1]: 进入目录“/home/rm/catkin_livox_ros_driver2/src/IST_2025_sentry/build/CMakeFiles/CMakeTmp”
Building C object CMakeFiles/cmTC_90b87.dir/CheckFunctionExists.c.o
/usr/bin/cc   -DCHECK_FUNCTION_EXISTS=pthread_create   -o CMakeFiles/cmTC_90b87.dir/CheckFunctionExists.c.o   -c /usr/share/cmake-3.16/Modules/CheckFunctionExists.c
Linking C executable cmTC_90b87
/usr/bin/cmake -E cmake_link_script CMakeFiles/cmTC_90b87.dir/link.txt --verbose=1
/usr/bin/cc  -DCHECK_FUNCTION_EXISTS=pthread_create    -rdynamic CMakeFiles/cmTC_90b87.dir/CheckFunctionExists.c.o  -o cmTC_90b87  -lpthreads 
/usr/bin/ld: 找不到 -lpthreads
collect2: error: ld returned 1 exit status
make[1]: *** [CMakeFiles/cmTC_90b87.dir/build.make:87：cmTC_90b87] 错误 1
make[1]: 离开目录“/home/rm/catkin_livox_ros_driver2/src/IST_2025_sentry/build/CMakeFiles/CMakeTmp”
make: *** [Makefile:121：cmTC_90b87/fast] 错误 2



Performing C SOURCE FILE Test CMAKE_HAVE_LIBC_PTHREAD failed with the following output:
Change Dir: /home/rm/catkin_livox_ros_driver2/src/IST_2025_sentry/build/CMakeFiles/CMakeTmp

Run Build Command(s):/usr/bin/make cmTC_1cfbd/fast && /usr/bin/make -f CMakeFiles/cmTC_1cfbd.dir/build.make CMakeFiles/cmTC_1cfbd.dir/build
make[1]: 进入目录“/home/rm/catkin_livox_ros_driver2/src/IST_2025_sentry/build/CMakeFiles/CMakeTmp”
Building C object CMakeFiles/cmTC_1cfbd.dir/src.c.o
/usr/bin/cc   -DCMAKE_HAVE_LIBC_PTHREAD   -o CMakeFiles/cmTC_1cfbd.dir/src.c.o   -c /home/rm/catkin_livox_ros_driver2/src/IST_2025_sentry/build/CMakeFiles/CMakeTmp/src.c
Linking C executable cmTC_1cfbd
/usr/bin/cmake -E cmake_link_script CMakeFiles/cmTC_1cfbd.dir/link.txt --verbose=1
/usr/bin/cc  -DCMAKE_HAVE_LIBC_PTHREAD    -rdynamic CMakeFiles/cmTC_1cfbd.dir/src.c.o  -o cmTC_1cfbd 
/usr/bin/ld: CMakeFiles/cmTC_1cfbd.dir/src.c.o: in function `main':
src.c:(.text+0x46): undefined reference to `pthread_create'
/usr/bin/ld: src.c:(.text+0x52): undefined reference to `pthread_detach'
/usr/bin/ld: src.c:(.text+0x63): undefined reference to `pthread_join'
collect2: error: ld returned 1 exit status
make[1]: *** [CMakeFiles/cmTC_1cfbd.dir/build.make:87：cmTC_1cfbd] 错误 1
make[1]: 离开目录“/home/rm/catkin_livox_ros_driver2/src/IST_2025_sentry/build/CMakeFiles/CMakeTmp”
make: *** [Makefile:121：cmTC_1cfbd/fast] 错误 2


Source file was:
#include <pthread.h>

void* test_func(void* data)
{
  return data;
}

int main(void)
{
  pthread_t thread;
  pthread_create(&thread, NULL, test_func, NULL);
  pthread_detach(thread);
  pthread_join(thread, NULL);
  pthread_atfork(NULL, NULL, NULL);
  pthread_exit(NULL);

  return 0;
}

Determining if the function pthread_create exists in the pthreads failed with the following output:
Change Dir: /home/rm/catkin_livox_ros_driver2/src/IST_2025_sentry/build/CMakeFiles/CMakeTmp

Run Build Command(s):/usr/bin/make cmTC_a45d6/fast && /usr/bin/make -f CMakeFiles/cmTC_a45d6.dir/build.make CMakeFiles/cmTC_a45d6.dir/build
make[1]: 进入目录“/home/rm/catkin_livox_ros_driver2/src/IST_2025_sentry/build/CMakeFiles/CMakeTmp”
Building C object CMakeFiles/cmTC_a45d6.dir/CheckFunctionExists.c.o
/usr/bin/cc   -DCHECK_FUNCTION_EXISTS=pthread_create   -o CMakeFiles/cmTC_a45d6.dir/CheckFunctionExists.c.o   -c /usr/share/cmake-3.16/Modules/CheckFunctionExists.c
Linking C executable cmTC_a45d6
/usr/bin/cmake -E cmake_link_script CMakeFiles/cmTC_a45d6.dir/link.txt --verbose=1
/usr/bin/cc  -DCHECK_FUNCTION_EXISTS=pthread_create    -rdynamic CMakeFiles/cmTC_a45d6.dir/CheckFunctionExists.c.o  -o cmTC_a45d6  -lpthreads 
/usr/bin/ld: 找不到 -lpthreads
collect2: error: ld returned 1 exit status
make[1]: *** [CMakeFiles/cmTC_a45d6.dir/build.make:87：cmTC_a45d6] 错误 1
make[1]: 离开目录“/home/rm/catkin_livox_ros_driver2/src/IST_2025_sentry/build/CMakeFiles/CMakeTmp”
make: *** [Makefile:121：cmTC_a45d6/fast] 错误 2



Performing C SOURCE FILE Test CMAKE_HAVE_LIBC_PTHREAD failed with the following output:
Change Dir: /home/rm/catkin_livox_ros_driver2/src/IST_2025_sentry/build/CMakeFiles/CMakeTmp

Run Build Command(s):/usr/bin/make cmTC_706f1/fast && /usr/bin/make -f CMakeFiles/cmTC_706f1.dir/build.make CMakeFiles/cmTC_706f1.dir/build
make[1]: 进入目录“/home/rm/catkin_livox_ros_driver2/src/IST_2025_sentry/build/CMakeFiles/CMakeTmp”
Building C object CMakeFiles/cmTC_706f1.dir/src.c.o
/usr/bin/cc   -DCMAKE_HAVE_LIBC_PTHREAD   -o CMakeFiles/cmTC_706f1.dir/src.c.o   -c /home/rm/catkin_livox_ros_driver2/src/IST_2025_sentry/build/CMakeFiles/CMakeTmp/src.c
Linking C executable cmTC_706f1
/usr/bin/cmake -E cmake_link_script CMakeFiles/cmTC_706f1.dir/link.txt --verbose=1
/usr/bin/cc  -DCMAKE_HAVE_LIBC_PTHREAD    -rdynamic CMakeFiles/cmTC_706f1.dir/src.c.o  -o cmTC_706f1 
/usr/bin/ld: CMakeFiles/cmTC_706f1.dir/src.c.o: in function `main':
src.c:(.text+0x46): undefined reference to `pthread_create'
/usr/bin/ld: src.c:(.text+0x52): undefined reference to `pthread_detach'
/usr/bin/ld: src.c:(.text+0x63): undefined reference to `pthread_join'
collect2: error: ld returned 1 exit status
make[1]: *** [CMakeFiles/cmTC_706f1.dir/build.make:87：cmTC_706f1] 错误 1
make[1]: 离开目录“/home/rm/catkin_livox_ros_driver2/src/IST_2025_sentry/build/CMakeFiles/CMakeTmp”
make: *** [Makefile:121：cmTC_706f1/fast] 错误 2


Source file was:
#include <pthread.h>

void* test_func(void* data)
{
  return data;
}

int main(void)
{
  pthread_t thread;
  pthread_create(&thread, NULL, test_func, NULL);
  pthread_detach(thread);
  pthread_join(thread, NULL);
  pthread_atfork(NULL, NULL, NULL);
  pthread_exit(NULL);

  return 0;
}

Determining if the function pthread_create exists in the pthreads failed with the following output:
Change Dir: /home/rm/catkin_livox_ros_driver2/src/IST_2025_sentry/build/CMakeFiles/CMakeTmp

Run Build Command(s):/usr/bin/make cmTC_9136e/fast && /usr/bin/make -f CMakeFiles/cmTC_9136e.dir/build.make CMakeFiles/cmTC_9136e.dir/build
make[1]: 进入目录“/home/rm/catkin_livox_ros_driver2/src/IST_2025_sentry/build/CMakeFiles/CMakeTmp”
Building C object CMakeFiles/cmTC_9136e.dir/CheckFunctionExists.c.o
/usr/bin/cc   -DCHECK_FUNCTION_EXISTS=pthread_create   -o CMakeFiles/cmTC_9136e.dir/CheckFunctionExists.c.o   -c /usr/share/cmake-3.16/Modules/CheckFunctionExists.c
Linking C executable cmTC_9136e
/usr/bin/cmake -E cmake_link_script CMakeFiles/cmTC_9136e.dir/link.txt --verbose=1
/usr/bin/cc  -DCHECK_FUNCTION_EXISTS=pthread_create    -rdynamic CMakeFiles/cmTC_9136e.dir/CheckFunctionExists.c.o  -o cmTC_9136e  -lpthreads 
/usr/bin/ld: 找不到 -lpthreads
collect2: error: ld returned 1 exit status
make[1]: *** [CMakeFiles/cmTC_9136e.dir/build.make:87：cmTC_9136e] 错误 1
make[1]: 离开目录“/home/rm/catkin_livox_ros_driver2/src/IST_2025_sentry/build/CMakeFiles/CMakeTmp”
make: *** [Makefile:121：cmTC_9136e/fast] 错误 2



Performing C SOURCE FILE Test CMAKE_HAVE_LIBC_PTHREAD failed with the following output:
Change Dir: /home/rm/catkin_livox_ros_driver2/src/IST_2025_sentry/build/CMakeFiles/CMakeTmp

Run Build Command(s):/usr/bin/make cmTC_baaa3/fast && /usr/bin/make -f CMakeFiles/cmTC_baaa3.dir/build.make CMakeFiles/cmTC_baaa3.dir/build
make[1]: 进入目录“/home/rm/catkin_livox_ros_driver2/src/IST_2025_sentry/build/CMakeFiles/CMakeTmp”
Building C object CMakeFiles/cmTC_baaa3.dir/src.c.o
/usr/bin/cc   -DCMAKE_HAVE_LIBC_PTHREAD   -o CMakeFiles/cmTC_baaa3.dir/src.c.o   -c /home/rm/catkin_livox_ros_driver2/src/IST_2025_sentry/build/CMakeFiles/CMakeTmp/src.c
Linking C executable cmTC_baaa3
/usr/bin/cmake -E cmake_link_script CMakeFiles/cmTC_baaa3.dir/link.txt --verbose=1
/usr/bin/cc  -DCMAKE_HAVE_LIBC_PTHREAD    -rdynamic CMakeFiles/cmTC_baaa3.dir/src.c.o  -o cmTC_baaa3 
/usr/bin/ld: CMakeFiles/cmTC_baaa3.dir/src.c.o: in function `main':
src.c:(.text+0x46): undefined reference to `pthread_create'
/usr/bin/ld: src.c:(.text+0x52): undefined reference to `pthread_detach'
/usr/bin/ld: src.c:(.text+0x63): undefined reference to `pthread_join'
collect2: error: ld returned 1 exit status
make[1]: *** [CMakeFiles/cmTC_baaa3.dir/build.make:87：cmTC_baaa3] 错误 1
make[1]: 离开目录“/home/rm/catkin_livox_ros_driver2/src/IST_2025_sentry/build/CMakeFiles/CMakeTmp”
make: *** [Makefile:121：cmTC_baaa3/fast] 错误 2


Source file was:
#include <pthread.h>

void* test_func(void* data)
{
  return data;
}

int main(void)
{
  pthread_t thread;
  pthread_create(&thread, NULL, test_func, NULL);
  pthread_detach(thread);
  pthread_join(thread, NULL);
  pthread_atfork(NULL, NULL, NULL);
  pthread_exit(NULL);

  return 0;
}

Determining if the function pthread_create exists in the pthreads failed with the following output:
Change Dir: /home/rm/catkin_livox_ros_driver2/src/IST_2025_sentry/build/CMakeFiles/CMakeTmp

Run Build Command(s):/usr/bin/make cmTC_ef50b/fast && /usr/bin/make -f CMakeFiles/cmTC_ef50b.dir/build.make CMakeFiles/cmTC_ef50b.dir/build
make[1]: 进入目录“/home/rm/catkin_livox_ros_driver2/src/IST_2025_sentry/build/CMakeFiles/CMakeTmp”
Building C object CMakeFiles/cmTC_ef50b.dir/CheckFunctionExists.c.o
/usr/bin/cc   -DCHECK_FUNCTION_EXISTS=pthread_create   -o CMakeFiles/cmTC_ef50b.dir/CheckFunctionExists.c.o   -c /usr/share/cmake-3.16/Modules/CheckFunctionExists.c
Linking C executable cmTC_ef50b
/usr/bin/cmake -E cmake_link_script CMakeFiles/cmTC_ef50b.dir/link.txt --verbose=1
/usr/bin/cc  -DCHECK_FUNCTION_EXISTS=pthread_create    -rdynamic CMakeFiles/cmTC_ef50b.dir/CheckFunctionExists.c.o  -o cmTC_ef50b  -lpthreads 
/usr/bin/ld: 找不到 -lpthreads
collect2: error: ld returned 1 exit status
make[1]: *** [CMakeFiles/cmTC_ef50b.dir/build.make:87：cmTC_ef50b] 错误 1
make[1]: 离开目录“/home/rm/catkin_livox_ros_driver2/src/IST_2025_sentry/build/CMakeFiles/CMakeTmp”
make: *** [Makefile:121：cmTC_ef50b/fast] 错误 2



Performing C SOURCE FILE Test CMAKE_HAVE_LIBC_PTHREAD failed with the following output:
Change Dir: /home/rm/catkin_livox_ros_driver2/src/IST_2025_sentry/build/CMakeFiles/CMakeTmp

Run Build Command(s):/usr/bin/make cmTC_91c0a/fast && /usr/bin/make -f CMakeFiles/cmTC_91c0a.dir/build.make CMakeFiles/cmTC_91c0a.dir/build
make[1]: 进入目录“/home/rm/catkin_livox_ros_driver2/src/IST_2025_sentry/build/CMakeFiles/CMakeTmp”
Building C object CMakeFiles/cmTC_91c0a.dir/src.c.o
/usr/bin/cc   -DCMAKE_HAVE_LIBC_PTHREAD   -o CMakeFiles/cmTC_91c0a.dir/src.c.o   -c /home/rm/catkin_livox_ros_driver2/src/IST_2025_sentry/build/CMakeFiles/CMakeTmp/src.c
Linking C executable cmTC_91c0a
/usr/bin/cmake -E cmake_link_script CMakeFiles/cmTC_91c0a.dir/link.txt --verbose=1
/usr/bin/cc  -DCMAKE_HAVE_LIBC_PTHREAD    -rdynamic CMakeFiles/cmTC_91c0a.dir/src.c.o  -o cmTC_91c0a 
/usr/bin/ld: CMakeFiles/cmTC_91c0a.dir/src.c.o: in function `main':
src.c:(.text+0x46): undefined reference to `pthread_create'
/usr/bin/ld: src.c:(.text+0x52): undefined reference to `pthread_detach'
/usr/bin/ld: src.c:(.text+0x63): undefined reference to `pthread_join'
collect2: error: ld returned 1 exit status
make[1]: *** [CMakeFiles/cmTC_91c0a.dir/build.make:87：cmTC_91c0a] 错误 1
make[1]: 离开目录“/home/rm/catkin_livox_ros_driver2/src/IST_2025_sentry/build/CMakeFiles/CMakeTmp”
make: *** [Makefile:121：cmTC_91c0a/fast] 错误 2


Source file was:
#include <pthread.h>

void* test_func(void* data)
{
  return data;
}

int main(void)
{
  pthread_t thread;
  pthread_create(&thread, NULL, test_func, NULL);
  pthread_detach(thread);
  pthread_join(thread, NULL);
  pthread_atfork(NULL, NULL, NULL);
  pthread_exit(NULL);

  return 0;
}

Determining if the function pthread_create exists in the pthreads failed with the following output:
Change Dir: /home/rm/catkin_livox_ros_driver2/src/IST_2025_sentry/build/CMakeFiles/CMakeTmp

Run Build Command(s):/usr/bin/make cmTC_cc255/fast && /usr/bin/make -f CMakeFiles/cmTC_cc255.dir/build.make CMakeFiles/cmTC_cc255.dir/build
make[1]: 进入目录“/home/rm/catkin_livox_ros_driver2/src/IST_2025_sentry/build/CMakeFiles/CMakeTmp”
Building C object CMakeFiles/cmTC_cc255.dir/CheckFunctionExists.c.o
/usr/bin/cc   -DCHECK_FUNCTION_EXISTS=pthread_create   -o CMakeFiles/cmTC_cc255.dir/CheckFunctionExists.c.o   -c /usr/share/cmake-3.16/Modules/CheckFunctionExists.c
Linking C executable cmTC_cc255
/usr/bin/cmake -E cmake_link_script CMakeFiles/cmTC_cc255.dir/link.txt --verbose=1
/usr/bin/cc  -DCHECK_FUNCTION_EXISTS=pthread_create    -rdynamic CMakeFiles/cmTC_cc255.dir/CheckFunctionExists.c.o  -o cmTC_cc255  -lpthreads 
/usr/bin/ld: 找不到 -lpthreads
collect2: error: ld returned 1 exit status
make[1]: *** [CMakeFiles/cmTC_cc255.dir/build.make:87：cmTC_cc255] 错误 1
make[1]: 离开目录“/home/rm/catkin_livox_ros_driver2/src/IST_2025_sentry/build/CMakeFiles/CMakeTmp”
make: *** [Makefile:121：cmTC_cc255/fast] 错误 2



Performing C SOURCE FILE Test CMAKE_HAVE_LIBC_PTHREAD failed with the following output:
Change Dir: /home/rm/catkin_livox_ros_driver2/src/IST_2025_sentry/build/CMakeFiles/CMakeTmp

Run Build Command(s):/usr/bin/make cmTC_12ce8/fast && /usr/bin/make -f CMakeFiles/cmTC_12ce8.dir/build.make CMakeFiles/cmTC_12ce8.dir/build
make[1]: 进入目录“/home/rm/catkin_livox_ros_driver2/src/IST_2025_sentry/build/CMakeFiles/CMakeTmp”
Building C object CMakeFiles/cmTC_12ce8.dir/src.c.o
/usr/bin/cc   -DCMAKE_HAVE_LIBC_PTHREAD   -o CMakeFiles/cmTC_12ce8.dir/src.c.o   -c /home/rm/catkin_livox_ros_driver2/src/IST_2025_sentry/build/CMakeFiles/CMakeTmp/src.c
Linking C executable cmTC_12ce8
/usr/bin/cmake -E cmake_link_script CMakeFiles/cmTC_12ce8.dir/link.txt --verbose=1
/usr/bin/cc  -DCMAKE_HAVE_LIBC_PTHREAD    -rdynamic CMakeFiles/cmTC_12ce8.dir/src.c.o  -o cmTC_12ce8 
/usr/bin/ld: CMakeFiles/cmTC_12ce8.dir/src.c.o: in function `main':
src.c:(.text+0x46): undefined reference to `pthread_create'
/usr/bin/ld: src.c:(.text+0x52): undefined reference to `pthread_detach'
/usr/bin/ld: src.c:(.text+0x63): undefined reference to `pthread_join'
collect2: error: ld returned 1 exit status
make[1]: *** [CMakeFiles/cmTC_12ce8.dir/build.make:87：cmTC_12ce8] 错误 1
make[1]: 离开目录“/home/rm/catkin_livox_ros_driver2/src/IST_2025_sentry/build/CMakeFiles/CMakeTmp”
make: *** [Makefile:121：cmTC_12ce8/fast] 错误 2


Source file was:
#include <pthread.h>

void* test_func(void* data)
{
  return data;
}

int main(void)
{
  pthread_t thread;
  pthread_create(&thread, NULL, test_func, NULL);
  pthread_detach(thread);
  pthread_join(thread, NULL);
  pthread_atfork(NULL, NULL, NULL);
  pthread_exit(NULL);

  return 0;
}

Determining if the function pthread_create exists in the pthreads failed with the following output:
Change Dir: /home/rm/catkin_livox_ros_driver2/src/IST_2025_sentry/build/CMakeFiles/CMakeTmp

Run Build Command(s):/usr/bin/make cmTC_9ae76/fast && /usr/bin/make -f CMakeFiles/cmTC_9ae76.dir/build.make CMakeFiles/cmTC_9ae76.dir/build
make[1]: 进入目录“/home/rm/catkin_livox_ros_driver2/src/IST_2025_sentry/build/CMakeFiles/CMakeTmp”
Building C object CMakeFiles/cmTC_9ae76.dir/CheckFunctionExists.c.o
/usr/bin/cc   -DCHECK_FUNCTION_EXISTS=pthread_create   -o CMakeFiles/cmTC_9ae76.dir/CheckFunctionExists.c.o   -c /usr/share/cmake-3.16/Modules/CheckFunctionExists.c
Linking C executable cmTC_9ae76
/usr/bin/cmake -E cmake_link_script CMakeFiles/cmTC_9ae76.dir/link.txt --verbose=1
/usr/bin/cc  -DCHECK_FUNCTION_EXISTS=pthread_create    -rdynamic CMakeFiles/cmTC_9ae76.dir/CheckFunctionExists.c.o  -o cmTC_9ae76  -lpthreads 
/usr/bin/ld: 找不到 -lpthreads
collect2: error: ld returned 1 exit status
make[1]: *** [CMakeFiles/cmTC_9ae76.dir/build.make:87：cmTC_9ae76] 错误 1
make[1]: 离开目录“/home/rm/catkin_livox_ros_driver2/src/IST_2025_sentry/build/CMakeFiles/CMakeTmp”
make: *** [Makefile:121：cmTC_9ae76/fast] 错误 2



Performing C SOURCE FILE Test CMAKE_HAVE_LIBC_PTHREAD failed with the following output:
Change Dir: /home/rm/catkin_livox_ros_driver2/src/IST_2025_sentry/build/CMakeFiles/CMakeTmp

Run Build Command(s):/usr/bin/make cmTC_d3b10/fast && /usr/bin/make -f CMakeFiles/cmTC_d3b10.dir/build.make CMakeFiles/cmTC_d3b10.dir/build
make[1]: 进入目录“/home/rm/catkin_livox_ros_driver2/src/IST_2025_sentry/build/CMakeFiles/CMakeTmp”
Building C object CMakeFiles/cmTC_d3b10.dir/src.c.o
/usr/bin/cc   -DCMAKE_HAVE_LIBC_PTHREAD   -o CMakeFiles/cmTC_d3b10.dir/src.c.o   -c /home/rm/catkin_livox_ros_driver2/src/IST_2025_sentry/build/CMakeFiles/CMakeTmp/src.c
Linking C executable cmTC_d3b10
/usr/bin/cmake -E cmake_link_script CMakeFiles/cmTC_d3b10.dir/link.txt --verbose=1
/usr/bin/cc  -DCMAKE_HAVE_LIBC_PTHREAD    -rdynamic CMakeFiles/cmTC_d3b10.dir/src.c.o  -o cmTC_d3b10 
/usr/bin/ld: CMakeFiles/cmTC_d3b10.dir/src.c.o: in function `main':
src.c:(.text+0x46): undefined reference to `pthread_create'
/usr/bin/ld: src.c:(.text+0x52): undefined reference to `pthread_detach'
/usr/bin/ld: src.c:(.text+0x63): undefined reference to `pthread_join'
collect2: error: ld returned 1 exit status
make[1]: *** [CMakeFiles/cmTC_d3b10.dir/build.make:87：cmTC_d3b10] 错误 1
make[1]: 离开目录“/home/rm/catkin_livox_ros_driver2/src/IST_2025_sentry/build/CMakeFiles/CMakeTmp”
make: *** [Makefile:121：cmTC_d3b10/fast] 错误 2


Source file was:
#include <pthread.h>

void* test_func(void* data)
{
  return data;
}

int main(void)
{
  pthread_t thread;
  pthread_create(&thread, NULL, test_func, NULL);
  pthread_detach(thread);
  pthread_join(thread, NULL);
  pthread_atfork(NULL, NULL, NULL);
  pthread_exit(NULL);

  return 0;
}

Determining if the function pthread_create exists in the pthreads failed with the following output:
Change Dir: /home/rm/catkin_livox_ros_driver2/src/IST_2025_sentry/build/CMakeFiles/CMakeTmp

Run Build Command(s):/usr/bin/make cmTC_d5ef1/fast && /usr/bin/make -f CMakeFiles/cmTC_d5ef1.dir/build.make CMakeFiles/cmTC_d5ef1.dir/build
make[1]: 进入目录“/home/rm/catkin_livox_ros_driver2/src/IST_2025_sentry/build/CMakeFiles/CMakeTmp”
Building C object CMakeFiles/cmTC_d5ef1.dir/CheckFunctionExists.c.o
/usr/bin/cc   -DCHECK_FUNCTION_EXISTS=pthread_create   -o CMakeFiles/cmTC_d5ef1.dir/CheckFunctionExists.c.o   -c /usr/share/cmake-3.16/Modules/CheckFunctionExists.c
Linking C executable cmTC_d5ef1
/usr/bin/cmake -E cmake_link_script CMakeFiles/cmTC_d5ef1.dir/link.txt --verbose=1
/usr/bin/cc  -DCHECK_FUNCTION_EXISTS=pthread_create    -rdynamic CMakeFiles/cmTC_d5ef1.dir/CheckFunctionExists.c.o  -o cmTC_d5ef1  -lpthreads 
/usr/bin/ld: 找不到 -lpthreads
collect2: error: ld returned 1 exit status
make[1]: *** [CMakeFiles/cmTC_d5ef1.dir/build.make:87：cmTC_d5ef1] 错误 1
make[1]: 离开目录“/home/rm/catkin_livox_ros_driver2/src/IST_2025_sentry/build/CMakeFiles/CMakeTmp”
make: *** [Makefile:121：cmTC_d5ef1/fast] 错误 2



Performing C SOURCE FILE Test CMAKE_HAVE_LIBC_PTHREAD failed with the following output:
Change Dir: /home/rm/catkin_livox_ros_driver2/src/IST_2025_sentry/build/CMakeFiles/CMakeTmp

Run Build Command(s):/usr/bin/make cmTC_d4f04/fast && /usr/bin/make -f CMakeFiles/cmTC_d4f04.dir/build.make CMakeFiles/cmTC_d4f04.dir/build
make[1]: 进入目录“/home/rm/catkin_livox_ros_driver2/src/IST_2025_sentry/build/CMakeFiles/CMakeTmp”
Building C object CMakeFiles/cmTC_d4f04.dir/src.c.o
/usr/bin/cc   -DCMAKE_HAVE_LIBC_PTHREAD   -o CMakeFiles/cmTC_d4f04.dir/src.c.o   -c /home/rm/catkin_livox_ros_driver2/src/IST_2025_sentry/build/CMakeFiles/CMakeTmp/src.c
Linking C executable cmTC_d4f04
/usr/bin/cmake -E cmake_link_script CMakeFiles/cmTC_d4f04.dir/link.txt --verbose=1
/usr/bin/cc  -DCMAKE_HAVE_LIBC_PTHREAD    -rdynamic CMakeFiles/cmTC_d4f04.dir/src.c.o  -o cmTC_d4f04 
/usr/bin/ld: CMakeFiles/cmTC_d4f04.dir/src.c.o: in function `main':
src.c:(.text+0x46): undefined reference to `pthread_create'
/usr/bin/ld: src.c:(.text+0x52): undefined reference to `pthread_detach'
/usr/bin/ld: src.c:(.text+0x63): undefined reference to `pthread_join'
collect2: error: ld returned 1 exit status
make[1]: *** [CMakeFiles/cmTC_d4f04.dir/build.make:87：cmTC_d4f04] 错误 1
make[1]: 离开目录“/home/rm/catkin_livox_ros_driver2/src/IST_2025_sentry/build/CMakeFiles/CMakeTmp”
make: *** [Makefile:121：cmTC_d4f04/fast] 错误 2


Source file was:
#include <pthread.h>

void* test_func(void* data)
{
  return data;
}

int main(void)
{
  pthread_t thread;
  pthread_create(&thread, NULL, test_func, NULL);
  pthread_detach(thread);
  pthread_join(thread, NULL);
  pthread_atfork(NULL, NULL, NULL);
  pthread_exit(NULL);

  return 0;
}

Determining if the function pthread_create exists in the pthreads failed with the following output:
Change Dir: /home/rm/catkin_livox_ros_driver2/src/IST_2025_sentry/build/CMakeFiles/CMakeTmp

Run Build Command(s):/usr/bin/make cmTC_957fc/fast && /usr/bin/make -f CMakeFiles/cmTC_957fc.dir/build.make CMakeFiles/cmTC_957fc.dir/build
make[1]: 进入目录“/home/rm/catkin_livox_ros_driver2/src/IST_2025_sentry/build/CMakeFiles/CMakeTmp”
Building C object CMakeFiles/cmTC_957fc.dir/CheckFunctionExists.c.o
/usr/bin/cc   -DCHECK_FUNCTION_EXISTS=pthread_create   -o CMakeFiles/cmTC_957fc.dir/CheckFunctionExists.c.o   -c /usr/share/cmake-3.16/Modules/CheckFunctionExists.c
Linking C executable cmTC_957fc
/usr/bin/cmake -E cmake_link_script CMakeFiles/cmTC_957fc.dir/link.txt --verbose=1
/usr/bin/cc  -DCHECK_FUNCTION_EXISTS=pthread_create    -rdynamic CMakeFiles/cmTC_957fc.dir/CheckFunctionExists.c.o  -o cmTC_957fc  -lpthreads 
/usr/bin/ld: 找不到 -lpthreads
collect2: error: ld returned 1 exit status
make[1]: *** [CMakeFiles/cmTC_957fc.dir/build.make:87：cmTC_957fc] 错误 1
make[1]: 离开目录“/home/rm/catkin_livox_ros_driver2/src/IST_2025_sentry/build/CMakeFiles/CMakeTmp”
make: *** [Makefile:121：cmTC_957fc/fast] 错误 2



Performing C SOURCE FILE Test CMAKE_HAVE_LIBC_PTHREAD failed with the following output:
Change Dir: /home/rm/catkin_livox_ros_driver2/src/IST_2025_sentry/build/CMakeFiles/CMakeTmp

Run Build Command(s):/usr/bin/make cmTC_1b1cb/fast && /usr/bin/make -f CMakeFiles/cmTC_1b1cb.dir/build.make CMakeFiles/cmTC_1b1cb.dir/build
make[1]: 进入目录“/home/rm/catkin_livox_ros_driver2/src/IST_2025_sentry/build/CMakeFiles/CMakeTmp”
Building C object CMakeFiles/cmTC_1b1cb.dir/src.c.o
/usr/bin/cc   -DCMAKE_HAVE_LIBC_PTHREAD   -o CMakeFiles/cmTC_1b1cb.dir/src.c.o   -c /home/rm/catkin_livox_ros_driver2/src/IST_2025_sentry/build/CMakeFiles/CMakeTmp/src.c
Linking C executable cmTC_1b1cb
/usr/bin/cmake -E cmake_link_script CMakeFiles/cmTC_1b1cb.dir/link.txt --verbose=1
/usr/bin/cc  -DCMAKE_HAVE_LIBC_PTHREAD    -rdynamic CMakeFiles/cmTC_1b1cb.dir/src.c.o  -o cmTC_1b1cb 
/usr/bin/ld: CMakeFiles/cmTC_1b1cb.dir/src.c.o: in function `main':
src.c:(.text+0x46): undefined reference to `pthread_create'
/usr/bin/ld: src.c:(.text+0x52): undefined reference to `pthread_detach'
/usr/bin/ld: src.c:(.text+0x63): undefined reference to `pthread_join'
collect2: error: ld returned 1 exit status
make[1]: *** [CMakeFiles/cmTC_1b1cb.dir/build.make:87：cmTC_1b1cb] 错误 1
make[1]: 离开目录“/home/rm/catkin_livox_ros_driver2/src/IST_2025_sentry/build/CMakeFiles/CMakeTmp”
make: *** [Makefile:121：cmTC_1b1cb/fast] 错误 2


Source file was:
#include <pthread.h>

void* test_func(void* data)
{
  return data;
}

int main(void)
{
  pthread_t thread;
  pthread_create(&thread, NULL, test_func, NULL);
  pthread_detach(thread);
  pthread_join(thread, NULL);
  pthread_atfork(NULL, NULL, NULL);
  pthread_exit(NULL);

  return 0;
}

Determining if the function pthread_create exists in the pthreads failed with the following output:
Change Dir: /home/rm/catkin_livox_ros_driver2/src/IST_2025_sentry/build/CMakeFiles/CMakeTmp

Run Build Command(s):/usr/bin/make cmTC_4ccd9/fast && /usr/bin/make -f CMakeFiles/cmTC_4ccd9.dir/build.make CMakeFiles/cmTC_4ccd9.dir/build
make[1]: 进入目录“/home/rm/catkin_livox_ros_driver2/src/IST_2025_sentry/build/CMakeFiles/CMakeTmp”
Building C object CMakeFiles/cmTC_4ccd9.dir/CheckFunctionExists.c.o
/usr/bin/cc   -DCHECK_FUNCTION_EXISTS=pthread_create   -o CMakeFiles/cmTC_4ccd9.dir/CheckFunctionExists.c.o   -c /usr/share/cmake-3.16/Modules/CheckFunctionExists.c
Linking C executable cmTC_4ccd9
/usr/bin/cmake -E cmake_link_script CMakeFiles/cmTC_4ccd9.dir/link.txt --verbose=1
/usr/bin/cc  -DCHECK_FUNCTION_EXISTS=pthread_create    -rdynamic CMakeFiles/cmTC_4ccd9.dir/CheckFunctionExists.c.o  -o cmTC_4ccd9  -lpthreads 
/usr/bin/ld: 找不到 -lpthreads
collect2: error: ld returned 1 exit status
make[1]: *** [CMakeFiles/cmTC_4ccd9.dir/build.make:87：cmTC_4ccd9] 错误 1
make[1]: 离开目录“/home/rm/catkin_livox_ros_driver2/src/IST_2025_sentry/build/CMakeFiles/CMakeTmp”
make: *** [Makefile:121：cmTC_4ccd9/fast] 错误 2



Performing C SOURCE FILE Test CMAKE_HAVE_LIBC_PTHREAD failed with the following output:
Change Dir: /home/rm/catkin_livox_ros_driver2/src/IST_2025_sentry/build/CMakeFiles/CMakeTmp

Run Build Command(s):/usr/bin/make cmTC_90d3d/fast && /usr/bin/make -f CMakeFiles/cmTC_90d3d.dir/build.make CMakeFiles/cmTC_90d3d.dir/build
make[1]: 进入目录“/home/rm/catkin_livox_ros_driver2/src/IST_2025_sentry/build/CMakeFiles/CMakeTmp”
Building C object CMakeFiles/cmTC_90d3d.dir/src.c.o
/usr/bin/cc   -DCMAKE_HAVE_LIBC_PTHREAD   -o CMakeFiles/cmTC_90d3d.dir/src.c.o   -c /home/rm/catkin_livox_ros_driver2/src/IST_2025_sentry/build/CMakeFiles/CMakeTmp/src.c
Linking C executable cmTC_90d3d
/usr/bin/cmake -E cmake_link_script CMakeFiles/cmTC_90d3d.dir/link.txt --verbose=1
/usr/bin/cc  -DCMAKE_HAVE_LIBC_PTHREAD    -rdynamic CMakeFiles/cmTC_90d3d.dir/src.c.o  -o cmTC_90d3d 
/usr/bin/ld: CMakeFiles/cmTC_90d3d.dir/src.c.o: in function `main':
src.c:(.text+0x46): undefined reference to `pthread_create'
/usr/bin/ld: src.c:(.text+0x52): undefined reference to `pthread_detach'
/usr/bin/ld: src.c:(.text+0x63): undefined reference to `pthread_join'
collect2: error: ld returned 1 exit status
make[1]: *** [CMakeFiles/cmTC_90d3d.dir/build.make:87：cmTC_90d3d] 错误 1
make[1]: 离开目录“/home/rm/catkin_livox_ros_driver2/src/IST_2025_sentry/build/CMakeFiles/CMakeTmp”
make: *** [Makefile:121：cmTC_90d3d/fast] 错误 2


Source file was:
#include <pthread.h>

void* test_func(void* data)
{
  return data;
}

int main(void)
{
  pthread_t thread;
  pthread_create(&thread, NULL, test_func, NULL);
  pthread_detach(thread);
  pthread_join(thread, NULL);
  pthread_atfork(NULL, NULL, NULL);
  pthread_exit(NULL);

  return 0;
}

Determining if the function pthread_create exists in the pthreads failed with the following output:
Change Dir: /home/rm/catkin_livox_ros_driver2/src/IST_2025_sentry/build/CMakeFiles/CMakeTmp

Run Build Command(s):/usr/bin/make cmTC_42b7e/fast && /usr/bin/make -f CMakeFiles/cmTC_42b7e.dir/build.make CMakeFiles/cmTC_42b7e.dir/build
make[1]: 进入目录“/home/rm/catkin_livox_ros_driver2/src/IST_2025_sentry/build/CMakeFiles/CMakeTmp”
Building C object CMakeFiles/cmTC_42b7e.dir/CheckFunctionExists.c.o
/usr/bin/cc   -DCHECK_FUNCTION_EXISTS=pthread_create   -o CMakeFiles/cmTC_42b7e.dir/CheckFunctionExists.c.o   -c /usr/share/cmake-3.16/Modules/CheckFunctionExists.c
Linking C executable cmTC_42b7e
/usr/bin/cmake -E cmake_link_script CMakeFiles/cmTC_42b7e.dir/link.txt --verbose=1
/usr/bin/cc  -DCHECK_FUNCTION_EXISTS=pthread_create    -rdynamic CMakeFiles/cmTC_42b7e.dir/CheckFunctionExists.c.o  -o cmTC_42b7e  -lpthreads 
/usr/bin/ld: 找不到 -lpthreads
collect2: error: ld returned 1 exit status
make[1]: *** [CMakeFiles/cmTC_42b7e.dir/build.make:87：cmTC_42b7e] 错误 1
make[1]: 离开目录“/home/rm/catkin_livox_ros_driver2/src/IST_2025_sentry/build/CMakeFiles/CMakeTmp”
make: *** [Makefile:121：cmTC_42b7e/fast] 错误 2



Performing C SOURCE FILE Test CMAKE_HAVE_LIBC_PTHREAD failed with the following output:
Change Dir: /home/rm/catkin_livox_ros_driver2/src/IST_2025_sentry/build/CMakeFiles/CMakeTmp

Run Build Command(s):/usr/bin/make cmTC_5da0f/fast && /usr/bin/make -f CMakeFiles/cmTC_5da0f.dir/build.make CMakeFiles/cmTC_5da0f.dir/build
make[1]: 进入目录“/home/rm/catkin_livox_ros_driver2/src/IST_2025_sentry/build/CMakeFiles/CMakeTmp”
Building C object CMakeFiles/cmTC_5da0f.dir/src.c.o
/usr/bin/cc   -DCMAKE_HAVE_LIBC_PTHREAD   -o CMakeFiles/cmTC_5da0f.dir/src.c.o   -c /home/rm/catkin_livox_ros_driver2/src/IST_2025_sentry/build/CMakeFiles/CMakeTmp/src.c
Linking C executable cmTC_5da0f
/usr/bin/cmake -E cmake_link_script CMakeFiles/cmTC_5da0f.dir/link.txt --verbose=1
/usr/bin/cc  -DCMAKE_HAVE_LIBC_PTHREAD    -rdynamic CMakeFiles/cmTC_5da0f.dir/src.c.o  -o cmTC_5da0f 
/usr/bin/ld: CMakeFiles/cmTC_5da0f.dir/src.c.o: in function `main':
src.c:(.text+0x46): undefined reference to `pthread_create'
/usr/bin/ld: src.c:(.text+0x52): undefined reference to `pthread_detach'
/usr/bin/ld: src.c:(.text+0x63): undefined reference to `pthread_join'
collect2: error: ld returned 1 exit status
make[1]: *** [CMakeFiles/cmTC_5da0f.dir/build.make:87：cmTC_5da0f] 错误 1
make[1]: 离开目录“/home/rm/catkin_livox_ros_driver2/src/IST_2025_sentry/build/CMakeFiles/CMakeTmp”
make: *** [Makefile:121：cmTC_5da0f/fast] 错误 2


Source file was:
#include <pthread.h>

void* test_func(void* data)
{
  return data;
}

int main(void)
{
  pthread_t thread;
  pthread_create(&thread, NULL, test_func, NULL);
  pthread_detach(thread);
  pthread_join(thread, NULL);
  pthread_atfork(NULL, NULL, NULL);
  pthread_exit(NULL);

  return 0;
}

Determining if the function pthread_create exists in the pthreads failed with the following output:
Change Dir: /home/rm/catkin_livox_ros_driver2/src/IST_2025_sentry/build/CMakeFiles/CMakeTmp

Run Build Command(s):/usr/bin/make cmTC_93723/fast && /usr/bin/make -f CMakeFiles/cmTC_93723.dir/build.make CMakeFiles/cmTC_93723.dir/build
make[1]: 进入目录“/home/rm/catkin_livox_ros_driver2/src/IST_2025_sentry/build/CMakeFiles/CMakeTmp”
Building C object CMakeFiles/cmTC_93723.dir/CheckFunctionExists.c.o
/usr/bin/cc   -DCHECK_FUNCTION_EXISTS=pthread_create   -o CMakeFiles/cmTC_93723.dir/CheckFunctionExists.c.o   -c /usr/share/cmake-3.16/Modules/CheckFunctionExists.c
Linking C executable cmTC_93723
/usr/bin/cmake -E cmake_link_script CMakeFiles/cmTC_93723.dir/link.txt --verbose=1
/usr/bin/cc  -DCHECK_FUNCTION_EXISTS=pthread_create    -rdynamic CMakeFiles/cmTC_93723.dir/CheckFunctionExists.c.o  -o cmTC_93723  -lpthreads 
/usr/bin/ld: 找不到 -lpthreads
collect2: error: ld returned 1 exit status
make[1]: *** [CMakeFiles/cmTC_93723.dir/build.make:87：cmTC_93723] 错误 1
make[1]: 离开目录“/home/rm/catkin_livox_ros_driver2/src/IST_2025_sentry/build/CMakeFiles/CMakeTmp”
make: *** [Makefile:121：cmTC_93723/fast] 错误 2



Performing C SOURCE FILE Test CMAKE_HAVE_LIBC_PTHREAD failed with the following output:
Change Dir: /home/rm/catkin_livox_ros_driver2/src/IST_2025_sentry/build/CMakeFiles/CMakeTmp

Run Build Command(s):/usr/bin/make cmTC_758aa/fast && /usr/bin/make -f CMakeFiles/cmTC_758aa.dir/build.make CMakeFiles/cmTC_758aa.dir/build
make[1]: 进入目录“/home/rm/catkin_livox_ros_driver2/src/IST_2025_sentry/build/CMakeFiles/CMakeTmp”
Building C object CMakeFiles/cmTC_758aa.dir/src.c.o
/usr/bin/cc   -DCMAKE_HAVE_LIBC_PTHREAD   -o CMakeFiles/cmTC_758aa.dir/src.c.o   -c /home/rm/catkin_livox_ros_driver2/src/IST_2025_sentry/build/CMakeFiles/CMakeTmp/src.c
Linking C executable cmTC_758aa
/usr/bin/cmake -E cmake_link_script CMakeFiles/cmTC_758aa.dir/link.txt --verbose=1
/usr/bin/cc  -DCMAKE_HAVE_LIBC_PTHREAD    -rdynamic CMakeFiles/cmTC_758aa.dir/src.c.o  -o cmTC_758aa 
/usr/bin/ld: CMakeFiles/cmTC_758aa.dir/src.c.o: in function `main':
src.c:(.text+0x46): undefined reference to `pthread_create'
/usr/bin/ld: src.c:(.text+0x52): undefined reference to `pthread_detach'
/usr/bin/ld: src.c:(.text+0x63): undefined reference to `pthread_join'
collect2: error: ld returned 1 exit status
make[1]: *** [CMakeFiles/cmTC_758aa.dir/build.make:87：cmTC_758aa] 错误 1
make[1]: 离开目录“/home/rm/catkin_livox_ros_driver2/src/IST_2025_sentry/build/CMakeFiles/CMakeTmp”
make: *** [Makefile:121：cmTC_758aa/fast] 错误 2


Source file was:
#include <pthread.h>

void* test_func(void* data)
{
  return data;
}

int main(void)
{
  pthread_t thread;
  pthread_create(&thread, NULL, test_func, NULL);
  pthread_detach(thread);
  pthread_join(thread, NULL);
  pthread_atfork(NULL, NULL, NULL);
  pthread_exit(NULL);

  return 0;
}

Determining if the function pthread_create exists in the pthreads failed with the following output:
Change Dir: /home/rm/catkin_livox_ros_driver2/src/IST_2025_sentry/build/CMakeFiles/CMakeTmp

Run Build Command(s):/usr/bin/make cmTC_2e762/fast && /usr/bin/make -f CMakeFiles/cmTC_2e762.dir/build.make CMakeFiles/cmTC_2e762.dir/build
make[1]: 进入目录“/home/rm/catkin_livox_ros_driver2/src/IST_2025_sentry/build/CMakeFiles/CMakeTmp”
Building C object CMakeFiles/cmTC_2e762.dir/CheckFunctionExists.c.o
/usr/bin/cc   -DCHECK_FUNCTION_EXISTS=pthread_create   -o CMakeFiles/cmTC_2e762.dir/CheckFunctionExists.c.o   -c /usr/share/cmake-3.16/Modules/CheckFunctionExists.c
Linking C executable cmTC_2e762
/usr/bin/cmake -E cmake_link_script CMakeFiles/cmTC_2e762.dir/link.txt --verbose=1
/usr/bin/cc  -DCHECK_FUNCTION_EXISTS=pthread_create    -rdynamic CMakeFiles/cmTC_2e762.dir/CheckFunctionExists.c.o  -o cmTC_2e762  -lpthreads 
/usr/bin/ld: 找不到 -lpthreads
collect2: error: ld returned 1 exit status
make[1]: *** [CMakeFiles/cmTC_2e762.dir/build.make:87：cmTC_2e762] 错误 1
make[1]: 离开目录“/home/rm/catkin_livox_ros_driver2/src/IST_2025_sentry/build/CMakeFiles/CMakeTmp”
make: *** [Makefile:121：cmTC_2e762/fast] 错误 2



Performing C SOURCE FILE Test CMAKE_HAVE_LIBC_PTHREAD failed with the following output:
Change Dir: /home/rm/catkin_livox_ros_driver2/src/IST_2025_sentry/build/CMakeFiles/CMakeTmp

Run Build Command(s):/usr/bin/make cmTC_af7f5/fast && /usr/bin/make -f CMakeFiles/cmTC_af7f5.dir/build.make CMakeFiles/cmTC_af7f5.dir/build
make[1]: 进入目录“/home/rm/catkin_livox_ros_driver2/src/IST_2025_sentry/build/CMakeFiles/CMakeTmp”
Building C object CMakeFiles/cmTC_af7f5.dir/src.c.o
/usr/bin/cc   -DCMAKE_HAVE_LIBC_PTHREAD   -o CMakeFiles/cmTC_af7f5.dir/src.c.o   -c /home/rm/catkin_livox_ros_driver2/src/IST_2025_sentry/build/CMakeFiles/CMakeTmp/src.c
Linking C executable cmTC_af7f5
/usr/bin/cmake -E cmake_link_script CMakeFiles/cmTC_af7f5.dir/link.txt --verbose=1
/usr/bin/cc  -DCMAKE_HAVE_LIBC_PTHREAD    -rdynamic CMakeFiles/cmTC_af7f5.dir/src.c.o  -o cmTC_af7f5 
/usr/bin/ld: CMakeFiles/cmTC_af7f5.dir/src.c.o: in function `main':
src.c:(.text+0x46): undefined reference to `pthread_create'
/usr/bin/ld: src.c:(.text+0x52): undefined reference to `pthread_detach'
/usr/bin/ld: src.c:(.text+0x63): undefined reference to `pthread_join'
collect2: error: ld returned 1 exit status
make[1]: *** [CMakeFiles/cmTC_af7f5.dir/build.make:87：cmTC_af7f5] 错误 1
make[1]: 离开目录“/home/rm/catkin_livox_ros_driver2/src/IST_2025_sentry/build/CMakeFiles/CMakeTmp”
make: *** [Makefile:121：cmTC_af7f5/fast] 错误 2


Source file was:
#include <pthread.h>

void* test_func(void* data)
{
  return data;
}

int main(void)
{
  pthread_t thread;
  pthread_create(&thread, NULL, test_func, NULL);
  pthread_detach(thread);
  pthread_join(thread, NULL);
  pthread_atfork(NULL, NULL, NULL);
  pthread_exit(NULL);

  return 0;
}

Determining if the function pthread_create exists in the pthreads failed with the following output:
Change Dir: /home/rm/catkin_livox_ros_driver2/src/IST_2025_sentry/build/CMakeFiles/CMakeTmp

Run Build Command(s):/usr/bin/make cmTC_17e4e/fast && /usr/bin/make -f CMakeFiles/cmTC_17e4e.dir/build.make CMakeFiles/cmTC_17e4e.dir/build
make[1]: 进入目录“/home/rm/catkin_livox_ros_driver2/src/IST_2025_sentry/build/CMakeFiles/CMakeTmp”
Building C object CMakeFiles/cmTC_17e4e.dir/CheckFunctionExists.c.o
/usr/bin/cc   -DCHECK_FUNCTION_EXISTS=pthread_create   -o CMakeFiles/cmTC_17e4e.dir/CheckFunctionExists.c.o   -c /usr/share/cmake-3.16/Modules/CheckFunctionExists.c
Linking C executable cmTC_17e4e
/usr/bin/cmake -E cmake_link_script CMakeFiles/cmTC_17e4e.dir/link.txt --verbose=1
/usr/bin/cc  -DCHECK_FUNCTION_EXISTS=pthread_create    -rdynamic CMakeFiles/cmTC_17e4e.dir/CheckFunctionExists.c.o  -o cmTC_17e4e  -lpthreads 
/usr/bin/ld: 找不到 -lpthreads
collect2: error: ld returned 1 exit status
make[1]: *** [CMakeFiles/cmTC_17e4e.dir/build.make:87：cmTC_17e4e] 错误 1
make[1]: 离开目录“/home/rm/catkin_livox_ros_driver2/src/IST_2025_sentry/build/CMakeFiles/CMakeTmp”
make: *** [Makefile:121：cmTC_17e4e/fast] 错误 2



Performing C SOURCE FILE Test CMAKE_HAVE_LIBC_PTHREAD failed with the following output:
Change Dir: /home/rm/catkin_livox_ros_driver2/src/IST_2025_sentry/build/CMakeFiles/CMakeTmp

Run Build Command(s):/usr/bin/make cmTC_051db/fast && /usr/bin/make -f CMakeFiles/cmTC_051db.dir/build.make CMakeFiles/cmTC_051db.dir/build
make[1]: 进入目录“/home/rm/catkin_livox_ros_driver2/src/IST_2025_sentry/build/CMakeFiles/CMakeTmp”
Building C object CMakeFiles/cmTC_051db.dir/src.c.o
/usr/bin/cc   -DCMAKE_HAVE_LIBC_PTHREAD   -o CMakeFiles/cmTC_051db.dir/src.c.o   -c /home/rm/catkin_livox_ros_driver2/src/IST_2025_sentry/build/CMakeFiles/CMakeTmp/src.c
Linking C executable cmTC_051db
/usr/bin/cmake -E cmake_link_script CMakeFiles/cmTC_051db.dir/link.txt --verbose=1
/usr/bin/cc  -DCMAKE_HAVE_LIBC_PTHREAD    -rdynamic CMakeFiles/cmTC_051db.dir/src.c.o  -o cmTC_051db 
/usr/bin/ld: CMakeFiles/cmTC_051db.dir/src.c.o: in function `main':
src.c:(.text+0x46): undefined reference to `pthread_create'
/usr/bin/ld: src.c:(.text+0x52): undefined reference to `pthread_detach'
/usr/bin/ld: src.c:(.text+0x63): undefined reference to `pthread_join'
collect2: error: ld returned 1 exit status
make[1]: *** [CMakeFiles/cmTC_051db.dir/build.make:87：cmTC_051db] 错误 1
make[1]: 离开目录“/home/rm/catkin_livox_ros_driver2/src/IST_2025_sentry/build/CMakeFiles/CMakeTmp”
make: *** [Makefile:121：cmTC_051db/fast] 错误 2


Source file was:
#include <pthread.h>

void* test_func(void* data)
{
  return data;
}

int main(void)
{
  pthread_t thread;
  pthread_create(&thread, NULL, test_func, NULL);
  pthread_detach(thread);
  pthread_join(thread, NULL);
  pthread_atfork(NULL, NULL, NULL);
  pthread_exit(NULL);

  return 0;
}

Determining if the function pthread_create exists in the pthreads failed with the following output:
Change Dir: /home/rm/catkin_livox_ros_driver2/src/IST_2025_sentry/build/CMakeFiles/CMakeTmp

Run Build Command(s):/usr/bin/make cmTC_021b5/fast && /usr/bin/make -f CMakeFiles/cmTC_021b5.dir/build.make CMakeFiles/cmTC_021b5.dir/build
make[1]: 进入目录“/home/rm/catkin_livox_ros_driver2/src/IST_2025_sentry/build/CMakeFiles/CMakeTmp”
Building C object CMakeFiles/cmTC_021b5.dir/CheckFunctionExists.c.o
/usr/bin/cc   -DCHECK_FUNCTION_EXISTS=pthread_create   -o CMakeFiles/cmTC_021b5.dir/CheckFunctionExists.c.o   -c /usr/share/cmake-3.16/Modules/CheckFunctionExists.c
Linking C executable cmTC_021b5
/usr/bin/cmake -E cmake_link_script CMakeFiles/cmTC_021b5.dir/link.txt --verbose=1
/usr/bin/cc  -DCHECK_FUNCTION_EXISTS=pthread_create    -rdynamic CMakeFiles/cmTC_021b5.dir/CheckFunctionExists.c.o  -o cmTC_021b5  -lpthreads 
/usr/bin/ld: 找不到 -lpthreads
collect2: error: ld returned 1 exit status
make[1]: *** [CMakeFiles/cmTC_021b5.dir/build.make:87：cmTC_021b5] 错误 1
make[1]: 离开目录“/home/rm/catkin_livox_ros_driver2/src/IST_2025_sentry/build/CMakeFiles/CMakeTmp”
make: *** [Makefile:121：cmTC_021b5/fast] 错误 2



Performing C SOURCE FILE Test CMAKE_HAVE_LIBC_PTHREAD failed with the following output:
Change Dir: /home/rm/catkin_livox_ros_driver2/src/IST_2025_sentry/build/CMakeFiles/CMakeTmp

Run Build Command(s):/usr/bin/make cmTC_0e913/fast && /usr/bin/make -f CMakeFiles/cmTC_0e913.dir/build.make CMakeFiles/cmTC_0e913.dir/build
make[1]: 进入目录“/home/rm/catkin_livox_ros_driver2/src/IST_2025_sentry/build/CMakeFiles/CMakeTmp”
Building C object CMakeFiles/cmTC_0e913.dir/src.c.o
/usr/bin/cc   -DCMAKE_HAVE_LIBC_PTHREAD   -o CMakeFiles/cmTC_0e913.dir/src.c.o   -c /home/rm/catkin_livox_ros_driver2/src/IST_2025_sentry/build/CMakeFiles/CMakeTmp/src.c
Linking C executable cmTC_0e913
/usr/bin/cmake -E cmake_link_script CMakeFiles/cmTC_0e913.dir/link.txt --verbose=1
/usr/bin/cc  -DCMAKE_HAVE_LIBC_PTHREAD    -rdynamic CMakeFiles/cmTC_0e913.dir/src.c.o  -o cmTC_0e913 
/usr/bin/ld: CMakeFiles/cmTC_0e913.dir/src.c.o: in function `main':
src.c:(.text+0x46): undefined reference to `pthread_create'
/usr/bin/ld: src.c:(.text+0x52): undefined reference to `pthread_detach'
/usr/bin/ld: src.c:(.text+0x63): undefined reference to `pthread_join'
collect2: error: ld returned 1 exit status
make[1]: *** [CMakeFiles/cmTC_0e913.dir/build.make:87：cmTC_0e913] 错误 1
make[1]: 离开目录“/home/rm/catkin_livox_ros_driver2/src/IST_2025_sentry/build/CMakeFiles/CMakeTmp”
make: *** [Makefile:121：cmTC_0e913/fast] 错误 2


Source file was:
#include <pthread.h>

void* test_func(void* data)
{
  return data;
}

int main(void)
{
  pthread_t thread;
  pthread_create(&thread, NULL, test_func, NULL);
  pthread_detach(thread);
  pthread_join(thread, NULL);
  pthread_atfork(NULL, NULL, NULL);
  pthread_exit(NULL);

  return 0;
}

Determining if the function pthread_create exists in the pthreads failed with the following output:
Change Dir: /home/rm/catkin_livox_ros_driver2/src/IST_2025_sentry/build/CMakeFiles/CMakeTmp

Run Build Command(s):/usr/bin/make cmTC_1f85c/fast && /usr/bin/make -f CMakeFiles/cmTC_1f85c.dir/build.make CMakeFiles/cmTC_1f85c.dir/build
make[1]: 进入目录“/home/rm/catkin_livox_ros_driver2/src/IST_2025_sentry/build/CMakeFiles/CMakeTmp”
Building C object CMakeFiles/cmTC_1f85c.dir/CheckFunctionExists.c.o
/usr/bin/cc   -DCHECK_FUNCTION_EXISTS=pthread_create   -o CMakeFiles/cmTC_1f85c.dir/CheckFunctionExists.c.o   -c /usr/share/cmake-3.16/Modules/CheckFunctionExists.c
Linking C executable cmTC_1f85c
/usr/bin/cmake -E cmake_link_script CMakeFiles/cmTC_1f85c.dir/link.txt --verbose=1
/usr/bin/cc  -DCHECK_FUNCTION_EXISTS=pthread_create    -rdynamic CMakeFiles/cmTC_1f85c.dir/CheckFunctionExists.c.o  -o cmTC_1f85c  -lpthreads 
/usr/bin/ld: 找不到 -lpthreads
collect2: error: ld returned 1 exit status
make[1]: *** [CMakeFiles/cmTC_1f85c.dir/build.make:87：cmTC_1f85c] 错误 1
make[1]: 离开目录“/home/rm/catkin_livox_ros_driver2/src/IST_2025_sentry/build/CMakeFiles/CMakeTmp”
make: *** [Makefile:121：cmTC_1f85c/fast] 错误 2



Performing C SOURCE FILE Test CMAKE_HAVE_LIBC_PTHREAD failed with the following output:
Change Dir: /home/rm/catkin_livox_ros_driver2/src/IST_2025_sentry/build/CMakeFiles/CMakeTmp

Run Build Command(s):/usr/bin/make cmTC_0274f/fast && /usr/bin/make -f CMakeFiles/cmTC_0274f.dir/build.make CMakeFiles/cmTC_0274f.dir/build
make[1]: 进入目录“/home/rm/catkin_livox_ros_driver2/src/IST_2025_sentry/build/CMakeFiles/CMakeTmp”
Building C object CMakeFiles/cmTC_0274f.dir/src.c.o
/usr/bin/cc   -DCMAKE_HAVE_LIBC_PTHREAD   -o CMakeFiles/cmTC_0274f.dir/src.c.o   -c /home/rm/catkin_livox_ros_driver2/src/IST_2025_sentry/build/CMakeFiles/CMakeTmp/src.c
Linking C executable cmTC_0274f
/usr/bin/cmake -E cmake_link_script CMakeFiles/cmTC_0274f.dir/link.txt --verbose=1
/usr/bin/cc  -DCMAKE_HAVE_LIBC_PTHREAD    -rdynamic CMakeFiles/cmTC_0274f.dir/src.c.o  -o cmTC_0274f 
/usr/bin/ld: CMakeFiles/cmTC_0274f.dir/src.c.o: in function `main':
src.c:(.text+0x46): undefined reference to `pthread_create'
/usr/bin/ld: src.c:(.text+0x52): undefined reference to `pthread_detach'
/usr/bin/ld: src.c:(.text+0x63): undefined reference to `pthread_join'
collect2: error: ld returned 1 exit status
make[1]: *** [CMakeFiles/cmTC_0274f.dir/build.make:87：cmTC_0274f] 错误 1
make[1]: 离开目录“/home/rm/catkin_livox_ros_driver2/src/IST_2025_sentry/build/CMakeFiles/CMakeTmp”
make: *** [Makefile:121：cmTC_0274f/fast] 错误 2


Source file was:
#include <pthread.h>

void* test_func(void* data)
{
  return data;
}

int main(void)
{
  pthread_t thread;
  pthread_create(&thread, NULL, test_func, NULL);
  pthread_detach(thread);
  pthread_join(thread, NULL);
  pthread_atfork(NULL, NULL, NULL);
  pthread_exit(NULL);

  return 0;
}

Determining if the function pthread_create exists in the pthreads failed with the following output:
Change Dir: /home/rm/catkin_livox_ros_driver2/src/IST_2025_sentry/build/CMakeFiles/CMakeTmp

Run Build Command(s):/usr/bin/make cmTC_5a17e/fast && /usr/bin/make -f CMakeFiles/cmTC_5a17e.dir/build.make CMakeFiles/cmTC_5a17e.dir/build
make[1]: 进入目录“/home/rm/catkin_livox_ros_driver2/src/IST_2025_sentry/build/CMakeFiles/CMakeTmp”
Building C object CMakeFiles/cmTC_5a17e.dir/CheckFunctionExists.c.o
/usr/bin/cc   -DCHECK_FUNCTION_EXISTS=pthread_create   -o CMakeFiles/cmTC_5a17e.dir/CheckFunctionExists.c.o   -c /usr/share/cmake-3.16/Modules/CheckFunctionExists.c
Linking C executable cmTC_5a17e
/usr/bin/cmake -E cmake_link_script CMakeFiles/cmTC_5a17e.dir/link.txt --verbose=1
/usr/bin/cc  -DCHECK_FUNCTION_EXISTS=pthread_create    -rdynamic CMakeFiles/cmTC_5a17e.dir/CheckFunctionExists.c.o  -o cmTC_5a17e  -lpthreads 
/usr/bin/ld: 找不到 -lpthreads
collect2: error: ld returned 1 exit status
make[1]: *** [CMakeFiles/cmTC_5a17e.dir/build.make:87：cmTC_5a17e] 错误 1
make[1]: 离开目录“/home/rm/catkin_livox_ros_driver2/src/IST_2025_sentry/build/CMakeFiles/CMakeTmp”
make: *** [Makefile:121：cmTC_5a17e/fast] 错误 2



Performing C SOURCE FILE Test CMAKE_HAVE_LIBC_PTHREAD failed with the following output:
Change Dir: /home/rm/catkin_livox_ros_driver2/src/IST_2025_sentry/build/CMakeFiles/CMakeTmp

Run Build Command(s):/usr/bin/make cmTC_6240b/fast && /usr/bin/make -f CMakeFiles/cmTC_6240b.dir/build.make CMakeFiles/cmTC_6240b.dir/build
make[1]: 进入目录“/home/rm/catkin_livox_ros_driver2/src/IST_2025_sentry/build/CMakeFiles/CMakeTmp”
Building C object CMakeFiles/cmTC_6240b.dir/src.c.o
/usr/bin/cc   -DCMAKE_HAVE_LIBC_PTHREAD   -o CMakeFiles/cmTC_6240b.dir/src.c.o   -c /home/rm/catkin_livox_ros_driver2/src/IST_2025_sentry/build/CMakeFiles/CMakeTmp/src.c
Linking C executable cmTC_6240b
/usr/bin/cmake -E cmake_link_script CMakeFiles/cmTC_6240b.dir/link.txt --verbose=1
/usr/bin/cc  -DCMAKE_HAVE_LIBC_PTHREAD    -rdynamic CMakeFiles/cmTC_6240b.dir/src.c.o  -o cmTC_6240b 
/usr/bin/ld: CMakeFiles/cmTC_6240b.dir/src.c.o: in function `main':
src.c:(.text+0x46): undefined reference to `pthread_create'
/usr/bin/ld: src.c:(.text+0x52): undefined reference to `pthread_detach'
/usr/bin/ld: src.c:(.text+0x63): undefined reference to `pthread_join'
collect2: error: ld returned 1 exit status
make[1]: *** [CMakeFiles/cmTC_6240b.dir/build.make:87：cmTC_6240b] 错误 1
make[1]: 离开目录“/home/rm/catkin_livox_ros_driver2/src/IST_2025_sentry/build/CMakeFiles/CMakeTmp”
make: *** [Makefile:121：cmTC_6240b/fast] 错误 2


Source file was:
#include <pthread.h>

void* test_func(void* data)
{
  return data;
}

int main(void)
{
  pthread_t thread;
  pthread_create(&thread, NULL, test_func, NULL);
  pthread_detach(thread);
  pthread_join(thread, NULL);
  pthread_atfork(NULL, NULL, NULL);
  pthread_exit(NULL);

  return 0;
}

Determining if the function pthread_create exists in the pthreads failed with the following output:
Change Dir: /home/rm/catkin_livox_ros_driver2/src/IST_2025_sentry/build/CMakeFiles/CMakeTmp

Run Build Command(s):/usr/bin/make cmTC_06bce/fast && /usr/bin/make -f CMakeFiles/cmTC_06bce.dir/build.make CMakeFiles/cmTC_06bce.dir/build
make[1]: 进入目录“/home/rm/catkin_livox_ros_driver2/src/IST_2025_sentry/build/CMakeFiles/CMakeTmp”
Building C object CMakeFiles/cmTC_06bce.dir/CheckFunctionExists.c.o
/usr/bin/cc   -DCHECK_FUNCTION_EXISTS=pthread_create   -o CMakeFiles/cmTC_06bce.dir/CheckFunctionExists.c.o   -c /usr/share/cmake-3.16/Modules/CheckFunctionExists.c
Linking C executable cmTC_06bce
/usr/bin/cmake -E cmake_link_script CMakeFiles/cmTC_06bce.dir/link.txt --verbose=1
/usr/bin/cc  -DCHECK_FUNCTION_EXISTS=pthread_create    -rdynamic CMakeFiles/cmTC_06bce.dir/CheckFunctionExists.c.o  -o cmTC_06bce  -lpthreads 
/usr/bin/ld: 找不到 -lpthreads
collect2: error: ld returned 1 exit status
make[1]: *** [CMakeFiles/cmTC_06bce.dir/build.make:87：cmTC_06bce] 错误 1
make[1]: 离开目录“/home/rm/catkin_livox_ros_driver2/src/IST_2025_sentry/build/CMakeFiles/CMakeTmp”
make: *** [Makefile:121：cmTC_06bce/fast] 错误 2



Performing C SOURCE FILE Test CMAKE_HAVE_LIBC_PTHREAD failed with the following output:
Change Dir: /home/rm/catkin_livox_ros_driver2/src/IST_2025_sentry/build/CMakeFiles/CMakeTmp

Run Build Command(s):/usr/bin/make cmTC_1116e/fast && /usr/bin/make -f CMakeFiles/cmTC_1116e.dir/build.make CMakeFiles/cmTC_1116e.dir/build
make[1]: 进入目录“/home/rm/catkin_livox_ros_driver2/src/IST_2025_sentry/build/CMakeFiles/CMakeTmp”
Building C object CMakeFiles/cmTC_1116e.dir/src.c.o
/usr/bin/cc   -DCMAKE_HAVE_LIBC_PTHREAD   -o CMakeFiles/cmTC_1116e.dir/src.c.o   -c /home/rm/catkin_livox_ros_driver2/src/IST_2025_sentry/build/CMakeFiles/CMakeTmp/src.c
Linking C executable cmTC_1116e
/usr/bin/cmake -E cmake_link_script CMakeFiles/cmTC_1116e.dir/link.txt --verbose=1
/usr/bin/cc  -DCMAKE_HAVE_LIBC_PTHREAD    -rdynamic CMakeFiles/cmTC_1116e.dir/src.c.o  -o cmTC_1116e 
/usr/bin/ld: CMakeFiles/cmTC_1116e.dir/src.c.o: in function `main':
src.c:(.text+0x46): undefined reference to `pthread_create'
/usr/bin/ld: src.c:(.text+0x52): undefined reference to `pthread_detach'
/usr/bin/ld: src.c:(.text+0x63): undefined reference to `pthread_join'
collect2: error: ld returned 1 exit status
make[1]: *** [CMakeFiles/cmTC_1116e.dir/build.make:87：cmTC_1116e] 错误 1
make[1]: 离开目录“/home/rm/catkin_livox_ros_driver2/src/IST_2025_sentry/build/CMakeFiles/CMakeTmp”
make: *** [Makefile:121：cmTC_1116e/fast] 错误 2


Source file was:
#include <pthread.h>

void* test_func(void* data)
{
  return data;
}

int main(void)
{
  pthread_t thread;
  pthread_create(&thread, NULL, test_func, NULL);
  pthread_detach(thread);
  pthread_join(thread, NULL);
  pthread_atfork(NULL, NULL, NULL);
  pthread_exit(NULL);

  return 0;
}

Determining if the function pthread_create exists in the pthreads failed with the following output:
Change Dir: /home/rm/catkin_livox_ros_driver2/src/IST_2025_sentry/build/CMakeFiles/CMakeTmp

Run Build Command(s):/usr/bin/make cmTC_54307/fast && /usr/bin/make -f CMakeFiles/cmTC_54307.dir/build.make CMakeFiles/cmTC_54307.dir/build
make[1]: 进入目录“/home/rm/catkin_livox_ros_driver2/src/IST_2025_sentry/build/CMakeFiles/CMakeTmp”
Building C object CMakeFiles/cmTC_54307.dir/CheckFunctionExists.c.o
/usr/bin/cc   -DCHECK_FUNCTION_EXISTS=pthread_create   -o CMakeFiles/cmTC_54307.dir/CheckFunctionExists.c.o   -c /usr/share/cmake-3.16/Modules/CheckFunctionExists.c
Linking C executable cmTC_54307
/usr/bin/cmake -E cmake_link_script CMakeFiles/cmTC_54307.dir/link.txt --verbose=1
/usr/bin/cc  -DCHECK_FUNCTION_EXISTS=pthread_create    -rdynamic CMakeFiles/cmTC_54307.dir/CheckFunctionExists.c.o  -o cmTC_54307  -lpthreads 
/usr/bin/ld: 找不到 -lpthreads
collect2: error: ld returned 1 exit status
make[1]: *** [CMakeFiles/cmTC_54307.dir/build.make:87：cmTC_54307] 错误 1
make[1]: 离开目录“/home/rm/catkin_livox_ros_driver2/src/IST_2025_sentry/build/CMakeFiles/CMakeTmp”
make: *** [Makefile:121：cmTC_54307/fast] 错误 2



Performing C SOURCE FILE Test CMAKE_HAVE_LIBC_PTHREAD failed with the following output:
Change Dir: /home/rm/catkin_livox_ros_driver2/src/IST_2025_sentry/build/CMakeFiles/CMakeTmp

Run Build Command(s):/usr/bin/make cmTC_dedd4/fast && /usr/bin/make -f CMakeFiles/cmTC_dedd4.dir/build.make CMakeFiles/cmTC_dedd4.dir/build
make[1]: 进入目录“/home/rm/catkin_livox_ros_driver2/src/IST_2025_sentry/build/CMakeFiles/CMakeTmp”
Building C object CMakeFiles/cmTC_dedd4.dir/src.c.o
/usr/bin/cc   -DCMAKE_HAVE_LIBC_PTHREAD   -o CMakeFiles/cmTC_dedd4.dir/src.c.o   -c /home/rm/catkin_livox_ros_driver2/src/IST_2025_sentry/build/CMakeFiles/CMakeTmp/src.c
Linking C executable cmTC_dedd4
/usr/bin/cmake -E cmake_link_script CMakeFiles/cmTC_dedd4.dir/link.txt --verbose=1
/usr/bin/cc  -DCMAKE_HAVE_LIBC_PTHREAD    -rdynamic CMakeFiles/cmTC_dedd4.dir/src.c.o  -o cmTC_dedd4 
/usr/bin/ld: CMakeFiles/cmTC_dedd4.dir/src.c.o: in function `main':
src.c:(.text+0x46): undefined reference to `pthread_create'
/usr/bin/ld: src.c:(.text+0x52): undefined reference to `pthread_detach'
/usr/bin/ld: src.c:(.text+0x63): undefined reference to `pthread_join'
collect2: error: ld returned 1 exit status
make[1]: *** [CMakeFiles/cmTC_dedd4.dir/build.make:87：cmTC_dedd4] 错误 1
make[1]: 离开目录“/home/rm/catkin_livox_ros_driver2/src/IST_2025_sentry/build/CMakeFiles/CMakeTmp”
make: *** [Makefile:121：cmTC_dedd4/fast] 错误 2


Source file was:
#include <pthread.h>

void* test_func(void* data)
{
  return data;
}

int main(void)
{
  pthread_t thread;
  pthread_create(&thread, NULL, test_func, NULL);
  pthread_detach(thread);
  pthread_join(thread, NULL);
  pthread_atfork(NULL, NULL, NULL);
  pthread_exit(NULL);

  return 0;
}

Determining if the function pthread_create exists in the pthreads failed with the following output:
Change Dir: /home/rm/catkin_livox_ros_driver2/src/IST_2025_sentry/build/CMakeFiles/CMakeTmp

Run Build Command(s):/usr/bin/make cmTC_a2520/fast && /usr/bin/make -f CMakeFiles/cmTC_a2520.dir/build.make CMakeFiles/cmTC_a2520.dir/build
make[1]: 进入目录“/home/rm/catkin_livox_ros_driver2/src/IST_2025_sentry/build/CMakeFiles/CMakeTmp”
Building C object CMakeFiles/cmTC_a2520.dir/CheckFunctionExists.c.o
/usr/bin/cc   -DCHECK_FUNCTION_EXISTS=pthread_create   -o CMakeFiles/cmTC_a2520.dir/CheckFunctionExists.c.o   -c /usr/share/cmake-3.16/Modules/CheckFunctionExists.c
Linking C executable cmTC_a2520
/usr/bin/cmake -E cmake_link_script CMakeFiles/cmTC_a2520.dir/link.txt --verbose=1
/usr/bin/cc  -DCHECK_FUNCTION_EXISTS=pthread_create    -rdynamic CMakeFiles/cmTC_a2520.dir/CheckFunctionExists.c.o  -o cmTC_a2520  -lpthreads 
/usr/bin/ld: 找不到 -lpthreads
collect2: error: ld returned 1 exit status
make[1]: *** [CMakeFiles/cmTC_a2520.dir/build.make:87：cmTC_a2520] 错误 1
make[1]: 离开目录“/home/rm/catkin_livox_ros_driver2/src/IST_2025_sentry/build/CMakeFiles/CMakeTmp”
make: *** [Makefile:121：cmTC_a2520/fast] 错误 2



Performing C SOURCE FILE Test CMAKE_HAVE_LIBC_PTHREAD failed with the following output:
Change Dir: /home/rm/catkin_livox_ros_driver2/src/IST_2025_sentry/build/CMakeFiles/CMakeTmp

Run Build Command(s):/usr/bin/make cmTC_e5de6/fast && /usr/bin/make -f CMakeFiles/cmTC_e5de6.dir/build.make CMakeFiles/cmTC_e5de6.dir/build
make[1]: 进入目录“/home/rm/catkin_livox_ros_driver2/src/IST_2025_sentry/build/CMakeFiles/CMakeTmp”
Building C object CMakeFiles/cmTC_e5de6.dir/src.c.o
/usr/bin/cc   -DCMAKE_HAVE_LIBC_PTHREAD   -o CMakeFiles/cmTC_e5de6.dir/src.c.o   -c /home/rm/catkin_livox_ros_driver2/src/IST_2025_sentry/build/CMakeFiles/CMakeTmp/src.c
Linking C executable cmTC_e5de6
/usr/bin/cmake -E cmake_link_script CMakeFiles/cmTC_e5de6.dir/link.txt --verbose=1
/usr/bin/cc  -DCMAKE_HAVE_LIBC_PTHREAD    -rdynamic CMakeFiles/cmTC_e5de6.dir/src.c.o  -o cmTC_e5de6 
/usr/bin/ld: CMakeFiles/cmTC_e5de6.dir/src.c.o: in function `main':
src.c:(.text+0x46): undefined reference to `pthread_create'
/usr/bin/ld: src.c:(.text+0x52): undefined reference to `pthread_detach'
/usr/bin/ld: src.c:(.text+0x63): undefined reference to `pthread_join'
collect2: error: ld returned 1 exit status
make[1]: *** [CMakeFiles/cmTC_e5de6.dir/build.make:87：cmTC_e5de6] 错误 1
make[1]: 离开目录“/home/rm/catkin_livox_ros_driver2/src/IST_2025_sentry/build/CMakeFiles/CMakeTmp”
make: *** [Makefile:121：cmTC_e5de6/fast] 错误 2


Source file was:
#include <pthread.h>

void* test_func(void* data)
{
  return data;
}

int main(void)
{
  pthread_t thread;
  pthread_create(&thread, NULL, test_func, NULL);
  pthread_detach(thread);
  pthread_join(thread, NULL);
  pthread_atfork(NULL, NULL, NULL);
  pthread_exit(NULL);

  return 0;
}

Determining if the function pthread_create exists in the pthreads failed with the following output:
Change Dir: /home/rm/catkin_livox_ros_driver2/src/IST_2025_sentry/build/CMakeFiles/CMakeTmp

Run Build Command(s):/usr/bin/make cmTC_406d7/fast && /usr/bin/make -f CMakeFiles/cmTC_406d7.dir/build.make CMakeFiles/cmTC_406d7.dir/build
make[1]: 进入目录“/home/rm/catkin_livox_ros_driver2/src/IST_2025_sentry/build/CMakeFiles/CMakeTmp”
Building C object CMakeFiles/cmTC_406d7.dir/CheckFunctionExists.c.o
/usr/bin/cc   -DCHECK_FUNCTION_EXISTS=pthread_create   -o CMakeFiles/cmTC_406d7.dir/CheckFunctionExists.c.o   -c /usr/share/cmake-3.16/Modules/CheckFunctionExists.c
Linking C executable cmTC_406d7
/usr/bin/cmake -E cmake_link_script CMakeFiles/cmTC_406d7.dir/link.txt --verbose=1
/usr/bin/cc  -DCHECK_FUNCTION_EXISTS=pthread_create    -rdynamic CMakeFiles/cmTC_406d7.dir/CheckFunctionExists.c.o  -o cmTC_406d7  -lpthreads 
/usr/bin/ld: 找不到 -lpthreads
collect2: error: ld returned 1 exit status
make[1]: *** [CMakeFiles/cmTC_406d7.dir/build.make:87：cmTC_406d7] 错误 1
make[1]: 离开目录“/home/rm/catkin_livox_ros_driver2/src/IST_2025_sentry/build/CMakeFiles/CMakeTmp”
make: *** [Makefile:121：cmTC_406d7/fast] 错误 2



Performing C SOURCE FILE Test CMAKE_HAVE_LIBC_PTHREAD failed with the following output:
Change Dir: /home/rm/catkin_livox_ros_driver2/src/IST_2025_sentry/build/CMakeFiles/CMakeTmp

Run Build Command(s):/usr/bin/make cmTC_548af/fast && /usr/bin/make -f CMakeFiles/cmTC_548af.dir/build.make CMakeFiles/cmTC_548af.dir/build
make[1]: 进入目录“/home/rm/catkin_livox_ros_driver2/src/IST_2025_sentry/build/CMakeFiles/CMakeTmp”
Building C object CMakeFiles/cmTC_548af.dir/src.c.o
/usr/bin/cc   -DCMAKE_HAVE_LIBC_PTHREAD   -o CMakeFiles/cmTC_548af.dir/src.c.o   -c /home/rm/catkin_livox_ros_driver2/src/IST_2025_sentry/build/CMakeFiles/CMakeTmp/src.c
Linking C executable cmTC_548af
/usr/bin/cmake -E cmake_link_script CMakeFiles/cmTC_548af.dir/link.txt --verbose=1
/usr/bin/cc  -DCMAKE_HAVE_LIBC_PTHREAD    -rdynamic CMakeFiles/cmTC_548af.dir/src.c.o  -o cmTC_548af 
/usr/bin/ld: CMakeFiles/cmTC_548af.dir/src.c.o: in function `main':
src.c:(.text+0x46): undefined reference to `pthread_create'
/usr/bin/ld: src.c:(.text+0x52): undefined reference to `pthread_detach'
/usr/bin/ld: src.c:(.text+0x63): undefined reference to `pthread_join'
collect2: error: ld returned 1 exit status
make[1]: *** [CMakeFiles/cmTC_548af.dir/build.make:87：cmTC_548af] 错误 1
make[1]: 离开目录“/home/rm/catkin_livox_ros_driver2/src/IST_2025_sentry/build/CMakeFiles/CMakeTmp”
make: *** [Makefile:121：cmTC_548af/fast] 错误 2


Source file was:
#include <pthread.h>

void* test_func(void* data)
{
  return data;
}

int main(void)
{
  pthread_t thread;
  pthread_create(&thread, NULL, test_func, NULL);
  pthread_detach(thread);
  pthread_join(thread, NULL);
  pthread_atfork(NULL, NULL, NULL);
  pthread_exit(NULL);

  return 0;
}

Determining if the function pthread_create exists in the pthreads failed with the following output:
Change Dir: /home/rm/catkin_livox_ros_driver2/src/IST_2025_sentry/build/CMakeFiles/CMakeTmp

Run Build Command(s):/usr/bin/make cmTC_8be75/fast && /usr/bin/make -f CMakeFiles/cmTC_8be75.dir/build.make CMakeFiles/cmTC_8be75.dir/build
make[1]: 进入目录“/home/rm/catkin_livox_ros_driver2/src/IST_2025_sentry/build/CMakeFiles/CMakeTmp”
Building C object CMakeFiles/cmTC_8be75.dir/CheckFunctionExists.c.o
/usr/bin/cc   -DCHECK_FUNCTION_EXISTS=pthread_create   -o CMakeFiles/cmTC_8be75.dir/CheckFunctionExists.c.o   -c /usr/share/cmake-3.16/Modules/CheckFunctionExists.c
Linking C executable cmTC_8be75
/usr/bin/cmake -E cmake_link_script CMakeFiles/cmTC_8be75.dir/link.txt --verbose=1
/usr/bin/cc  -DCHECK_FUNCTION_EXISTS=pthread_create    -rdynamic CMakeFiles/cmTC_8be75.dir/CheckFunctionExists.c.o  -o cmTC_8be75  -lpthreads 
/usr/bin/ld: 找不到 -lpthreads
collect2: error: ld returned 1 exit status
make[1]: *** [CMakeFiles/cmTC_8be75.dir/build.make:87：cmTC_8be75] 错误 1
make[1]: 离开目录“/home/rm/catkin_livox_ros_driver2/src/IST_2025_sentry/build/CMakeFiles/CMakeTmp”
make: *** [Makefile:121：cmTC_8be75/fast] 错误 2



Performing C SOURCE FILE Test CMAKE_HAVE_LIBC_PTHREAD failed with the following output:
Change Dir: /home/rm/catkin_livox_ros_driver2/src/IST_2025_sentry/build/CMakeFiles/CMakeTmp

Run Build Command(s):/usr/bin/make cmTC_50624/fast && /usr/bin/make -f CMakeFiles/cmTC_50624.dir/build.make CMakeFiles/cmTC_50624.dir/build
make[1]: 进入目录“/home/rm/catkin_livox_ros_driver2/src/IST_2025_sentry/build/CMakeFiles/CMakeTmp”
Building C object CMakeFiles/cmTC_50624.dir/src.c.o
/usr/bin/cc   -DCMAKE_HAVE_LIBC_PTHREAD   -o CMakeFiles/cmTC_50624.dir/src.c.o   -c /home/rm/catkin_livox_ros_driver2/src/IST_2025_sentry/build/CMakeFiles/CMakeTmp/src.c
Linking C executable cmTC_50624
/usr/bin/cmake -E cmake_link_script CMakeFiles/cmTC_50624.dir/link.txt --verbose=1
/usr/bin/cc  -DCMAKE_HAVE_LIBC_PTHREAD    -rdynamic CMakeFiles/cmTC_50624.dir/src.c.o  -o cmTC_50624 
/usr/bin/ld: CMakeFiles/cmTC_50624.dir/src.c.o: in function `main':
src.c:(.text+0x46): undefined reference to `pthread_create'
/usr/bin/ld: src.c:(.text+0x52): undefined reference to `pthread_detach'
/usr/bin/ld: src.c:(.text+0x63): undefined reference to `pthread_join'
collect2: error: ld returned 1 exit status
make[1]: *** [CMakeFiles/cmTC_50624.dir/build.make:87：cmTC_50624] 错误 1
make[1]: 离开目录“/home/rm/catkin_livox_ros_driver2/src/IST_2025_sentry/build/CMakeFiles/CMakeTmp”
make: *** [Makefile:121：cmTC_50624/fast] 错误 2


Source file was:
#include <pthread.h>

void* test_func(void* data)
{
  return data;
}

int main(void)
{
  pthread_t thread;
  pthread_create(&thread, NULL, test_func, NULL);
  pthread_detach(thread);
  pthread_join(thread, NULL);
  pthread_atfork(NULL, NULL, NULL);
  pthread_exit(NULL);

  return 0;
}

Determining if the function pthread_create exists in the pthreads failed with the following output:
Change Dir: /home/rm/catkin_livox_ros_driver2/src/IST_2025_sentry/build/CMakeFiles/CMakeTmp

Run Build Command(s):/usr/bin/make cmTC_ed267/fast && /usr/bin/make -f CMakeFiles/cmTC_ed267.dir/build.make CMakeFiles/cmTC_ed267.dir/build
make[1]: 进入目录“/home/rm/catkin_livox_ros_driver2/src/IST_2025_sentry/build/CMakeFiles/CMakeTmp”
Building C object CMakeFiles/cmTC_ed267.dir/CheckFunctionExists.c.o
/usr/bin/cc   -DCHECK_FUNCTION_EXISTS=pthread_create   -o CMakeFiles/cmTC_ed267.dir/CheckFunctionExists.c.o   -c /usr/share/cmake-3.16/Modules/CheckFunctionExists.c
Linking C executable cmTC_ed267
/usr/bin/cmake -E cmake_link_script CMakeFiles/cmTC_ed267.dir/link.txt --verbose=1
/usr/bin/cc  -DCHECK_FUNCTION_EXISTS=pthread_create    -rdynamic CMakeFiles/cmTC_ed267.dir/CheckFunctionExists.c.o  -o cmTC_ed267  -lpthreads 
/usr/bin/ld: 找不到 -lpthreads
collect2: error: ld returned 1 exit status
make[1]: *** [CMakeFiles/cmTC_ed267.dir/build.make:87：cmTC_ed267] 错误 1
make[1]: 离开目录“/home/rm/catkin_livox_ros_driver2/src/IST_2025_sentry/build/CMakeFiles/CMakeTmp”
make: *** [Makefile:121：cmTC_ed267/fast] 错误 2



Performing C SOURCE FILE Test CMAKE_HAVE_LIBC_PTHREAD failed with the following output:
Change Dir: /home/rm/catkin_livox_ros_driver2/src/IST_2025_sentry/build/CMakeFiles/CMakeTmp

Run Build Command(s):/usr/bin/make cmTC_abed5/fast && /usr/bin/make -f CMakeFiles/cmTC_abed5.dir/build.make CMakeFiles/cmTC_abed5.dir/build
make[1]: 进入目录“/home/rm/catkin_livox_ros_driver2/src/IST_2025_sentry/build/CMakeFiles/CMakeTmp”
Building C object CMakeFiles/cmTC_abed5.dir/src.c.o
/usr/bin/cc   -DCMAKE_HAVE_LIBC_PTHREAD   -o CMakeFiles/cmTC_abed5.dir/src.c.o   -c /home/rm/catkin_livox_ros_driver2/src/IST_2025_sentry/build/CMakeFiles/CMakeTmp/src.c
Linking C executable cmTC_abed5
/usr/bin/cmake -E cmake_link_script CMakeFiles/cmTC_abed5.dir/link.txt --verbose=1
/usr/bin/cc  -DCMAKE_HAVE_LIBC_PTHREAD    -rdynamic CMakeFiles/cmTC_abed5.dir/src.c.o  -o cmTC_abed5 
/usr/bin/ld: CMakeFiles/cmTC_abed5.dir/src.c.o: in function `main':
src.c:(.text+0x46): undefined reference to `pthread_create'
/usr/bin/ld: src.c:(.text+0x52): undefined reference to `pthread_detach'
/usr/bin/ld: src.c:(.text+0x63): undefined reference to `pthread_join'
collect2: error: ld returned 1 exit status
make[1]: *** [CMakeFiles/cmTC_abed5.dir/build.make:87：cmTC_abed5] 错误 1
make[1]: 离开目录“/home/rm/catkin_livox_ros_driver2/src/IST_2025_sentry/build/CMakeFiles/CMakeTmp”
make: *** [Makefile:121：cmTC_abed5/fast] 错误 2


Source file was:
#include <pthread.h>

void* test_func(void* data)
{
  return data;
}

int main(void)
{
  pthread_t thread;
  pthread_create(&thread, NULL, test_func, NULL);
  pthread_detach(thread);
  pthread_join(thread, NULL);
  pthread_atfork(NULL, NULL, NULL);
  pthread_exit(NULL);

  return 0;
}

Determining if the function pthread_create exists in the pthreads failed with the following output:
Change Dir: /home/rm/catkin_livox_ros_driver2/src/IST_2025_sentry/build/CMakeFiles/CMakeTmp

Run Build Command(s):/usr/bin/make cmTC_783b8/fast && /usr/bin/make -f CMakeFiles/cmTC_783b8.dir/build.make CMakeFiles/cmTC_783b8.dir/build
make[1]: 进入目录“/home/rm/catkin_livox_ros_driver2/src/IST_2025_sentry/build/CMakeFiles/CMakeTmp”
Building C object CMakeFiles/cmTC_783b8.dir/CheckFunctionExists.c.o
/usr/bin/cc   -DCHECK_FUNCTION_EXISTS=pthread_create   -o CMakeFiles/cmTC_783b8.dir/CheckFunctionExists.c.o   -c /usr/share/cmake-3.16/Modules/CheckFunctionExists.c
Linking C executable cmTC_783b8
/usr/bin/cmake -E cmake_link_script CMakeFiles/cmTC_783b8.dir/link.txt --verbose=1
/usr/bin/cc  -DCHECK_FUNCTION_EXISTS=pthread_create    -rdynamic CMakeFiles/cmTC_783b8.dir/CheckFunctionExists.c.o  -o cmTC_783b8  -lpthreads 
/usr/bin/ld: 找不到 -lpthreads
collect2: error: ld returned 1 exit status
make[1]: *** [CMakeFiles/cmTC_783b8.dir/build.make:87：cmTC_783b8] 错误 1
make[1]: 离开目录“/home/rm/catkin_livox_ros_driver2/src/IST_2025_sentry/build/CMakeFiles/CMakeTmp”
make: *** [Makefile:121：cmTC_783b8/fast] 错误 2



Performing C SOURCE FILE Test CMAKE_HAVE_LIBC_PTHREAD failed with the following output:
Change Dir: /home/rm/catkin_livox_ros_driver2/src/IST_2025_sentry/build/CMakeFiles/CMakeTmp

Run Build Command(s):/usr/bin/make cmTC_8d72f/fast && /usr/bin/make -f CMakeFiles/cmTC_8d72f.dir/build.make CMakeFiles/cmTC_8d72f.dir/build
make[1]: 进入目录“/home/rm/catkin_livox_ros_driver2/src/IST_2025_sentry/build/CMakeFiles/CMakeTmp”
Building C object CMakeFiles/cmTC_8d72f.dir/src.c.o
/usr/bin/cc   -DCMAKE_HAVE_LIBC_PTHREAD   -o CMakeFiles/cmTC_8d72f.dir/src.c.o   -c /home/rm/catkin_livox_ros_driver2/src/IST_2025_sentry/build/CMakeFiles/CMakeTmp/src.c
Linking C executable cmTC_8d72f
/usr/bin/cmake -E cmake_link_script CMakeFiles/cmTC_8d72f.dir/link.txt --verbose=1
/usr/bin/cc  -DCMAKE_HAVE_LIBC_PTHREAD    -rdynamic CMakeFiles/cmTC_8d72f.dir/src.c.o  -o cmTC_8d72f 
/usr/bin/ld: CMakeFiles/cmTC_8d72f.dir/src.c.o: in function `main':
src.c:(.text+0x46): undefined reference to `pthread_create'
/usr/bin/ld: src.c:(.text+0x52): undefined reference to `pthread_detach'
/usr/bin/ld: src.c:(.text+0x63): undefined reference to `pthread_join'
collect2: error: ld returned 1 exit status
make[1]: *** [CMakeFiles/cmTC_8d72f.dir/build.make:87：cmTC_8d72f] 错误 1
make[1]: 离开目录“/home/rm/catkin_livox_ros_driver2/src/IST_2025_sentry/build/CMakeFiles/CMakeTmp”
make: *** [Makefile:121：cmTC_8d72f/fast] 错误 2


Source file was:
#include <pthread.h>

void* test_func(void* data)
{
  return data;
}

int main(void)
{
  pthread_t thread;
  pthread_create(&thread, NULL, test_func, NULL);
  pthread_detach(thread);
  pthread_join(thread, NULL);
  pthread_atfork(NULL, NULL, NULL);
  pthread_exit(NULL);

  return 0;
}

Determining if the function pthread_create exists in the pthreads failed with the following output:
Change Dir: /home/rm/catkin_livox_ros_driver2/src/IST_2025_sentry/build/CMakeFiles/CMakeTmp

Run Build Command(s):/usr/bin/make cmTC_52a46/fast && /usr/bin/make -f CMakeFiles/cmTC_52a46.dir/build.make CMakeFiles/cmTC_52a46.dir/build
make[1]: 进入目录“/home/rm/catkin_livox_ros_driver2/src/IST_2025_sentry/build/CMakeFiles/CMakeTmp”
Building C object CMakeFiles/cmTC_52a46.dir/CheckFunctionExists.c.o
/usr/bin/cc   -DCHECK_FUNCTION_EXISTS=pthread_create   -o CMakeFiles/cmTC_52a46.dir/CheckFunctionExists.c.o   -c /usr/share/cmake-3.16/Modules/CheckFunctionExists.c
Linking C executable cmTC_52a46
/usr/bin/cmake -E cmake_link_script CMakeFiles/cmTC_52a46.dir/link.txt --verbose=1
/usr/bin/cc  -DCHECK_FUNCTION_EXISTS=pthread_create    -rdynamic CMakeFiles/cmTC_52a46.dir/CheckFunctionExists.c.o  -o cmTC_52a46  -lpthreads 
/usr/bin/ld: 找不到 -lpthreads
collect2: error: ld returned 1 exit status
make[1]: *** [CMakeFiles/cmTC_52a46.dir/build.make:87：cmTC_52a46] 错误 1
make[1]: 离开目录“/home/rm/catkin_livox_ros_driver2/src/IST_2025_sentry/build/CMakeFiles/CMakeTmp”
make: *** [Makefile:121：cmTC_52a46/fast] 错误 2



Performing C SOURCE FILE Test CMAKE_HAVE_LIBC_PTHREAD failed with the following output:
Change Dir: /home/rm/catkin_livox_ros_driver2/src/IST_2025_sentry/build/CMakeFiles/CMakeTmp

Run Build Command(s):/usr/bin/make cmTC_1e40a/fast && /usr/bin/make -f CMakeFiles/cmTC_1e40a.dir/build.make CMakeFiles/cmTC_1e40a.dir/build
make[1]: 进入目录“/home/rm/catkin_livox_ros_driver2/src/IST_2025_sentry/build/CMakeFiles/CMakeTmp”
Building C object CMakeFiles/cmTC_1e40a.dir/src.c.o
/usr/bin/cc   -DCMAKE_HAVE_LIBC_PTHREAD   -o CMakeFiles/cmTC_1e40a.dir/src.c.o   -c /home/rm/catkin_livox_ros_driver2/src/IST_2025_sentry/build/CMakeFiles/CMakeTmp/src.c
Linking C executable cmTC_1e40a
/usr/bin/cmake -E cmake_link_script CMakeFiles/cmTC_1e40a.dir/link.txt --verbose=1
/usr/bin/cc  -DCMAKE_HAVE_LIBC_PTHREAD    -rdynamic CMakeFiles/cmTC_1e40a.dir/src.c.o  -o cmTC_1e40a 
/usr/bin/ld: CMakeFiles/cmTC_1e40a.dir/src.c.o: in function `main':
src.c:(.text+0x46): undefined reference to `pthread_create'
/usr/bin/ld: src.c:(.text+0x52): undefined reference to `pthread_detach'
/usr/bin/ld: src.c:(.text+0x63): undefined reference to `pthread_join'
collect2: error: ld returned 1 exit status
make[1]: *** [CMakeFiles/cmTC_1e40a.dir/build.make:87：cmTC_1e40a] 错误 1
make[1]: 离开目录“/home/rm/catkin_livox_ros_driver2/src/IST_2025_sentry/build/CMakeFiles/CMakeTmp”
make: *** [Makefile:121：cmTC_1e40a/fast] 错误 2


Source file was:
#include <pthread.h>

void* test_func(void* data)
{
  return data;
}

int main(void)
{
  pthread_t thread;
  pthread_create(&thread, NULL, test_func, NULL);
  pthread_detach(thread);
  pthread_join(thread, NULL);
  pthread_atfork(NULL, NULL, NULL);
  pthread_exit(NULL);

  return 0;
}

Determining if the function pthread_create exists in the pthreads failed with the following output:
Change Dir: /home/rm/catkin_livox_ros_driver2/src/IST_2025_sentry/build/CMakeFiles/CMakeTmp

Run Build Command(s):/usr/bin/make cmTC_de0a5/fast && /usr/bin/make -f CMakeFiles/cmTC_de0a5.dir/build.make CMakeFiles/cmTC_de0a5.dir/build
make[1]: 进入目录“/home/rm/catkin_livox_ros_driver2/src/IST_2025_sentry/build/CMakeFiles/CMakeTmp”
Building C object CMakeFiles/cmTC_de0a5.dir/CheckFunctionExists.c.o
/usr/bin/cc   -DCHECK_FUNCTION_EXISTS=pthread_create   -o CMakeFiles/cmTC_de0a5.dir/CheckFunctionExists.c.o   -c /usr/share/cmake-3.16/Modules/CheckFunctionExists.c
Linking C executable cmTC_de0a5
/usr/bin/cmake -E cmake_link_script CMakeFiles/cmTC_de0a5.dir/link.txt --verbose=1
/usr/bin/cc  -DCHECK_FUNCTION_EXISTS=pthread_create    -rdynamic CMakeFiles/cmTC_de0a5.dir/CheckFunctionExists.c.o  -o cmTC_de0a5  -lpthreads 
/usr/bin/ld: 找不到 -lpthreads
collect2: error: ld returned 1 exit status
make[1]: *** [CMakeFiles/cmTC_de0a5.dir/build.make:87：cmTC_de0a5] 错误 1
make[1]: 离开目录“/home/rm/catkin_livox_ros_driver2/src/IST_2025_sentry/build/CMakeFiles/CMakeTmp”
make: *** [Makefile:121：cmTC_de0a5/fast] 错误 2



Performing C SOURCE FILE Test CMAKE_HAVE_LIBC_PTHREAD failed with the following output:
Change Dir: /home/rm/catkin_livox_ros_driver2/src/IST_2025_sentry/build/CMakeFiles/CMakeTmp

Run Build Command(s):/usr/bin/make cmTC_ce9d4/fast && /usr/bin/make -f CMakeFiles/cmTC_ce9d4.dir/build.make CMakeFiles/cmTC_ce9d4.dir/build
make[1]: 进入目录“/home/rm/catkin_livox_ros_driver2/src/IST_2025_sentry/build/CMakeFiles/CMakeTmp”
Building C object CMakeFiles/cmTC_ce9d4.dir/src.c.o
/usr/bin/cc   -DCMAKE_HAVE_LIBC_PTHREAD   -o CMakeFiles/cmTC_ce9d4.dir/src.c.o   -c /home/rm/catkin_livox_ros_driver2/src/IST_2025_sentry/build/CMakeFiles/CMakeTmp/src.c
Linking C executable cmTC_ce9d4
/usr/bin/cmake -E cmake_link_script CMakeFiles/cmTC_ce9d4.dir/link.txt --verbose=1
/usr/bin/cc  -DCMAKE_HAVE_LIBC_PTHREAD    -rdynamic CMakeFiles/cmTC_ce9d4.dir/src.c.o  -o cmTC_ce9d4 
/usr/bin/ld: CMakeFiles/cmTC_ce9d4.dir/src.c.o: in function `main':
src.c:(.text+0x46): undefined reference to `pthread_create'
/usr/bin/ld: src.c:(.text+0x52): undefined reference to `pthread_detach'
/usr/bin/ld: src.c:(.text+0x63): undefined reference to `pthread_join'
collect2: error: ld returned 1 exit status
make[1]: *** [CMakeFiles/cmTC_ce9d4.dir/build.make:87：cmTC_ce9d4] 错误 1
make[1]: 离开目录“/home/rm/catkin_livox_ros_driver2/src/IST_2025_sentry/build/CMakeFiles/CMakeTmp”
make: *** [Makefile:121：cmTC_ce9d4/fast] 错误 2


Source file was:
#include <pthread.h>

void* test_func(void* data)
{
  return data;
}

int main(void)
{
  pthread_t thread;
  pthread_create(&thread, NULL, test_func, NULL);
  pthread_detach(thread);
  pthread_join(thread, NULL);
  pthread_atfork(NULL, NULL, NULL);
  pthread_exit(NULL);

  return 0;
}

Determining if the function pthread_create exists in the pthreads failed with the following output:
Change Dir: /home/rm/catkin_livox_ros_driver2/src/IST_2025_sentry/build/CMakeFiles/CMakeTmp

Run Build Command(s):/usr/bin/make cmTC_79701/fast && /usr/bin/make -f CMakeFiles/cmTC_79701.dir/build.make CMakeFiles/cmTC_79701.dir/build
make[1]: 进入目录“/home/rm/catkin_livox_ros_driver2/src/IST_2025_sentry/build/CMakeFiles/CMakeTmp”
Building C object CMakeFiles/cmTC_79701.dir/CheckFunctionExists.c.o
/usr/bin/cc   -DCHECK_FUNCTION_EXISTS=pthread_create   -o CMakeFiles/cmTC_79701.dir/CheckFunctionExists.c.o   -c /usr/share/cmake-3.16/Modules/CheckFunctionExists.c
Linking C executable cmTC_79701
/usr/bin/cmake -E cmake_link_script CMakeFiles/cmTC_79701.dir/link.txt --verbose=1
/usr/bin/cc  -DCHECK_FUNCTION_EXISTS=pthread_create    -rdynamic CMakeFiles/cmTC_79701.dir/CheckFunctionExists.c.o  -o cmTC_79701  -lpthreads 
/usr/bin/ld: 找不到 -lpthreads
collect2: error: ld returned 1 exit status
make[1]: *** [CMakeFiles/cmTC_79701.dir/build.make:87：cmTC_79701] 错误 1
make[1]: 离开目录“/home/rm/catkin_livox_ros_driver2/src/IST_2025_sentry/build/CMakeFiles/CMakeTmp”
make: *** [Makefile:121：cmTC_79701/fast] 错误 2



Performing C SOURCE FILE Test CMAKE_HAVE_LIBC_PTHREAD failed with the following output:
Change Dir: /home/rm/catkin_livox_ros_driver2/src/IST_2025_sentry/build/CMakeFiles/CMakeTmp

Run Build Command(s):/usr/bin/make cmTC_6fbe7/fast && /usr/bin/make -f CMakeFiles/cmTC_6fbe7.dir/build.make CMakeFiles/cmTC_6fbe7.dir/build
make[1]: 进入目录“/home/rm/catkin_livox_ros_driver2/src/IST_2025_sentry/build/CMakeFiles/CMakeTmp”
Building C object CMakeFiles/cmTC_6fbe7.dir/src.c.o
/usr/bin/cc   -DCMAKE_HAVE_LIBC_PTHREAD   -o CMakeFiles/cmTC_6fbe7.dir/src.c.o   -c /home/rm/catkin_livox_ros_driver2/src/IST_2025_sentry/build/CMakeFiles/CMakeTmp/src.c
Linking C executable cmTC_6fbe7
/usr/bin/cmake -E cmake_link_script CMakeFiles/cmTC_6fbe7.dir/link.txt --verbose=1
/usr/bin/cc  -DCMAKE_HAVE_LIBC_PTHREAD    -rdynamic CMakeFiles/cmTC_6fbe7.dir/src.c.o  -o cmTC_6fbe7 
/usr/bin/ld: CMakeFiles/cmTC_6fbe7.dir/src.c.o: in function `main':
src.c:(.text+0x46): undefined reference to `pthread_create'
/usr/bin/ld: src.c:(.text+0x52): undefined reference to `pthread_detach'
/usr/bin/ld: src.c:(.text+0x63): undefined reference to `pthread_join'
collect2: error: ld returned 1 exit status
make[1]: *** [CMakeFiles/cmTC_6fbe7.dir/build.make:87：cmTC_6fbe7] 错误 1
make[1]: 离开目录“/home/rm/catkin_livox_ros_driver2/src/IST_2025_sentry/build/CMakeFiles/CMakeTmp”
make: *** [Makefile:121：cmTC_6fbe7/fast] 错误 2


Source file was:
#include <pthread.h>

void* test_func(void* data)
{
  return data;
}

int main(void)
{
  pthread_t thread;
  pthread_create(&thread, NULL, test_func, NULL);
  pthread_detach(thread);
  pthread_join(thread, NULL);
  pthread_atfork(NULL, NULL, NULL);
  pthread_exit(NULL);

  return 0;
}

Determining if the function pthread_create exists in the pthreads failed with the following output:
Change Dir: /home/rm/catkin_livox_ros_driver2/src/IST_2025_sentry/build/CMakeFiles/CMakeTmp

Run Build Command(s):/usr/bin/make cmTC_58655/fast && /usr/bin/make -f CMakeFiles/cmTC_58655.dir/build.make CMakeFiles/cmTC_58655.dir/build
make[1]: 进入目录“/home/rm/catkin_livox_ros_driver2/src/IST_2025_sentry/build/CMakeFiles/CMakeTmp”
Building C object CMakeFiles/cmTC_58655.dir/CheckFunctionExists.c.o
/usr/bin/cc   -DCHECK_FUNCTION_EXISTS=pthread_create   -o CMakeFiles/cmTC_58655.dir/CheckFunctionExists.c.o   -c /usr/share/cmake-3.16/Modules/CheckFunctionExists.c
Linking C executable cmTC_58655
/usr/bin/cmake -E cmake_link_script CMakeFiles/cmTC_58655.dir/link.txt --verbose=1
/usr/bin/cc  -DCHECK_FUNCTION_EXISTS=pthread_create    -rdynamic CMakeFiles/cmTC_58655.dir/CheckFunctionExists.c.o  -o cmTC_58655  -lpthreads 
/usr/bin/ld: 找不到 -lpthreads
collect2: error: ld returned 1 exit status
make[1]: *** [CMakeFiles/cmTC_58655.dir/build.make:87：cmTC_58655] 错误 1
make[1]: 离开目录“/home/rm/catkin_livox_ros_driver2/src/IST_2025_sentry/build/CMakeFiles/CMakeTmp”
make: *** [Makefile:121：cmTC_58655/fast] 错误 2



Performing C SOURCE FILE Test CMAKE_HAVE_LIBC_PTHREAD failed with the following output:
Change Dir: /home/rm/catkin_livox_ros_driver2/src/IST_2025_sentry/build/CMakeFiles/CMakeTmp

Run Build Command(s):/usr/bin/make cmTC_a8eb4/fast && /usr/bin/make -f CMakeFiles/cmTC_a8eb4.dir/build.make CMakeFiles/cmTC_a8eb4.dir/build
make[1]: 进入目录“/home/rm/catkin_livox_ros_driver2/src/IST_2025_sentry/build/CMakeFiles/CMakeTmp”
Building C object CMakeFiles/cmTC_a8eb4.dir/src.c.o
/usr/bin/cc   -DCMAKE_HAVE_LIBC_PTHREAD   -o CMakeFiles/cmTC_a8eb4.dir/src.c.o   -c /home/rm/catkin_livox_ros_driver2/src/IST_2025_sentry/build/CMakeFiles/CMakeTmp/src.c
Linking C executable cmTC_a8eb4
/usr/bin/cmake -E cmake_link_script CMakeFiles/cmTC_a8eb4.dir/link.txt --verbose=1
/usr/bin/cc  -DCMAKE_HAVE_LIBC_PTHREAD    -rdynamic CMakeFiles/cmTC_a8eb4.dir/src.c.o  -o cmTC_a8eb4 
/usr/bin/ld: CMakeFiles/cmTC_a8eb4.dir/src.c.o: in function `main':
src.c:(.text+0x46): undefined reference to `pthread_create'
/usr/bin/ld: src.c:(.text+0x52): undefined reference to `pthread_detach'
/usr/bin/ld: src.c:(.text+0x63): undefined reference to `pthread_join'
collect2: error: ld returned 1 exit status
make[1]: *** [CMakeFiles/cmTC_a8eb4.dir/build.make:87：cmTC_a8eb4] 错误 1
make[1]: 离开目录“/home/rm/catkin_livox_ros_driver2/src/IST_2025_sentry/build/CMakeFiles/CMakeTmp”
make: *** [Makefile:121：cmTC_a8eb4/fast] 错误 2


Source file was:
#include <pthread.h>

void* test_func(void* data)
{
  return data;
}

int main(void)
{
  pthread_t thread;
  pthread_create(&thread, NULL, test_func, NULL);
  pthread_detach(thread);
  pthread_join(thread, NULL);
  pthread_atfork(NULL, NULL, NULL);
  pthread_exit(NULL);

  return 0;
}

Determining if the function pthread_create exists in the pthreads failed with the following output:
Change Dir: /home/rm/catkin_livox_ros_driver2/src/IST_2025_sentry/build/CMakeFiles/CMakeTmp

Run Build Command(s):/usr/bin/make cmTC_d3739/fast && /usr/bin/make -f CMakeFiles/cmTC_d3739.dir/build.make CMakeFiles/cmTC_d3739.dir/build
make[1]: 进入目录“/home/rm/catkin_livox_ros_driver2/src/IST_2025_sentry/build/CMakeFiles/CMakeTmp”
Building C object CMakeFiles/cmTC_d3739.dir/CheckFunctionExists.c.o
/usr/bin/cc   -DCHECK_FUNCTION_EXISTS=pthread_create   -o CMakeFiles/cmTC_d3739.dir/CheckFunctionExists.c.o   -c /usr/share/cmake-3.16/Modules/CheckFunctionExists.c
Linking C executable cmTC_d3739
/usr/bin/cmake -E cmake_link_script CMakeFiles/cmTC_d3739.dir/link.txt --verbose=1
/usr/bin/cc  -DCHECK_FUNCTION_EXISTS=pthread_create    -rdynamic CMakeFiles/cmTC_d3739.dir/CheckFunctionExists.c.o  -o cmTC_d3739  -lpthreads 
/usr/bin/ld: 找不到 -lpthreads
collect2: error: ld returned 1 exit status
make[1]: *** [CMakeFiles/cmTC_d3739.dir/build.make:87：cmTC_d3739] 错误 1
make[1]: 离开目录“/home/rm/catkin_livox_ros_driver2/src/IST_2025_sentry/build/CMakeFiles/CMakeTmp”
make: *** [Makefile:121：cmTC_d3739/fast] 错误 2



Performing C SOURCE FILE Test CMAKE_HAVE_LIBC_PTHREAD failed with the following output:
Change Dir: /home/rm/catkin_livox_ros_driver2/src/IST_2025_sentry/build/CMakeFiles/CMakeTmp

Run Build Command(s):/usr/bin/make cmTC_66173/fast && /usr/bin/make -f CMakeFiles/cmTC_66173.dir/build.make CMakeFiles/cmTC_66173.dir/build
make[1]: 进入目录“/home/rm/catkin_livox_ros_driver2/src/IST_2025_sentry/build/CMakeFiles/CMakeTmp”
Building C object CMakeFiles/cmTC_66173.dir/src.c.o
/usr/bin/cc   -DCMAKE_HAVE_LIBC_PTHREAD   -o CMakeFiles/cmTC_66173.dir/src.c.o   -c /home/rm/catkin_livox_ros_driver2/src/IST_2025_sentry/build/CMakeFiles/CMakeTmp/src.c
Linking C executable cmTC_66173
/usr/bin/cmake -E cmake_link_script CMakeFiles/cmTC_66173.dir/link.txt --verbose=1
/usr/bin/cc  -DCMAKE_HAVE_LIBC_PTHREAD    -rdynamic CMakeFiles/cmTC_66173.dir/src.c.o  -o cmTC_66173 
/usr/bin/ld: CMakeFiles/cmTC_66173.dir/src.c.o: in function `main':
src.c:(.text+0x46): undefined reference to `pthread_create'
/usr/bin/ld: src.c:(.text+0x52): undefined reference to `pthread_detach'
/usr/bin/ld: src.c:(.text+0x63): undefined reference to `pthread_join'
collect2: error: ld returned 1 exit status
make[1]: *** [CMakeFiles/cmTC_66173.dir/build.make:87：cmTC_66173] 错误 1
make[1]: 离开目录“/home/rm/catkin_livox_ros_driver2/src/IST_2025_sentry/build/CMakeFiles/CMakeTmp”
make: *** [Makefile:121：cmTC_66173/fast] 错误 2


Source file was:
#include <pthread.h>

void* test_func(void* data)
{
  return data;
}

int main(void)
{
  pthread_t thread;
  pthread_create(&thread, NULL, test_func, NULL);
  pthread_detach(thread);
  pthread_join(thread, NULL);
  pthread_atfork(NULL, NULL, NULL);
  pthread_exit(NULL);

  return 0;
}

Determining if the function pthread_create exists in the pthreads failed with the following output:
Change Dir: /home/rm/catkin_livox_ros_driver2/src/IST_2025_sentry/build/CMakeFiles/CMakeTmp

Run Build Command(s):/usr/bin/make cmTC_d02be/fast && /usr/bin/make -f CMakeFiles/cmTC_d02be.dir/build.make CMakeFiles/cmTC_d02be.dir/build
make[1]: 进入目录“/home/rm/catkin_livox_ros_driver2/src/IST_2025_sentry/build/CMakeFiles/CMakeTmp”
Building C object CMakeFiles/cmTC_d02be.dir/CheckFunctionExists.c.o
/usr/bin/cc   -DCHECK_FUNCTION_EXISTS=pthread_create   -o CMakeFiles/cmTC_d02be.dir/CheckFunctionExists.c.o   -c /usr/share/cmake-3.16/Modules/CheckFunctionExists.c
Linking C executable cmTC_d02be
/usr/bin/cmake -E cmake_link_script CMakeFiles/cmTC_d02be.dir/link.txt --verbose=1
/usr/bin/cc  -DCHECK_FUNCTION_EXISTS=pthread_create    -rdynamic CMakeFiles/cmTC_d02be.dir/CheckFunctionExists.c.o  -o cmTC_d02be  -lpthreads 
/usr/bin/ld: 找不到 -lpthreads
collect2: error: ld returned 1 exit status
make[1]: *** [CMakeFiles/cmTC_d02be.dir/build.make:87：cmTC_d02be] 错误 1
make[1]: 离开目录“/home/rm/catkin_livox_ros_driver2/src/IST_2025_sentry/build/CMakeFiles/CMakeTmp”
make: *** [Makefile:121：cmTC_d02be/fast] 错误 2



Performing C SOURCE FILE Test CMAKE_HAVE_LIBC_PTHREAD failed with the following output:
Change Dir: /home/rm/catkin_livox_ros_driver2/src/IST_2025_sentry/build/CMakeFiles/CMakeTmp

Run Build Command(s):/usr/bin/make cmTC_405fd/fast && /usr/bin/make -f CMakeFiles/cmTC_405fd.dir/build.make CMakeFiles/cmTC_405fd.dir/build
make[1]: 进入目录“/home/rm/catkin_livox_ros_driver2/src/IST_2025_sentry/build/CMakeFiles/CMakeTmp”
Building C object CMakeFiles/cmTC_405fd.dir/src.c.o
/usr/bin/cc   -DCMAKE_HAVE_LIBC_PTHREAD   -o CMakeFiles/cmTC_405fd.dir/src.c.o   -c /home/rm/catkin_livox_ros_driver2/src/IST_2025_sentry/build/CMakeFiles/CMakeTmp/src.c
Linking C executable cmTC_405fd
/usr/bin/cmake -E cmake_link_script CMakeFiles/cmTC_405fd.dir/link.txt --verbose=1
/usr/bin/cc  -DCMAKE_HAVE_LIBC_PTHREAD    -rdynamic CMakeFiles/cmTC_405fd.dir/src.c.o  -o cmTC_405fd 
/usr/bin/ld: CMakeFiles/cmTC_405fd.dir/src.c.o: in function `main':
src.c:(.text+0x46): undefined reference to `pthread_create'
/usr/bin/ld: src.c:(.text+0x52): undefined reference to `pthread_detach'
/usr/bin/ld: src.c:(.text+0x63): undefined reference to `pthread_join'
collect2: error: ld returned 1 exit status
make[1]: *** [CMakeFiles/cmTC_405fd.dir/build.make:87：cmTC_405fd] 错误 1
make[1]: 离开目录“/home/rm/catkin_livox_ros_driver2/src/IST_2025_sentry/build/CMakeFiles/CMakeTmp”
make: *** [Makefile:121：cmTC_405fd/fast] 错误 2


Source file was:
#include <pthread.h>

void* test_func(void* data)
{
  return data;
}

int main(void)
{
  pthread_t thread;
  pthread_create(&thread, NULL, test_func, NULL);
  pthread_detach(thread);
  pthread_join(thread, NULL);
  pthread_atfork(NULL, NULL, NULL);
  pthread_exit(NULL);

  return 0;
}

Determining if the function pthread_create exists in the pthreads failed with the following output:
Change Dir: /home/rm/catkin_livox_ros_driver2/src/IST_2025_sentry/build/CMakeFiles/CMakeTmp

Run Build Command(s):/usr/bin/make cmTC_79f2b/fast && /usr/bin/make -f CMakeFiles/cmTC_79f2b.dir/build.make CMakeFiles/cmTC_79f2b.dir/build
make[1]: 进入目录“/home/rm/catkin_livox_ros_driver2/src/IST_2025_sentry/build/CMakeFiles/CMakeTmp”
Building C object CMakeFiles/cmTC_79f2b.dir/CheckFunctionExists.c.o
/usr/bin/cc   -DCHECK_FUNCTION_EXISTS=pthread_create   -o CMakeFiles/cmTC_79f2b.dir/CheckFunctionExists.c.o   -c /usr/share/cmake-3.16/Modules/CheckFunctionExists.c
Linking C executable cmTC_79f2b
/usr/bin/cmake -E cmake_link_script CMakeFiles/cmTC_79f2b.dir/link.txt --verbose=1
/usr/bin/cc  -DCHECK_FUNCTION_EXISTS=pthread_create    -rdynamic CMakeFiles/cmTC_79f2b.dir/CheckFunctionExists.c.o  -o cmTC_79f2b  -lpthreads 
/usr/bin/ld: 找不到 -lpthreads
collect2: error: ld returned 1 exit status
make[1]: *** [CMakeFiles/cmTC_79f2b.dir/build.make:87：cmTC_79f2b] 错误 1
make[1]: 离开目录“/home/rm/catkin_livox_ros_driver2/src/IST_2025_sentry/build/CMakeFiles/CMakeTmp”
make: *** [Makefile:121：cmTC_79f2b/fast] 错误 2



Performing C SOURCE FILE Test CMAKE_HAVE_LIBC_PTHREAD failed with the following output:
Change Dir: /home/rm/catkin_livox_ros_driver2/src/IST_2025_sentry/build/CMakeFiles/CMakeTmp

Run Build Command(s):/usr/bin/make cmTC_6f081/fast && /usr/bin/make -f CMakeFiles/cmTC_6f081.dir/build.make CMakeFiles/cmTC_6f081.dir/build
make[1]: 进入目录“/home/rm/catkin_livox_ros_driver2/src/IST_2025_sentry/build/CMakeFiles/CMakeTmp”
Building C object CMakeFiles/cmTC_6f081.dir/src.c.o
/usr/bin/cc   -DCMAKE_HAVE_LIBC_PTHREAD   -o CMakeFiles/cmTC_6f081.dir/src.c.o   -c /home/rm/catkin_livox_ros_driver2/src/IST_2025_sentry/build/CMakeFiles/CMakeTmp/src.c
Linking C executable cmTC_6f081
/usr/bin/cmake -E cmake_link_script CMakeFiles/cmTC_6f081.dir/link.txt --verbose=1
/usr/bin/cc  -DCMAKE_HAVE_LIBC_PTHREAD    -rdynamic CMakeFiles/cmTC_6f081.dir/src.c.o  -o cmTC_6f081 
/usr/bin/ld: CMakeFiles/cmTC_6f081.dir/src.c.o: in function `main':
src.c:(.text+0x46): undefined reference to `pthread_create'
/usr/bin/ld: src.c:(.text+0x52): undefined reference to `pthread_detach'
/usr/bin/ld: src.c:(.text+0x63): undefined reference to `pthread_join'
collect2: error: ld returned 1 exit status
make[1]: *** [CMakeFiles/cmTC_6f081.dir/build.make:87：cmTC_6f081] 错误 1
make[1]: 离开目录“/home/rm/catkin_livox_ros_driver2/src/IST_2025_sentry/build/CMakeFiles/CMakeTmp”
make: *** [Makefile:121：cmTC_6f081/fast] 错误 2


Source file was:
#include <pthread.h>

void* test_func(void* data)
{
  return data;
}

int main(void)
{
  pthread_t thread;
  pthread_create(&thread, NULL, test_func, NULL);
  pthread_detach(thread);
  pthread_join(thread, NULL);
  pthread_atfork(NULL, NULL, NULL);
  pthread_exit(NULL);

  return 0;
}

Determining if the function pthread_create exists in the pthreads failed with the following output:
Change Dir: /home/rm/catkin_livox_ros_driver2/src/IST_2025_sentry/build/CMakeFiles/CMakeTmp

Run Build Command(s):/usr/bin/make cmTC_a1a80/fast && /usr/bin/make -f CMakeFiles/cmTC_a1a80.dir/build.make CMakeFiles/cmTC_a1a80.dir/build
make[1]: 进入目录“/home/rm/catkin_livox_ros_driver2/src/IST_2025_sentry/build/CMakeFiles/CMakeTmp”
Building C object CMakeFiles/cmTC_a1a80.dir/CheckFunctionExists.c.o
/usr/bin/cc   -DCHECK_FUNCTION_EXISTS=pthread_create   -o CMakeFiles/cmTC_a1a80.dir/CheckFunctionExists.c.o   -c /usr/share/cmake-3.16/Modules/CheckFunctionExists.c
Linking C executable cmTC_a1a80
/usr/bin/cmake -E cmake_link_script CMakeFiles/cmTC_a1a80.dir/link.txt --verbose=1
/usr/bin/cc  -DCHECK_FUNCTION_EXISTS=pthread_create    -rdynamic CMakeFiles/cmTC_a1a80.dir/CheckFunctionExists.c.o  -o cmTC_a1a80  -lpthreads 
/usr/bin/ld: 找不到 -lpthreads
collect2: error: ld returned 1 exit status
make[1]: *** [CMakeFiles/cmTC_a1a80.dir/build.make:87：cmTC_a1a80] 错误 1
make[1]: 离开目录“/home/rm/catkin_livox_ros_driver2/src/IST_2025_sentry/build/CMakeFiles/CMakeTmp”
make: *** [Makefile:121：cmTC_a1a80/fast] 错误 2



Performing C SOURCE FILE Test CMAKE_HAVE_LIBC_PTHREAD failed with the following output:
Change Dir: /home/rm/catkin_livox_ros_driver2/src/IST_2025_sentry/build/CMakeFiles/CMakeTmp

Run Build Command(s):/usr/bin/make cmTC_b5438/fast && /usr/bin/make -f CMakeFiles/cmTC_b5438.dir/build.make CMakeFiles/cmTC_b5438.dir/build
make[1]: 进入目录“/home/rm/catkin_livox_ros_driver2/src/IST_2025_sentry/build/CMakeFiles/CMakeTmp”
Building C object CMakeFiles/cmTC_b5438.dir/src.c.o
/usr/bin/cc   -DCMAKE_HAVE_LIBC_PTHREAD   -o CMakeFiles/cmTC_b5438.dir/src.c.o   -c /home/rm/catkin_livox_ros_driver2/src/IST_2025_sentry/build/CMakeFiles/CMakeTmp/src.c
Linking C executable cmTC_b5438
/usr/bin/cmake -E cmake_link_script CMakeFiles/cmTC_b5438.dir/link.txt --verbose=1
/usr/bin/cc  -DCMAKE_HAVE_LIBC_PTHREAD    -rdynamic CMakeFiles/cmTC_b5438.dir/src.c.o  -o cmTC_b5438 
/usr/bin/ld: CMakeFiles/cmTC_b5438.dir/src.c.o: in function `main':
src.c:(.text+0x46): undefined reference to `pthread_create'
/usr/bin/ld: src.c:(.text+0x52): undefined reference to `pthread_detach'
/usr/bin/ld: src.c:(.text+0x63): undefined reference to `pthread_join'
collect2: error: ld returned 1 exit status
make[1]: *** [CMakeFiles/cmTC_b5438.dir/build.make:87：cmTC_b5438] 错误 1
make[1]: 离开目录“/home/rm/catkin_livox_ros_driver2/src/IST_2025_sentry/build/CMakeFiles/CMakeTmp”
make: *** [Makefile:121：cmTC_b5438/fast] 错误 2


Source file was:
#include <pthread.h>

void* test_func(void* data)
{
  return data;
}

int main(void)
{
  pthread_t thread;
  pthread_create(&thread, NULL, test_func, NULL);
  pthread_detach(thread);
  pthread_join(thread, NULL);
  pthread_atfork(NULL, NULL, NULL);
  pthread_exit(NULL);

  return 0;
}

Determining if the function pthread_create exists in the pthreads failed with the following output:
Change Dir: /home/rm/catkin_livox_ros_driver2/src/IST_2025_sentry/build/CMakeFiles/CMakeTmp

Run Build Command(s):/usr/bin/make cmTC_bbd53/fast && /usr/bin/make -f CMakeFiles/cmTC_bbd53.dir/build.make CMakeFiles/cmTC_bbd53.dir/build
make[1]: 进入目录“/home/rm/catkin_livox_ros_driver2/src/IST_2025_sentry/build/CMakeFiles/CMakeTmp”
Building C object CMakeFiles/cmTC_bbd53.dir/CheckFunctionExists.c.o
/usr/bin/cc   -DCHECK_FUNCTION_EXISTS=pthread_create   -o CMakeFiles/cmTC_bbd53.dir/CheckFunctionExists.c.o   -c /usr/share/cmake-3.16/Modules/CheckFunctionExists.c
Linking C executable cmTC_bbd53
/usr/bin/cmake -E cmake_link_script CMakeFiles/cmTC_bbd53.dir/link.txt --verbose=1
/usr/bin/cc  -DCHECK_FUNCTION_EXISTS=pthread_create    -rdynamic CMakeFiles/cmTC_bbd53.dir/CheckFunctionExists.c.o  -o cmTC_bbd53  -lpthreads 
/usr/bin/ld: 找不到 -lpthreads
collect2: error: ld returned 1 exit status
make[1]: *** [CMakeFiles/cmTC_bbd53.dir/build.make:87：cmTC_bbd53] 错误 1
make[1]: 离开目录“/home/rm/catkin_livox_ros_driver2/src/IST_2025_sentry/build/CMakeFiles/CMakeTmp”
make: *** [Makefile:121：cmTC_bbd53/fast] 错误 2



Performing C SOURCE FILE Test CMAKE_HAVE_LIBC_PTHREAD failed with the following output:
Change Dir: /home/rm/catkin_livox_ros_driver2/src/IST_2025_sentry/build/CMakeFiles/CMakeTmp

Run Build Command(s):/usr/bin/make cmTC_8d644/fast && /usr/bin/make -f CMakeFiles/cmTC_8d644.dir/build.make CMakeFiles/cmTC_8d644.dir/build
make[1]: 进入目录“/home/rm/catkin_livox_ros_driver2/src/IST_2025_sentry/build/CMakeFiles/CMakeTmp”
Building C object CMakeFiles/cmTC_8d644.dir/src.c.o
/usr/bin/cc   -DCMAKE_HAVE_LIBC_PTHREAD   -o CMakeFiles/cmTC_8d644.dir/src.c.o   -c /home/rm/catkin_livox_ros_driver2/src/IST_2025_sentry/build/CMakeFiles/CMakeTmp/src.c
Linking C executable cmTC_8d644
/usr/bin/cmake -E cmake_link_script CMakeFiles/cmTC_8d644.dir/link.txt --verbose=1
/usr/bin/cc  -DCMAKE_HAVE_LIBC_PTHREAD    -rdynamic CMakeFiles/cmTC_8d644.dir/src.c.o  -o cmTC_8d644 
/usr/bin/ld: CMakeFiles/cmTC_8d644.dir/src.c.o: in function `main':
src.c:(.text+0x46): undefined reference to `pthread_create'
/usr/bin/ld: src.c:(.text+0x52): undefined reference to `pthread_detach'
/usr/bin/ld: src.c:(.text+0x63): undefined reference to `pthread_join'
collect2: error: ld returned 1 exit status
make[1]: *** [CMakeFiles/cmTC_8d644.dir/build.make:87：cmTC_8d644] 错误 1
make[1]: 离开目录“/home/rm/catkin_livox_ros_driver2/src/IST_2025_sentry/build/CMakeFiles/CMakeTmp”
make: *** [Makefile:121：cmTC_8d644/fast] 错误 2


Source file was:
#include <pthread.h>

void* test_func(void* data)
{
  return data;
}

int main(void)
{
  pthread_t thread;
  pthread_create(&thread, NULL, test_func, NULL);
  pthread_detach(thread);
  pthread_join(thread, NULL);
  pthread_atfork(NULL, NULL, NULL);
  pthread_exit(NULL);

  return 0;
}

Determining if the function pthread_create exists in the pthreads failed with the following output:
Change Dir: /home/rm/catkin_livox_ros_driver2/src/IST_2025_sentry/build/CMakeFiles/CMakeTmp

Run Build Command(s):/usr/bin/make cmTC_8e53b/fast && /usr/bin/make -f CMakeFiles/cmTC_8e53b.dir/build.make CMakeFiles/cmTC_8e53b.dir/build
make[1]: 进入目录“/home/rm/catkin_livox_ros_driver2/src/IST_2025_sentry/build/CMakeFiles/CMakeTmp”
Building C object CMakeFiles/cmTC_8e53b.dir/CheckFunctionExists.c.o
/usr/bin/cc   -DCHECK_FUNCTION_EXISTS=pthread_create   -o CMakeFiles/cmTC_8e53b.dir/CheckFunctionExists.c.o   -c /usr/share/cmake-3.16/Modules/CheckFunctionExists.c
Linking C executable cmTC_8e53b
/usr/bin/cmake -E cmake_link_script CMakeFiles/cmTC_8e53b.dir/link.txt --verbose=1
/usr/bin/cc  -DCHECK_FUNCTION_EXISTS=pthread_create    -rdynamic CMakeFiles/cmTC_8e53b.dir/CheckFunctionExists.c.o  -o cmTC_8e53b  -lpthreads 
/usr/bin/ld: 找不到 -lpthreads
collect2: error: ld returned 1 exit status
make[1]: *** [CMakeFiles/cmTC_8e53b.dir/build.make:87：cmTC_8e53b] 错误 1
make[1]: 离开目录“/home/rm/catkin_livox_ros_driver2/src/IST_2025_sentry/build/CMakeFiles/CMakeTmp”
make: *** [Makefile:121：cmTC_8e53b/fast] 错误 2



Performing C SOURCE FILE Test CMAKE_HAVE_LIBC_PTHREAD failed with the following output:
Change Dir: /home/rm/catkin_livox_ros_driver2/src/IST_2025_sentry/build/CMakeFiles/CMakeTmp

Run Build Command(s):/usr/bin/make cmTC_ce289/fast && /usr/bin/make -f CMakeFiles/cmTC_ce289.dir/build.make CMakeFiles/cmTC_ce289.dir/build
make[1]: 进入目录“/home/rm/catkin_livox_ros_driver2/src/IST_2025_sentry/build/CMakeFiles/CMakeTmp”
Building C object CMakeFiles/cmTC_ce289.dir/src.c.o
/usr/bin/cc   -DCMAKE_HAVE_LIBC_PTHREAD   -o CMakeFiles/cmTC_ce289.dir/src.c.o   -c /home/rm/catkin_livox_ros_driver2/src/IST_2025_sentry/build/CMakeFiles/CMakeTmp/src.c
Linking C executable cmTC_ce289
/usr/bin/cmake -E cmake_link_script CMakeFiles/cmTC_ce289.dir/link.txt --verbose=1
/usr/bin/cc  -DCMAKE_HAVE_LIBC_PTHREAD    -rdynamic CMakeFiles/cmTC_ce289.dir/src.c.o  -o cmTC_ce289 
/usr/bin/ld: CMakeFiles/cmTC_ce289.dir/src.c.o: in function `main':
src.c:(.text+0x46): undefined reference to `pthread_create'
/usr/bin/ld: src.c:(.text+0x52): undefined reference to `pthread_detach'
/usr/bin/ld: src.c:(.text+0x63): undefined reference to `pthread_join'
collect2: error: ld returned 1 exit status
make[1]: *** [CMakeFiles/cmTC_ce289.dir/build.make:87：cmTC_ce289] 错误 1
make[1]: 离开目录“/home/rm/catkin_livox_ros_driver2/src/IST_2025_sentry/build/CMakeFiles/CMakeTmp”
make: *** [Makefile:121：cmTC_ce289/fast] 错误 2


Source file was:
#include <pthread.h>

void* test_func(void* data)
{
  return data;
}

int main(void)
{
  pthread_t thread;
  pthread_create(&thread, NULL, test_func, NULL);
  pthread_detach(thread);
  pthread_join(thread, NULL);
  pthread_atfork(NULL, NULL, NULL);
  pthread_exit(NULL);

  return 0;
}

Determining if the function pthread_create exists in the pthreads failed with the following output:
Change Dir: /home/rm/catkin_livox_ros_driver2/src/IST_2025_sentry/build/CMakeFiles/CMakeTmp

Run Build Command(s):/usr/bin/make cmTC_4561c/fast && /usr/bin/make -f CMakeFiles/cmTC_4561c.dir/build.make CMakeFiles/cmTC_4561c.dir/build
make[1]: 进入目录“/home/rm/catkin_livox_ros_driver2/src/IST_2025_sentry/build/CMakeFiles/CMakeTmp”
Building C object CMakeFiles/cmTC_4561c.dir/CheckFunctionExists.c.o
/usr/bin/cc   -DCHECK_FUNCTION_EXISTS=pthread_create   -o CMakeFiles/cmTC_4561c.dir/CheckFunctionExists.c.o   -c /usr/share/cmake-3.16/Modules/CheckFunctionExists.c
Linking C executable cmTC_4561c
/usr/bin/cmake -E cmake_link_script CMakeFiles/cmTC_4561c.dir/link.txt --verbose=1
/usr/bin/cc  -DCHECK_FUNCTION_EXISTS=pthread_create    -rdynamic CMakeFiles/cmTC_4561c.dir/CheckFunctionExists.c.o  -o cmTC_4561c  -lpthreads 
/usr/bin/ld: 找不到 -lpthreads
collect2: error: ld returned 1 exit status
make[1]: *** [CMakeFiles/cmTC_4561c.dir/build.make:87：cmTC_4561c] 错误 1
make[1]: 离开目录“/home/rm/catkin_livox_ros_driver2/src/IST_2025_sentry/build/CMakeFiles/CMakeTmp”
make: *** [Makefile:121：cmTC_4561c/fast] 错误 2



Performing C SOURCE FILE Test CMAKE_HAVE_LIBC_PTHREAD failed with the following output:
Change Dir: /home/rm/catkin_livox_ros_driver2/src/IST_2025_sentry/build/CMakeFiles/CMakeTmp

Run Build Command(s):/usr/bin/make cmTC_c15ab/fast && /usr/bin/make -f CMakeFiles/cmTC_c15ab.dir/build.make CMakeFiles/cmTC_c15ab.dir/build
make[1]: 进入目录“/home/rm/catkin_livox_ros_driver2/src/IST_2025_sentry/build/CMakeFiles/CMakeTmp”
Building C object CMakeFiles/cmTC_c15ab.dir/src.c.o
/usr/bin/cc   -DCMAKE_HAVE_LIBC_PTHREAD   -o CMakeFiles/cmTC_c15ab.dir/src.c.o   -c /home/rm/catkin_livox_ros_driver2/src/IST_2025_sentry/build/CMakeFiles/CMakeTmp/src.c
Linking C executable cmTC_c15ab
/usr/bin/cmake -E cmake_link_script CMakeFiles/cmTC_c15ab.dir/link.txt --verbose=1
/usr/bin/cc  -DCMAKE_HAVE_LIBC_PTHREAD    -rdynamic CMakeFiles/cmTC_c15ab.dir/src.c.o  -o cmTC_c15ab 
/usr/bin/ld: CMakeFiles/cmTC_c15ab.dir/src.c.o: in function `main':
src.c:(.text+0x46): undefined reference to `pthread_create'
/usr/bin/ld: src.c:(.text+0x52): undefined reference to `pthread_detach'
/usr/bin/ld: src.c:(.text+0x63): undefined reference to `pthread_join'
collect2: error: ld returned 1 exit status
make[1]: *** [CMakeFiles/cmTC_c15ab.dir/build.make:87：cmTC_c15ab] 错误 1
make[1]: 离开目录“/home/rm/catkin_livox_ros_driver2/src/IST_2025_sentry/build/CMakeFiles/CMakeTmp”
make: *** [Makefile:121：cmTC_c15ab/fast] 错误 2


Source file was:
#include <pthread.h>

void* test_func(void* data)
{
  return data;
}

int main(void)
{
  pthread_t thread;
  pthread_create(&thread, NULL, test_func, NULL);
  pthread_detach(thread);
  pthread_join(thread, NULL);
  pthread_atfork(NULL, NULL, NULL);
  pthread_exit(NULL);

  return 0;
}

Determining if the function pthread_create exists in the pthreads failed with the following output:
Change Dir: /home/rm/catkin_livox_ros_driver2/src/IST_2025_sentry/build/CMakeFiles/CMakeTmp

Run Build Command(s):/usr/bin/make cmTC_d09fc/fast && /usr/bin/make -f CMakeFiles/cmTC_d09fc.dir/build.make CMakeFiles/cmTC_d09fc.dir/build
make[1]: 进入目录“/home/rm/catkin_livox_ros_driver2/src/IST_2025_sentry/build/CMakeFiles/CMakeTmp”
Building C object CMakeFiles/cmTC_d09fc.dir/CheckFunctionExists.c.o
/usr/bin/cc   -DCHECK_FUNCTION_EXISTS=pthread_create   -o CMakeFiles/cmTC_d09fc.dir/CheckFunctionExists.c.o   -c /usr/share/cmake-3.16/Modules/CheckFunctionExists.c
Linking C executable cmTC_d09fc
/usr/bin/cmake -E cmake_link_script CMakeFiles/cmTC_d09fc.dir/link.txt --verbose=1
/usr/bin/cc  -DCHECK_FUNCTION_EXISTS=pthread_create    -rdynamic CMakeFiles/cmTC_d09fc.dir/CheckFunctionExists.c.o  -o cmTC_d09fc  -lpthreads 
/usr/bin/ld: 找不到 -lpthreads
collect2: error: ld returned 1 exit status
make[1]: *** [CMakeFiles/cmTC_d09fc.dir/build.make:87：cmTC_d09fc] 错误 1
make[1]: 离开目录“/home/rm/catkin_livox_ros_driver2/src/IST_2025_sentry/build/CMakeFiles/CMakeTmp”
make: *** [Makefile:121：cmTC_d09fc/fast] 错误 2



Performing C SOURCE FILE Test CMAKE_HAVE_LIBC_PTHREAD failed with the following output:
Change Dir: /home/rm/catkin_livox_ros_driver2/src/IST_2025_sentry/build/CMakeFiles/CMakeTmp

Run Build Command(s):/usr/bin/make cmTC_c66ec/fast && /usr/bin/make -f CMakeFiles/cmTC_c66ec.dir/build.make CMakeFiles/cmTC_c66ec.dir/build
make[1]: 进入目录“/home/rm/catkin_livox_ros_driver2/src/IST_2025_sentry/build/CMakeFiles/CMakeTmp”
Building C object CMakeFiles/cmTC_c66ec.dir/src.c.o
/usr/bin/cc   -DCMAKE_HAVE_LIBC_PTHREAD   -o CMakeFiles/cmTC_c66ec.dir/src.c.o   -c /home/rm/catkin_livox_ros_driver2/src/IST_2025_sentry/build/CMakeFiles/CMakeTmp/src.c
Linking C executable cmTC_c66ec
/usr/bin/cmake -E cmake_link_script CMakeFiles/cmTC_c66ec.dir/link.txt --verbose=1
/usr/bin/cc  -DCMAKE_HAVE_LIBC_PTHREAD    -rdynamic CMakeFiles/cmTC_c66ec.dir/src.c.o  -o cmTC_c66ec 
/usr/bin/ld: CMakeFiles/cmTC_c66ec.dir/src.c.o: in function `main':
src.c:(.text+0x46): undefined reference to `pthread_create'
/usr/bin/ld: src.c:(.text+0x52): undefined reference to `pthread_detach'
/usr/bin/ld: src.c:(.text+0x63): undefined reference to `pthread_join'
collect2: error: ld returned 1 exit status
make[1]: *** [CMakeFiles/cmTC_c66ec.dir/build.make:87：cmTC_c66ec] 错误 1
make[1]: 离开目录“/home/rm/catkin_livox_ros_driver2/src/IST_2025_sentry/build/CMakeFiles/CMakeTmp”
make: *** [Makefile:121：cmTC_c66ec/fast] 错误 2


Source file was:
#include <pthread.h>

void* test_func(void* data)
{
  return data;
}

int main(void)
{
  pthread_t thread;
  pthread_create(&thread, NULL, test_func, NULL);
  pthread_detach(thread);
  pthread_join(thread, NULL);
  pthread_atfork(NULL, NULL, NULL);
  pthread_exit(NULL);

  return 0;
}

Determining if the function pthread_create exists in the pthreads failed with the following output:
Change Dir: /home/rm/catkin_livox_ros_driver2/src/IST_2025_sentry/build/CMakeFiles/CMakeTmp

Run Build Command(s):/usr/bin/make cmTC_e6290/fast && /usr/bin/make -f CMakeFiles/cmTC_e6290.dir/build.make CMakeFiles/cmTC_e6290.dir/build
make[1]: 进入目录“/home/rm/catkin_livox_ros_driver2/src/IST_2025_sentry/build/CMakeFiles/CMakeTmp”
Building C object CMakeFiles/cmTC_e6290.dir/CheckFunctionExists.c.o
/usr/bin/cc   -DCHECK_FUNCTION_EXISTS=pthread_create   -o CMakeFiles/cmTC_e6290.dir/CheckFunctionExists.c.o   -c /usr/share/cmake-3.16/Modules/CheckFunctionExists.c
Linking C executable cmTC_e6290
/usr/bin/cmake -E cmake_link_script CMakeFiles/cmTC_e6290.dir/link.txt --verbose=1
/usr/bin/cc  -DCHECK_FUNCTION_EXISTS=pthread_create    -rdynamic CMakeFiles/cmTC_e6290.dir/CheckFunctionExists.c.o  -o cmTC_e6290  -lpthreads 
/usr/bin/ld: 找不到 -lpthreads
collect2: error: ld returned 1 exit status
make[1]: *** [CMakeFiles/cmTC_e6290.dir/build.make:87：cmTC_e6290] 错误 1
make[1]: 离开目录“/home/rm/catkin_livox_ros_driver2/src/IST_2025_sentry/build/CMakeFiles/CMakeTmp”
make: *** [Makefile:121：cmTC_e6290/fast] 错误 2



Performing C SOURCE FILE Test CMAKE_HAVE_LIBC_PTHREAD failed with the following output:
Change Dir: /home/rm/catkin_livox_ros_driver2/src/IST_2025_sentry/build/CMakeFiles/CMakeTmp

Run Build Command(s):/usr/bin/make cmTC_100e3/fast && /usr/bin/make -f CMakeFiles/cmTC_100e3.dir/build.make CMakeFiles/cmTC_100e3.dir/build
make[1]: 进入目录“/home/rm/catkin_livox_ros_driver2/src/IST_2025_sentry/build/CMakeFiles/CMakeTmp”
Building C object CMakeFiles/cmTC_100e3.dir/src.c.o
/usr/bin/cc   -DCMAKE_HAVE_LIBC_PTHREAD   -o CMakeFiles/cmTC_100e3.dir/src.c.o   -c /home/rm/catkin_livox_ros_driver2/src/IST_2025_sentry/build/CMakeFiles/CMakeTmp/src.c
Linking C executable cmTC_100e3
/usr/bin/cmake -E cmake_link_script CMakeFiles/cmTC_100e3.dir/link.txt --verbose=1
/usr/bin/cc  -DCMAKE_HAVE_LIBC_PTHREAD    -rdynamic CMakeFiles/cmTC_100e3.dir/src.c.o  -o cmTC_100e3 
/usr/bin/ld: CMakeFiles/cmTC_100e3.dir/src.c.o: in function `main':
src.c:(.text+0x46): undefined reference to `pthread_create'
/usr/bin/ld: src.c:(.text+0x52): undefined reference to `pthread_detach'
/usr/bin/ld: src.c:(.text+0x63): undefined reference to `pthread_join'
collect2: error: ld returned 1 exit status
make[1]: *** [CMakeFiles/cmTC_100e3.dir/build.make:87：cmTC_100e3] 错误 1
make[1]: 离开目录“/home/rm/catkin_livox_ros_driver2/src/IST_2025_sentry/build/CMakeFiles/CMakeTmp”
make: *** [Makefile:121：cmTC_100e3/fast] 错误 2


Source file was:
#include <pthread.h>

void* test_func(void* data)
{
  return data;
}

int main(void)
{
  pthread_t thread;
  pthread_create(&thread, NULL, test_func, NULL);
  pthread_detach(thread);
  pthread_join(thread, NULL);
  pthread_atfork(NULL, NULL, NULL);
  pthread_exit(NULL);

  return 0;
}

Determining if the function pthread_create exists in the pthreads failed with the following output:
Change Dir: /home/rm/catkin_livox_ros_driver2/src/IST_2025_sentry/build/CMakeFiles/CMakeTmp

Run Build Command(s):/usr/bin/make cmTC_7a104/fast && /usr/bin/make -f CMakeFiles/cmTC_7a104.dir/build.make CMakeFiles/cmTC_7a104.dir/build
make[1]: 进入目录“/home/rm/catkin_livox_ros_driver2/src/IST_2025_sentry/build/CMakeFiles/CMakeTmp”
Building C object CMakeFiles/cmTC_7a104.dir/CheckFunctionExists.c.o
/usr/bin/cc   -DCHECK_FUNCTION_EXISTS=pthread_create   -o CMakeFiles/cmTC_7a104.dir/CheckFunctionExists.c.o   -c /usr/share/cmake-3.16/Modules/CheckFunctionExists.c
Linking C executable cmTC_7a104
/usr/bin/cmake -E cmake_link_script CMakeFiles/cmTC_7a104.dir/link.txt --verbose=1
/usr/bin/cc  -DCHECK_FUNCTION_EXISTS=pthread_create    -rdynamic CMakeFiles/cmTC_7a104.dir/CheckFunctionExists.c.o  -o cmTC_7a104  -lpthreads 
/usr/bin/ld: 找不到 -lpthreads
collect2: error: ld returned 1 exit status
make[1]: *** [CMakeFiles/cmTC_7a104.dir/build.make:87：cmTC_7a104] 错误 1
make[1]: 离开目录“/home/rm/catkin_livox_ros_driver2/src/IST_2025_sentry/build/CMakeFiles/CMakeTmp”
make: *** [Makefile:121：cmTC_7a104/fast] 错误 2



Performing C SOURCE FILE Test CMAKE_HAVE_LIBC_PTHREAD failed with the following output:
Change Dir: /home/rm/catkin_livox_ros_driver2/src/IST_2025_sentry/build/CMakeFiles/CMakeTmp

Run Build Command(s):/usr/bin/make cmTC_6dda4/fast && /usr/bin/make -f CMakeFiles/cmTC_6dda4.dir/build.make CMakeFiles/cmTC_6dda4.dir/build
make[1]: 进入目录“/home/rm/catkin_livox_ros_driver2/src/IST_2025_sentry/build/CMakeFiles/CMakeTmp”
Building C object CMakeFiles/cmTC_6dda4.dir/src.c.o
/usr/bin/cc   -DCMAKE_HAVE_LIBC_PTHREAD   -o CMakeFiles/cmTC_6dda4.dir/src.c.o   -c /home/rm/catkin_livox_ros_driver2/src/IST_2025_sentry/build/CMakeFiles/CMakeTmp/src.c
Linking C executable cmTC_6dda4
/usr/bin/cmake -E cmake_link_script CMakeFiles/cmTC_6dda4.dir/link.txt --verbose=1
/usr/bin/cc  -DCMAKE_HAVE_LIBC_PTHREAD    -rdynamic CMakeFiles/cmTC_6dda4.dir/src.c.o  -o cmTC_6dda4 
/usr/bin/ld: CMakeFiles/cmTC_6dda4.dir/src.c.o: in function `main':
src.c:(.text+0x46): undefined reference to `pthread_create'
/usr/bin/ld: src.c:(.text+0x52): undefined reference to `pthread_detach'
/usr/bin/ld: src.c:(.text+0x63): undefined reference to `pthread_join'
collect2: error: ld returned 1 exit status
make[1]: *** [CMakeFiles/cmTC_6dda4.dir/build.make:87：cmTC_6dda4] 错误 1
make[1]: 离开目录“/home/rm/catkin_livox_ros_driver2/src/IST_2025_sentry/build/CMakeFiles/CMakeTmp”
make: *** [Makefile:121：cmTC_6dda4/fast] 错误 2


Source file was:
#include <pthread.h>

void* test_func(void* data)
{
  return data;
}

int main(void)
{
  pthread_t thread;
  pthread_create(&thread, NULL, test_func, NULL);
  pthread_detach(thread);
  pthread_join(thread, NULL);
  pthread_atfork(NULL, NULL, NULL);
  pthread_exit(NULL);

  return 0;
}

Determining if the function pthread_create exists in the pthreads failed with the following output:
Change Dir: /home/rm/catkin_livox_ros_driver2/src/IST_2025_sentry/build/CMakeFiles/CMakeTmp

Run Build Command(s):/usr/bin/make cmTC_7c184/fast && /usr/bin/make -f CMakeFiles/cmTC_7c184.dir/build.make CMakeFiles/cmTC_7c184.dir/build
make[1]: 进入目录“/home/rm/catkin_livox_ros_driver2/src/IST_2025_sentry/build/CMakeFiles/CMakeTmp”
Building C object CMakeFiles/cmTC_7c184.dir/CheckFunctionExists.c.o
/usr/bin/cc   -DCHECK_FUNCTION_EXISTS=pthread_create   -o CMakeFiles/cmTC_7c184.dir/CheckFunctionExists.c.o   -c /usr/share/cmake-3.16/Modules/CheckFunctionExists.c
Linking C executable cmTC_7c184
/usr/bin/cmake -E cmake_link_script CMakeFiles/cmTC_7c184.dir/link.txt --verbose=1
/usr/bin/cc  -DCHECK_FUNCTION_EXISTS=pthread_create    -rdynamic CMakeFiles/cmTC_7c184.dir/CheckFunctionExists.c.o  -o cmTC_7c184  -lpthreads 
/usr/bin/ld: 找不到 -lpthreads
collect2: error: ld returned 1 exit status
make[1]: *** [CMakeFiles/cmTC_7c184.dir/build.make:87：cmTC_7c184] 错误 1
make[1]: 离开目录“/home/rm/catkin_livox_ros_driver2/src/IST_2025_sentry/build/CMakeFiles/CMakeTmp”
make: *** [Makefile:121：cmTC_7c184/fast] 错误 2



Performing C SOURCE FILE Test CMAKE_HAVE_LIBC_PTHREAD failed with the following output:
Change Dir: /home/rm/catkin_livox_ros_driver2/src/IST_2025_sentry/build/CMakeFiles/CMakeTmp

Run Build Command(s):/usr/bin/make cmTC_8785f/fast && /usr/bin/make -f CMakeFiles/cmTC_8785f.dir/build.make CMakeFiles/cmTC_8785f.dir/build
make[1]: 进入目录“/home/rm/catkin_livox_ros_driver2/src/IST_2025_sentry/build/CMakeFiles/CMakeTmp”
Building C object CMakeFiles/cmTC_8785f.dir/src.c.o
/usr/bin/cc   -DCMAKE_HAVE_LIBC_PTHREAD   -o CMakeFiles/cmTC_8785f.dir/src.c.o   -c /home/rm/catkin_livox_ros_driver2/src/IST_2025_sentry/build/CMakeFiles/CMakeTmp/src.c
Linking C executable cmTC_8785f
/usr/bin/cmake -E cmake_link_script CMakeFiles/cmTC_8785f.dir/link.txt --verbose=1
/usr/bin/cc  -DCMAKE_HAVE_LIBC_PTHREAD    -rdynamic CMakeFiles/cmTC_8785f.dir/src.c.o  -o cmTC_8785f 
/usr/bin/ld: CMakeFiles/cmTC_8785f.dir/src.c.o: in function `main':
src.c:(.text+0x46): undefined reference to `pthread_create'
/usr/bin/ld: src.c:(.text+0x52): undefined reference to `pthread_detach'
/usr/bin/ld: src.c:(.text+0x63): undefined reference to `pthread_join'
collect2: error: ld returned 1 exit status
make[1]: *** [CMakeFiles/cmTC_8785f.dir/build.make:87：cmTC_8785f] 错误 1
make[1]: 离开目录“/home/rm/catkin_livox_ros_driver2/src/IST_2025_sentry/build/CMakeFiles/CMakeTmp”
make: *** [Makefile:121：cmTC_8785f/fast] 错误 2


Source file was:
#include <pthread.h>

void* test_func(void* data)
{
  return data;
}

int main(void)
{
  pthread_t thread;
  pthread_create(&thread, NULL, test_func, NULL);
  pthread_detach(thread);
  pthread_join(thread, NULL);
  pthread_atfork(NULL, NULL, NULL);
  pthread_exit(NULL);

  return 0;
}

Determining if the function pthread_create exists in the pthreads failed with the following output:
Change Dir: /home/rm/catkin_livox_ros_driver2/src/IST_2025_sentry/build/CMakeFiles/CMakeTmp

Run Build Command(s):/usr/bin/make cmTC_36060/fast && /usr/bin/make -f CMakeFiles/cmTC_36060.dir/build.make CMakeFiles/cmTC_36060.dir/build
make[1]: 进入目录“/home/rm/catkin_livox_ros_driver2/src/IST_2025_sentry/build/CMakeFiles/CMakeTmp”
Building C object CMakeFiles/cmTC_36060.dir/CheckFunctionExists.c.o
/usr/bin/cc   -DCHECK_FUNCTION_EXISTS=pthread_create   -o CMakeFiles/cmTC_36060.dir/CheckFunctionExists.c.o   -c /usr/share/cmake-3.16/Modules/CheckFunctionExists.c
Linking C executable cmTC_36060
/usr/bin/cmake -E cmake_link_script CMakeFiles/cmTC_36060.dir/link.txt --verbose=1
/usr/bin/cc  -DCHECK_FUNCTION_EXISTS=pthread_create    -rdynamic CMakeFiles/cmTC_36060.dir/CheckFunctionExists.c.o  -o cmTC_36060  -lpthreads 
/usr/bin/ld: 找不到 -lpthreads
collect2: error: ld returned 1 exit status
make[1]: *** [CMakeFiles/cmTC_36060.dir/build.make:87：cmTC_36060] 错误 1
make[1]: 离开目录“/home/rm/catkin_livox_ros_driver2/src/IST_2025_sentry/build/CMakeFiles/CMakeTmp”
make: *** [Makefile:121：cmTC_36060/fast] 错误 2



Performing C SOURCE FILE Test CMAKE_HAVE_LIBC_PTHREAD failed with the following output:
Change Dir: /home/rm/catkin_livox_ros_driver2/src/IST_2025_sentry/build/CMakeFiles/CMakeTmp

Run Build Command(s):/usr/bin/make cmTC_4813e/fast && /usr/bin/make -f CMakeFiles/cmTC_4813e.dir/build.make CMakeFiles/cmTC_4813e.dir/build
make[1]: 进入目录“/home/rm/catkin_livox_ros_driver2/src/IST_2025_sentry/build/CMakeFiles/CMakeTmp”
Building C object CMakeFiles/cmTC_4813e.dir/src.c.o
/usr/bin/cc   -DCMAKE_HAVE_LIBC_PTHREAD   -o CMakeFiles/cmTC_4813e.dir/src.c.o   -c /home/rm/catkin_livox_ros_driver2/src/IST_2025_sentry/build/CMakeFiles/CMakeTmp/src.c
Linking C executable cmTC_4813e
/usr/bin/cmake -E cmake_link_script CMakeFiles/cmTC_4813e.dir/link.txt --verbose=1
/usr/bin/cc  -DCMAKE_HAVE_LIBC_PTHREAD    -rdynamic CMakeFiles/cmTC_4813e.dir/src.c.o  -o cmTC_4813e 
/usr/bin/ld: CMakeFiles/cmTC_4813e.dir/src.c.o: in function `main':
src.c:(.text+0x46): undefined reference to `pthread_create'
/usr/bin/ld: src.c:(.text+0x52): undefined reference to `pthread_detach'
/usr/bin/ld: src.c:(.text+0x63): undefined reference to `pthread_join'
collect2: error: ld returned 1 exit status
make[1]: *** [CMakeFiles/cmTC_4813e.dir/build.make:87：cmTC_4813e] 错误 1
make[1]: 离开目录“/home/rm/catkin_livox_ros_driver2/src/IST_2025_sentry/build/CMakeFiles/CMakeTmp”
make: *** [Makefile:121：cmTC_4813e/fast] 错误 2


Source file was:
#include <pthread.h>

void* test_func(void* data)
{
  return data;
}

int main(void)
{
  pthread_t thread;
  pthread_create(&thread, NULL, test_func, NULL);
  pthread_detach(thread);
  pthread_join(thread, NULL);
  pthread_atfork(NULL, NULL, NULL);
  pthread_exit(NULL);

  return 0;
}

Determining if the function pthread_create exists in the pthreads failed with the following output:
Change Dir: /home/rm/catkin_livox_ros_driver2/src/IST_2025_sentry/build/CMakeFiles/CMakeTmp

Run Build Command(s):/usr/bin/make cmTC_188aa/fast && /usr/bin/make -f CMakeFiles/cmTC_188aa.dir/build.make CMakeFiles/cmTC_188aa.dir/build
make[1]: 进入目录“/home/rm/catkin_livox_ros_driver2/src/IST_2025_sentry/build/CMakeFiles/CMakeTmp”
Building C object CMakeFiles/cmTC_188aa.dir/CheckFunctionExists.c.o
/usr/bin/cc   -DCHECK_FUNCTION_EXISTS=pthread_create   -o CMakeFiles/cmTC_188aa.dir/CheckFunctionExists.c.o   -c /usr/share/cmake-3.16/Modules/CheckFunctionExists.c
Linking C executable cmTC_188aa
/usr/bin/cmake -E cmake_link_script CMakeFiles/cmTC_188aa.dir/link.txt --verbose=1
/usr/bin/cc  -DCHECK_FUNCTION_EXISTS=pthread_create    -rdynamic CMakeFiles/cmTC_188aa.dir/CheckFunctionExists.c.o  -o cmTC_188aa  -lpthreads 
/usr/bin/ld: 找不到 -lpthreads
collect2: error: ld returned 1 exit status
make[1]: *** [CMakeFiles/cmTC_188aa.dir/build.make:87：cmTC_188aa] 错误 1
make[1]: 离开目录“/home/rm/catkin_livox_ros_driver2/src/IST_2025_sentry/build/CMakeFiles/CMakeTmp”
make: *** [Makefile:121：cmTC_188aa/fast] 错误 2



Performing C SOURCE FILE Test CMAKE_HAVE_LIBC_PTHREAD failed with the following output:
Change Dir: /home/rm/catkin_livox_ros_driver2/src/IST_2025_sentry/build/CMakeFiles/CMakeTmp

Run Build Command(s):/usr/bin/make cmTC_39c87/fast && /usr/bin/make -f CMakeFiles/cmTC_39c87.dir/build.make CMakeFiles/cmTC_39c87.dir/build
make[1]: 进入目录“/home/rm/catkin_livox_ros_driver2/src/IST_2025_sentry/build/CMakeFiles/CMakeTmp”
Building C object CMakeFiles/cmTC_39c87.dir/src.c.o
/usr/bin/cc   -DCMAKE_HAVE_LIBC_PTHREAD   -o CMakeFiles/cmTC_39c87.dir/src.c.o   -c /home/rm/catkin_livox_ros_driver2/src/IST_2025_sentry/build/CMakeFiles/CMakeTmp/src.c
Linking C executable cmTC_39c87
/usr/bin/cmake -E cmake_link_script CMakeFiles/cmTC_39c87.dir/link.txt --verbose=1
/usr/bin/cc  -DCMAKE_HAVE_LIBC_PTHREAD    -rdynamic CMakeFiles/cmTC_39c87.dir/src.c.o  -o cmTC_39c87 
/usr/bin/ld: CMakeFiles/cmTC_39c87.dir/src.c.o: in function `main':
src.c:(.text+0x46): undefined reference to `pthread_create'
/usr/bin/ld: src.c:(.text+0x52): undefined reference to `pthread_detach'
/usr/bin/ld: src.c:(.text+0x63): undefined reference to `pthread_join'
collect2: error: ld returned 1 exit status
make[1]: *** [CMakeFiles/cmTC_39c87.dir/build.make:87：cmTC_39c87] 错误 1
make[1]: 离开目录“/home/rm/catkin_livox_ros_driver2/src/IST_2025_sentry/build/CMakeFiles/CMakeTmp”
make: *** [Makefile:121：cmTC_39c87/fast] 错误 2


Source file was:
#include <pthread.h>

void* test_func(void* data)
{
  return data;
}

int main(void)
{
  pthread_t thread;
  pthread_create(&thread, NULL, test_func, NULL);
  pthread_detach(thread);
  pthread_join(thread, NULL);
  pthread_atfork(NULL, NULL, NULL);
  pthread_exit(NULL);

  return 0;
}

Determining if the function pthread_create exists in the pthreads failed with the following output:
Change Dir: /home/rm/catkin_livox_ros_driver2/src/IST_2025_sentry/build/CMakeFiles/CMakeTmp

Run Build Command(s):/usr/bin/make cmTC_1c88d/fast && /usr/bin/make -f CMakeFiles/cmTC_1c88d.dir/build.make CMakeFiles/cmTC_1c88d.dir/build
make[1]: 进入目录“/home/rm/catkin_livox_ros_driver2/src/IST_2025_sentry/build/CMakeFiles/CMakeTmp”
Building C object CMakeFiles/cmTC_1c88d.dir/CheckFunctionExists.c.o
/usr/bin/cc   -DCHECK_FUNCTION_EXISTS=pthread_create   -o CMakeFiles/cmTC_1c88d.dir/CheckFunctionExists.c.o   -c /usr/share/cmake-3.16/Modules/CheckFunctionExists.c
Linking C executable cmTC_1c88d
/usr/bin/cmake -E cmake_link_script CMakeFiles/cmTC_1c88d.dir/link.txt --verbose=1
/usr/bin/cc  -DCHECK_FUNCTION_EXISTS=pthread_create    -rdynamic CMakeFiles/cmTC_1c88d.dir/CheckFunctionExists.c.o  -o cmTC_1c88d  -lpthreads 
/usr/bin/ld: 找不到 -lpthreads
collect2: error: ld returned 1 exit status
make[1]: *** [CMakeFiles/cmTC_1c88d.dir/build.make:87：cmTC_1c88d] 错误 1
make[1]: 离开目录“/home/rm/catkin_livox_ros_driver2/src/IST_2025_sentry/build/CMakeFiles/CMakeTmp”
make: *** [Makefile:121：cmTC_1c88d/fast] 错误 2



Performing C SOURCE FILE Test CMAKE_HAVE_LIBC_PTHREAD failed with the following output:
Change Dir: /home/rm/catkin_livox_ros_driver2/src/IST_2025_sentry/build/CMakeFiles/CMakeTmp

Run Build Command(s):/usr/bin/make cmTC_0e870/fast && /usr/bin/make -f CMakeFiles/cmTC_0e870.dir/build.make CMakeFiles/cmTC_0e870.dir/build
make[1]: 进入目录“/home/rm/catkin_livox_ros_driver2/src/IST_2025_sentry/build/CMakeFiles/CMakeTmp”
Building C object CMakeFiles/cmTC_0e870.dir/src.c.o
/usr/bin/cc   -DCMAKE_HAVE_LIBC_PTHREAD   -o CMakeFiles/cmTC_0e870.dir/src.c.o   -c /home/rm/catkin_livox_ros_driver2/src/IST_2025_sentry/build/CMakeFiles/CMakeTmp/src.c
Linking C executable cmTC_0e870
/usr/bin/cmake -E cmake_link_script CMakeFiles/cmTC_0e870.dir/link.txt --verbose=1
/usr/bin/cc  -DCMAKE_HAVE_LIBC_PTHREAD    -rdynamic CMakeFiles/cmTC_0e870.dir/src.c.o  -o cmTC_0e870 
/usr/bin/ld: CMakeFiles/cmTC_0e870.dir/src.c.o: in function `main':
src.c:(.text+0x46): undefined reference to `pthread_create'
/usr/bin/ld: src.c:(.text+0x52): undefined reference to `pthread_detach'
/usr/bin/ld: src.c:(.text+0x63): undefined reference to `pthread_join'
collect2: error: ld returned 1 exit status
make[1]: *** [CMakeFiles/cmTC_0e870.dir/build.make:87：cmTC_0e870] 错误 1
make[1]: 离开目录“/home/rm/catkin_livox_ros_driver2/src/IST_2025_sentry/build/CMakeFiles/CMakeTmp”
make: *** [Makefile:121：cmTC_0e870/fast] 错误 2


Source file was:
#include <pthread.h>

void* test_func(void* data)
{
  return data;
}

int main(void)
{
  pthread_t thread;
  pthread_create(&thread, NULL, test_func, NULL);
  pthread_detach(thread);
  pthread_join(thread, NULL);
  pthread_atfork(NULL, NULL, NULL);
  pthread_exit(NULL);

  return 0;
}

Determining if the function pthread_create exists in the pthreads failed with the following output:
Change Dir: /home/rm/catkin_livox_ros_driver2/src/IST_2025_sentry/build/CMakeFiles/CMakeTmp

Run Build Command(s):/usr/bin/make cmTC_06fd8/fast && /usr/bin/make -f CMakeFiles/cmTC_06fd8.dir/build.make CMakeFiles/cmTC_06fd8.dir/build
make[1]: 进入目录“/home/rm/catkin_livox_ros_driver2/src/IST_2025_sentry/build/CMakeFiles/CMakeTmp”
Building C object CMakeFiles/cmTC_06fd8.dir/CheckFunctionExists.c.o
/usr/bin/cc   -DCHECK_FUNCTION_EXISTS=pthread_create   -o CMakeFiles/cmTC_06fd8.dir/CheckFunctionExists.c.o   -c /usr/share/cmake-3.16/Modules/CheckFunctionExists.c
Linking C executable cmTC_06fd8
/usr/bin/cmake -E cmake_link_script CMakeFiles/cmTC_06fd8.dir/link.txt --verbose=1
/usr/bin/cc  -DCHECK_FUNCTION_EXISTS=pthread_create    -rdynamic CMakeFiles/cmTC_06fd8.dir/CheckFunctionExists.c.o  -o cmTC_06fd8  -lpthreads 
/usr/bin/ld: 找不到 -lpthreads
collect2: error: ld returned 1 exit status
make[1]: *** [CMakeFiles/cmTC_06fd8.dir/build.make:87：cmTC_06fd8] 错误 1
make[1]: 离开目录“/home/rm/catkin_livox_ros_driver2/src/IST_2025_sentry/build/CMakeFiles/CMakeTmp”
make: *** [Makefile:121：cmTC_06fd8/fast] 错误 2



Performing C SOURCE FILE Test CMAKE_HAVE_LIBC_PTHREAD failed with the following output:
Change Dir: /home/rm/catkin_livox_ros_driver2/src/IST_2025_sentry/build/CMakeFiles/CMakeTmp

Run Build Command(s):/usr/bin/make cmTC_c982d/fast && /usr/bin/make -f CMakeFiles/cmTC_c982d.dir/build.make CMakeFiles/cmTC_c982d.dir/build
make[1]: 进入目录“/home/rm/catkin_livox_ros_driver2/src/IST_2025_sentry/build/CMakeFiles/CMakeTmp”
Building C object CMakeFiles/cmTC_c982d.dir/src.c.o
/usr/bin/cc   -DCMAKE_HAVE_LIBC_PTHREAD   -o CMakeFiles/cmTC_c982d.dir/src.c.o   -c /home/rm/catkin_livox_ros_driver2/src/IST_2025_sentry/build/CMakeFiles/CMakeTmp/src.c
Linking C executable cmTC_c982d
/usr/bin/cmake -E cmake_link_script CMakeFiles/cmTC_c982d.dir/link.txt --verbose=1
/usr/bin/cc  -DCMAKE_HAVE_LIBC_PTHREAD    -rdynamic CMakeFiles/cmTC_c982d.dir/src.c.o  -o cmTC_c982d 
/usr/bin/ld: CMakeFiles/cmTC_c982d.dir/src.c.o: in function `main':
src.c:(.text+0x46): undefined reference to `pthread_create'
/usr/bin/ld: src.c:(.text+0x52): undefined reference to `pthread_detach'
/usr/bin/ld: src.c:(.text+0x63): undefined reference to `pthread_join'
collect2: error: ld returned 1 exit status
make[1]: *** [CMakeFiles/cmTC_c982d.dir/build.make:87：cmTC_c982d] 错误 1
make[1]: 离开目录“/home/rm/catkin_livox_ros_driver2/src/IST_2025_sentry/build/CMakeFiles/CMakeTmp”
make: *** [Makefile:121：cmTC_c982d/fast] 错误 2


Source file was:
#include <pthread.h>

void* test_func(void* data)
{
  return data;
}

int main(void)
{
  pthread_t thread;
  pthread_create(&thread, NULL, test_func, NULL);
  pthread_detach(thread);
  pthread_join(thread, NULL);
  pthread_atfork(NULL, NULL, NULL);
  pthread_exit(NULL);

  return 0;
}

Determining if the function pthread_create exists in the pthreads failed with the following output:
Change Dir: /home/rm/catkin_livox_ros_driver2/src/IST_2025_sentry/build/CMakeFiles/CMakeTmp

Run Build Command(s):/usr/bin/make cmTC_96c36/fast && /usr/bin/make -f CMakeFiles/cmTC_96c36.dir/build.make CMakeFiles/cmTC_96c36.dir/build
make[1]: 进入目录“/home/rm/catkin_livox_ros_driver2/src/IST_2025_sentry/build/CMakeFiles/CMakeTmp”
Building C object CMakeFiles/cmTC_96c36.dir/CheckFunctionExists.c.o
/usr/bin/cc   -DCHECK_FUNCTION_EXISTS=pthread_create   -o CMakeFiles/cmTC_96c36.dir/CheckFunctionExists.c.o   -c /usr/share/cmake-3.16/Modules/CheckFunctionExists.c
Linking C executable cmTC_96c36
/usr/bin/cmake -E cmake_link_script CMakeFiles/cmTC_96c36.dir/link.txt --verbose=1
/usr/bin/cc  -DCHECK_FUNCTION_EXISTS=pthread_create    -rdynamic CMakeFiles/cmTC_96c36.dir/CheckFunctionExists.c.o  -o cmTC_96c36  -lpthreads 
/usr/bin/ld: 找不到 -lpthreads
collect2: error: ld returned 1 exit status
make[1]: *** [CMakeFiles/cmTC_96c36.dir/build.make:87：cmTC_96c36] 错误 1
make[1]: 离开目录“/home/rm/catkin_livox_ros_driver2/src/IST_2025_sentry/build/CMakeFiles/CMakeTmp”
make: *** [Makefile:121：cmTC_96c36/fast] 错误 2



Performing C SOURCE FILE Test CMAKE_HAVE_LIBC_PTHREAD failed with the following output:
Change Dir: /home/rm/catkin_livox_ros_driver2/src/IST_2025_sentry/build/CMakeFiles/CMakeTmp

Run Build Command(s):/usr/bin/make cmTC_c759a/fast && /usr/bin/make -f CMakeFiles/cmTC_c759a.dir/build.make CMakeFiles/cmTC_c759a.dir/build
make[1]: 进入目录“/home/rm/catkin_livox_ros_driver2/src/IST_2025_sentry/build/CMakeFiles/CMakeTmp”
Building C object CMakeFiles/cmTC_c759a.dir/src.c.o
/usr/bin/cc   -DCMAKE_HAVE_LIBC_PTHREAD   -o CMakeFiles/cmTC_c759a.dir/src.c.o   -c /home/rm/catkin_livox_ros_driver2/src/IST_2025_sentry/build/CMakeFiles/CMakeTmp/src.c
Linking C executable cmTC_c759a
/usr/bin/cmake -E cmake_link_script CMakeFiles/cmTC_c759a.dir/link.txt --verbose=1
/usr/bin/cc  -DCMAKE_HAVE_LIBC_PTHREAD    -rdynamic CMakeFiles/cmTC_c759a.dir/src.c.o  -o cmTC_c759a 
/usr/bin/ld: CMakeFiles/cmTC_c759a.dir/src.c.o: in function `main':
src.c:(.text+0x46): undefined reference to `pthread_create'
/usr/bin/ld: src.c:(.text+0x52): undefined reference to `pthread_detach'
/usr/bin/ld: src.c:(.text+0x63): undefined reference to `pthread_join'
collect2: error: ld returned 1 exit status
make[1]: *** [CMakeFiles/cmTC_c759a.dir/build.make:87：cmTC_c759a] 错误 1
make[1]: 离开目录“/home/rm/catkin_livox_ros_driver2/src/IST_2025_sentry/build/CMakeFiles/CMakeTmp”
make: *** [Makefile:121：cmTC_c759a/fast] 错误 2


Source file was:
#include <pthread.h>

void* test_func(void* data)
{
  return data;
}

int main(void)
{
  pthread_t thread;
  pthread_create(&thread, NULL, test_func, NULL);
  pthread_detach(thread);
  pthread_join(thread, NULL);
  pthread_atfork(NULL, NULL, NULL);
  pthread_exit(NULL);

  return 0;
}

Determining if the function pthread_create exists in the pthreads failed with the following output:
Change Dir: /home/rm/catkin_livox_ros_driver2/src/IST_2025_sentry/build/CMakeFiles/CMakeTmp

Run Build Command(s):/usr/bin/make cmTC_7afff/fast && /usr/bin/make -f CMakeFiles/cmTC_7afff.dir/build.make CMakeFiles/cmTC_7afff.dir/build
make[1]: 进入目录“/home/rm/catkin_livox_ros_driver2/src/IST_2025_sentry/build/CMakeFiles/CMakeTmp”
Building C object CMakeFiles/cmTC_7afff.dir/CheckFunctionExists.c.o
/usr/bin/cc   -DCHECK_FUNCTION_EXISTS=pthread_create   -o CMakeFiles/cmTC_7afff.dir/CheckFunctionExists.c.o   -c /usr/share/cmake-3.16/Modules/CheckFunctionExists.c
Linking C executable cmTC_7afff
/usr/bin/cmake -E cmake_link_script CMakeFiles/cmTC_7afff.dir/link.txt --verbose=1
/usr/bin/cc  -DCHECK_FUNCTION_EXISTS=pthread_create    -rdynamic CMakeFiles/cmTC_7afff.dir/CheckFunctionExists.c.o  -o cmTC_7afff  -lpthreads 
/usr/bin/ld: 找不到 -lpthreads
collect2: error: ld returned 1 exit status
make[1]: *** [CMakeFiles/cmTC_7afff.dir/build.make:87：cmTC_7afff] 错误 1
make[1]: 离开目录“/home/rm/catkin_livox_ros_driver2/src/IST_2025_sentry/build/CMakeFiles/CMakeTmp”
make: *** [Makefile:121：cmTC_7afff/fast] 错误 2



Performing C SOURCE FILE Test CMAKE_HAVE_LIBC_PTHREAD failed with the following output:
Change Dir: /home/rm/catkin_livox_ros_driver2/src/IST_2025_sentry/build/CMakeFiles/CMakeTmp

Run Build Command(s):/usr/bin/make cmTC_780cc/fast && /usr/bin/make -f CMakeFiles/cmTC_780cc.dir/build.make CMakeFiles/cmTC_780cc.dir/build
make[1]: 进入目录“/home/rm/catkin_livox_ros_driver2/src/IST_2025_sentry/build/CMakeFiles/CMakeTmp”
Building C object CMakeFiles/cmTC_780cc.dir/src.c.o
/usr/bin/cc   -DCMAKE_HAVE_LIBC_PTHREAD   -o CMakeFiles/cmTC_780cc.dir/src.c.o   -c /home/rm/catkin_livox_ros_driver2/src/IST_2025_sentry/build/CMakeFiles/CMakeTmp/src.c
Linking C executable cmTC_780cc
/usr/bin/cmake -E cmake_link_script CMakeFiles/cmTC_780cc.dir/link.txt --verbose=1
/usr/bin/cc  -DCMAKE_HAVE_LIBC_PTHREAD    -rdynamic CMakeFiles/cmTC_780cc.dir/src.c.o  -o cmTC_780cc 
/usr/bin/ld: CMakeFiles/cmTC_780cc.dir/src.c.o: in function `main':
src.c:(.text+0x46): undefined reference to `pthread_create'
/usr/bin/ld: src.c:(.text+0x52): undefined reference to `pthread_detach'
/usr/bin/ld: src.c:(.text+0x63): undefined reference to `pthread_join'
collect2: error: ld returned 1 exit status
make[1]: *** [CMakeFiles/cmTC_780cc.dir/build.make:87：cmTC_780cc] 错误 1
make[1]: 离开目录“/home/rm/catkin_livox_ros_driver2/src/IST_2025_sentry/build/CMakeFiles/CMakeTmp”
make: *** [Makefile:121：cmTC_780cc/fast] 错误 2


Source file was:
#include <pthread.h>

void* test_func(void* data)
{
  return data;
}

int main(void)
{
  pthread_t thread;
  pthread_create(&thread, NULL, test_func, NULL);
  pthread_detach(thread);
  pthread_join(thread, NULL);
  pthread_atfork(NULL, NULL, NULL);
  pthread_exit(NULL);

  return 0;
}

Determining if the function pthread_create exists in the pthreads failed with the following output:
Change Dir: /home/rm/catkin_livox_ros_driver2/src/IST_2025_sentry/build/CMakeFiles/CMakeTmp

Run Build Command(s):/usr/bin/make cmTC_884c7/fast && /usr/bin/make -f CMakeFiles/cmTC_884c7.dir/build.make CMakeFiles/cmTC_884c7.dir/build
make[1]: 进入目录“/home/rm/catkin_livox_ros_driver2/src/IST_2025_sentry/build/CMakeFiles/CMakeTmp”
Building C object CMakeFiles/cmTC_884c7.dir/CheckFunctionExists.c.o
/usr/bin/cc   -DCHECK_FUNCTION_EXISTS=pthread_create   -o CMakeFiles/cmTC_884c7.dir/CheckFunctionExists.c.o   -c /usr/share/cmake-3.16/Modules/CheckFunctionExists.c
Linking C executable cmTC_884c7
/usr/bin/cmake -E cmake_link_script CMakeFiles/cmTC_884c7.dir/link.txt --verbose=1
/usr/bin/cc  -DCHECK_FUNCTION_EXISTS=pthread_create    -rdynamic CMakeFiles/cmTC_884c7.dir/CheckFunctionExists.c.o  -o cmTC_884c7  -lpthreads 
/usr/bin/ld: 找不到 -lpthreads
collect2: error: ld returned 1 exit status
make[1]: *** [CMakeFiles/cmTC_884c7.dir/build.make:87：cmTC_884c7] 错误 1
make[1]: 离开目录“/home/rm/catkin_livox_ros_driver2/src/IST_2025_sentry/build/CMakeFiles/CMakeTmp”
make: *** [Makefile:121：cmTC_884c7/fast] 错误 2



